Workbook

Sheet DASHBOARD

Sheet STUDY AREA 1
A2: STUDY AREA 1, BLOCK 1
R3: Power Factor | S3: kVA | U3: TRANSFORMER SIZE
A4: LOAD | B4: NO. OF ESTABLISHMENTS | C4: ESTIMATED AVERAGE AMPACITY | D4: NUMBER OF PHASE | E4: VOLTAGE | F4: POWER (kW) | H4: SIMULTANEOUS MAXIMUM DEMAND | I4: = | J4: =TRUNC(SUMIF(A4:A8,"Residential Load",F4:F8),3)&"(0.6)" -> 448.5(0.6) | K4: + | L4: =TRUNC(SUMIF(A4:A8,"Commercial Load",F4:F8),3)&"(0.7)" -> 179.4(0.7) | M4: + | N4: =TRUNC(SUMIF(A4:A8,"Industrial Load",F4:F8),3)&"(0.65)" -> 0(0.65) | O4: ="=" -> = | P4: =((SUMIF(A4:A8,"Residential Load",F4:F8)*MID(J4,LEN(J4)-3,3))/J5)+((SUMIF(A4:A8,"Commercial Load",F4:F8)*MID(L4,LEN(L4)-3,3))/L5)+((SUMIF(A4:A8,"Industrial Load",F4:F8)*MID(N4,LEN(N4)-3,3))/N5) -> 220.5637 | Q4: kW | R4: 0.9 | S4: =P4/R4 -> 245.07078 | U4: USE 1 - 300 kVA TRANSFORMER | Y4: =MID(U4,9,SEARCH("T",U4,1)-14)*1 -> 300
A5: Residential Load | B5: 130 | C5: 15 | D5: 1 | E5: 230 | F5: =Table1[[#This Row],[NO. OF ESTABLISHMENTS]]*Table1[[#This Row],[ESTIMATED AVERAGE AMPACITY]]*Table1[[#This Row],[VOLTAGE]]/1000 -> 448.5 | J5: 2 | L5: 1.46 | N5: 0.86 | AA5: LOAD
A6: Commercial Load | B6: 12 | C6: 65 | D6: 1 | E6: 230 | F6: =Table1[[#This Row],[NO. OF ESTABLISHMENTS]]*Table1[[#This Row],[ESTIMATED AVERAGE AMPACITY]]*Table1[[#This Row],[VOLTAGE]]/1000 -> 179.4 | AA6: Residential Load | AC6: =SUMIF($A$4:$F$145,AA6,$F$4:$F$145) -> 9142.5
A7: Industrial Load | B7: 0 | C7: 0 | D7: 0 | E7: 0 | F7: =Table1[[#This Row],[NO. OF ESTABLISHMENTS]]*Table1[[#This Row],[ESTIMATED AVERAGE AMPACITY]]*Table1[[#This Row],[VOLTAGE]]/1000 -> 0 | P7: =IF((COUNTIF(A4:A8,"Commercial Load (Bulk)")>0),(LOOKUP("Commercial Load (Bulk)",A4:A8,F4:F8)*MID(J7,LEN(J7)-3,3))/J8,IF(COUNTIF(A4:A8,"Industrial Load (Bulk)")>0,(LOOKUP("Industrial Load (Bulk)",A4:A8,F4:F8)*MID(J7,LEN(J7)-3,3))/J8,"")) | S7: =IF(ISBLANK(R7),"",P7/R7) | AA7: Commercial Load | AC7: =SUMIF($A$4:$F$145,AA7,$F$4:$F$145) -> 6814.9
AA8: Industrial Load | AC8: =SUMIF($A$4:$F$145,AA8,$F$4:$F$145) -> 0
A10: STUDY AREA 1, BLOCK 2
R11: Power Factor | S11: kVA
A12: LOAD | B12: NO. OF ESTABLISHMENTS | C12: ESTIMATED AVERAGE AMPACITY | D12: NUMBER OF PHASE | E12: VOLTAGE | F12: POWER (kW) | H12: SIMULTANEOUS MAXIMUM DEMAND | I12: = | J12: =TRUNC(SUMIF(A12:A16,"Residential Load",F12:F16),3)&"(0.6)" -> 552(0.6) | K12: + | L12: =TRUNC(SUMIF(A12:A16,"Commercial Load",F12:F16),3)&"(0.7)" -> 299(0.7) | M12: + | N12: =TRUNC(SUMIF(A12:A16,"Industrial Load",F12:F16),3)&"(0.65)" -> 0(0.65) | O12: ="=" -> = | P12: =((SUMIF(A12:A16,"Residential Load",F12:F16)*MID(J12,LEN(J12)-3,3))/J13)+((SUMIF(A12:A16,"Commercial Load",F12:F16)*MID(L12,LEN(L12)-3,3))/L13)+((SUMIF(A12:A16,"Industrial Load",F12:F16)*MID(N12,LEN(N12)-3,3))/N13) -> 308.95616 | Q12: kW | R12: 0.9 | S12: =P12/R12 -> 343.28463 | U12: USE 1 - 450 kVA TRANSFORMER | Y12: =MID(U12,9,SEARCH("T",U12,1)-14)*1 -> 450
A13: Residential Load | B13: 120 | C13: 20 | D13: 1 | E13: 230 | F13: =Table15[[#This Row],[NO. OF ESTABLISHMENTS]]*Table15[[#This Row],[ESTIMATED AVERAGE AMPACITY]]*Table15[[#This Row],[VOLTAGE]]/1000 -> 552 | J13: 2 | L13: 1.46 | N13: 0.86
A14: Commercial Load | B14: 20 | C14: 65 | D14: 1 | E14: 230 | F14: =Table15[[#This Row],[NO. OF ESTABLISHMENTS]]*Table15[[#This Row],[ESTIMATED AVERAGE AMPACITY]]*Table15[[#This Row],[VOLTAGE]]/1000 -> 299
A15: Industrial Load | B15: 0 | C15: 0 | D15: 0 | E15: 0 | F15: =Table15[[#This Row],[NO. OF ESTABLISHMENTS]]*Table15[[#This Row],[ESTIMATED AVERAGE AMPACITY]]*Table15[[#This Row],[VOLTAGE]]/1000 -> 0 | H15: SIMULTANEOUS MAXIMUM DEMAND (BULK) | I15: ="=" -> = | J15: =IF((COUNTIF(A12:A16,"Commercial Load (Bulk)")>0),TRUNC(LOOKUP("Commercial Load (Bulk)",A12:A16,F12:F16))&"(0.7)",IF(COUNTIF(A12:A16,"Industrial Load (Bulk)")>0,TRUNC(LOOKUP("Industrial Load (Bulk)",A12:A16,F12:F16))&"(0.7)","")) | P15: =IF((COUNTIF(A12:A16,"Commercial Load (Bulk)")>0),(LOOKUP("Commercial Load (Bulk)",A12:A16,F12:F16)*MID(J15,LEN(J15)-3,3))/J16,IF(COUNTIF(A12:A16,"Industrial Load (Bulk)")>0,(LOOKUP("Industrial Load (Bulk)",A12:A16,F12:F16)*MID(J15,LEN(J15)-3,3))/J16,"")) | S15: =IF(ISBLANK(R15),"",P15/R15)
J16: =IF((COUNTIF(A12:A16,"Commercial Load (Bulk)")>0),"0.9",IF(COUNTIF(A12:A16,"Industrial Load (Bulk)")>0,"0.9",""))
A18: STUDY AREA 1, BLOCK 3
R19: Power Factor | S19: kVA
A20: LOAD | B20: NO. OF ESTABLISHMENTS | C20: ESTIMATED AVERAGE AMPACITY | D20: NUMBER OF PHASE | E20: VOLTAGE | F20: POWER (kW) | H20: SIMULTANEOUS MAXIMUM DEMAND | I20: = | J20: =TRUNC(SUMIF(A20:A24,"Residential Load",F20:F24),3)&"(0.6)" -> 1472(0.6) | K20: + | L20: =TRUNC(SUMIF(A20:A24,"Commercial Load",F20:F24),3)&"(0.7)" -> 690(0.7) | M20: + | N20: =TRUNC(SUMIF(A20:A24,"Industrial Load",F20:F24),3)&"(0.65)" -> 0(0.65) | O20: ="=" -> = | P20: =((SUMIF(A20:A24,"Residential Load",F20:F24)*MID(J20,LEN(J20)-3,3))/J21)+((SUMIF(A20:A24,"Commercial Load",F20:F24)*MID(L20,LEN(L20)-3,3))/L21)+((SUMIF(A20:A24,"Industrial Load",F20:F24)*MID(N20,LEN(N20)-3,3))/N21) -> 772.42192 | Q20: kW | R20: 0.9 | S20: =P20/R20 -> 858.24658 | U20: USE 1 - 1000 kVA TRANSFORMER | Y20: =MID(U20,9,SEARCH("T",U20,1)-14)*1 -> 1000
A21: Residential Load | B21: 160 | C21: 40 | D21: 1 | E21: 230 | F21: =Table16[[#This Row],[NO. OF ESTABLISHMENTS]]*Table16[[#This Row],[ESTIMATED AVERAGE AMPACITY]]*Table16[[#This Row],[VOLTAGE]]/1000 -> 1472 | J21: 2 | L21: 1.46 | N21: 0.86
A22: Commercial Load | B22: 40 | C22: 75 | D22: 1 | E22: 230 | F22: =Table16[[#This Row],[NO. OF ESTABLISHMENTS]]*Table16[[#This Row],[ESTIMATED AVERAGE AMPACITY]]*Table16[[#This Row],[VOLTAGE]]/1000 -> 690
A23: Commercial Load (Bulk) | B23: 1 | C23: 3000 | D23: 3 | E23: 400 | F23: =SQRT(3)*Table16[[#This Row],[NO. OF ESTABLISHMENTS]]*Table16[[#This Row],[ESTIMATED AVERAGE AMPACITY]]*Table16[[#This Row],[VOLTAGE]]/1000 -> 2078.461 | H23: SIMULTANEOUS MAXIMUM DEMAND (BULK) | I23: ="=" -> = | J23: =IF((COUNTIF(A20:A24,"Commercial Load (Bulk)")>0),TRUNC(LOOKUP("Commercial Load (Bulk)",A20:A24,F20:F24))&"(0.7)",IF(COUNTIF(A20:A24,"Industrial Load (Bulk)")>0,TRUNC(LOOKUP("Industrial Load (Bulk)",A20:A24,F20:F24))&"(0.7)","")) -> 2078(0.7) | P23: =IF((COUNTIF(A20:A24,"Commercial Load (Bulk)")>0),(LOOKUP("Commercial Load (Bulk)",A20:A24,F20:F24)*MID(J23,LEN(J23)-3,3))/J24,IF(COUNTIF(A20:A24,"Industrial Load (Bulk)")>0,(LOOKUP("Industrial Load (Bulk)",A20:A24,F20:F24)*MID(J23,LEN(J23)-3,3))/J24,"")) -> 1616.5808 | Q23: kVA | S23: =IF(ISBLANK(R23),"",P23/R23) | U23: USE 1 - 2000 kVA TRANSFORMER | Y23: =MID(U23,9,SEARCH("T",U23,1)-14)*1 -> 2000
A24: Industrial Load | B24: 0 | C24: 0 | D24: 0 | E24: 0 | F24: =SQRT(3)*Table16[[#This Row],[NO. OF ESTABLISHMENTS]]*Table16[[#This Row],[ESTIMATED AVERAGE AMPACITY]]*Table16[[#This Row],[VOLTAGE]]/1000 -> 0 | J24: =IF((COUNTIF(A20:A24,"Commercial Load (Bulk)")>0),"0.9",IF(COUNTIF(A20:A24,"Industrial Load (Bulk)")>0,"0.9","")) -> 0.9
A27: STUDY AREA 1, BLOCK 4
R28: Power Factor | S28: kVA
A29: LOAD | B29: NO. OF ESTABLISHMENTS | C29: ESTIMATED AVERAGE AMPACITY | D29: NUMBER OF PHASE | E29: VOLTAGE | F29: POWER (kW) | H29: SIMULTANEOUS MAXIMUM DEMAND | I29: = | J29: =TRUNC(SUMIF(A29:A33,"Residential Load",F29:F33),3)&"(0.6)" -> 276(0.6) | K29: + | L29: =TRUNC(SUMIF(A29:A33,"Commercial Load",F29:F33),3)&"(0.7)" -> 241.5(0.7) | M29: + | N29: =TRUNC(SUMIF(A29:A33,"Industrial Load",F29:F33),3)&"(0.65)" -> 0(0.65) | O29: ="=" -> = | P29: =((SUMIF(A29:A33,"Residential Load",F29:F33)*MID(J29,LEN(J29)-3,3))/J30)+((SUMIF(A29:A33,"Commercial Load",F29:F33)*MID(L29,LEN(L29)-3,3))/L30)+((SUMIF(A29:A33,"Industrial Load",F29:F33)*MID(N29,LEN(N29)-3,3))/N30) -> 198.58767 | Q29: kW | R29: 0.9 | S29: =P29/R29 -> 220.65297 | U29: USE 1 - 225 kVA TRANSFORMER | Y29: =MID(U29,9,SEARCH("T",U29,1)-14)*1 -> 225
A30: Residential Load | B30: 80 | C30: 15 | D30: 1 | E30: 230 | F30: =Table17[[#This Row],[NO. OF ESTABLISHMENTS]]*Table17[[#This Row],[ESTIMATED AVERAGE AMPACITY]]*Table17[[#This Row],[VOLTAGE]]/1000 -> 276 | J30: 2 | L30: 1.46 | N30: 0.86
A31: Commercial Load | B31: 15 | C31: 70 | D31: 1 | E31: 230 | F31: =Table17[[#This Row],[NO. OF ESTABLISHMENTS]]*Table17[[#This Row],[ESTIMATED AVERAGE AMPACITY]]*Table17[[#This Row],[VOLTAGE]]/1000 -> 241.5
A32: Industrial Load | B32: 0 | C32: 0 | D32: 0 | E32: 0 | F32: =Table17[[#This Row],[NO. OF ESTABLISHMENTS]]*Table17[[#This Row],[ESTIMATED AVERAGE AMPACITY]]*Table17[[#This Row],[VOLTAGE]]/1000 -> 0 | H32: SIMULTANEOUS MAXIMUM DEMAND (BULK) | I32: ="=" -> = | J32: =IF((COUNTIF(A29:A33,"Commercial Load (Bulk)")>0),TRUNC(LOOKUP("Commercial Load (Bulk)",A29:A33,F29:F33))&"(0.7)",IF(COUNTIF(A29:A33,"Industrial Load (Bulk)")>0,TRUNC(LOOKUP("Industrial Load (Bulk)",A29:A33,F29:F33))&"(0.7)","")) | P32: =IF((COUNTIF(A29:A33,"Commercial Load (Bulk)")>0),(LOOKUP("Commercial Load (Bulk)",A29:A33,F29:F33)*MID(J32,LEN(J32)-3,3))/J33,IF(COUNTIF(A29:A33,"Industrial Load (Bulk)")>0,(LOOKUP("Industrial Load (Bulk)",A29:A33,F29:F33)*MID(J32,LEN(J32)-3,3))/J33,"")) | S32: =IF(ISBLANK(R32),"",P32/R32)
J33: =IF((COUNTIF(A29:A33,"Commercial Load (Bulk)")>0),"0.9",IF(COUNTIF(A29:A33,"Industrial Load (Bulk)")>0,"0.9",""))
A35: STUDY AREA 1, BLOCK 5
R36: Power Factor | S36: kVA
A37: LOAD | B37: NO. OF ESTABLISHMENTS | C37: ESTIMATED AVERAGE AMPACITY | D37: NUMBER OF PHASE | E37: VOLTAGE | F37: POWER (kW) | H37: SIMULTANEOUS MAXIMUM DEMAND | I37: = | J37: =TRUNC(SUMIF(A37:A41,"Residential Load",F37:F41),3)&"(0.6)" -> 276(0.6) | K37: + | L37: =TRUNC(SUMIF(A37:A41,"Commercial Load",F37:F41),3)&"(0.7)" -> 276(0.7) | M37: + | N37: =TRUNC(SUMIF(A37:A41,"Industrial Load",F37:F41),3)&"(0.65)" -> 0(0.65) | O37: ="=" -> = | P37: =((SUMIF(A37:A41,"Residential Load",F37:F41)*MID(J37,LEN(J37)-3,3))/J38)+((SUMIF(A37:A41,"Commercial Load",F37:F41)*MID(L37,LEN(L37)-3,3))/L38)+((SUMIF(A37:A41,"Industrial Load",F37:F41)*MID(N37,LEN(N37)-3,3))/N38) -> 215.12877 | Q37: kW | R37: 0.9 | S37: =P37/R37 -> 239.03196 | U37: USE 1 - 300 kVA TRANSFORMER | Y37: =MID(U37,9,SEARCH("T",U37,1)-14)*1 -> 300
A38: Residential Load | B38: 60 | C38: 20 | D38: 1 | E38: 230 | F38: =Table158[[#This Row],[NO. OF ESTABLISHMENTS]]*Table158[[#This Row],[ESTIMATED AVERAGE AMPACITY]]*Table158[[#This Row],[VOLTAGE]]/1000 -> 276 | J38: 2 | L38: 1.46 | N38: 0.86
A39: Commercial Load | B39: 15 | C39: 80 | D39: 1 | E39: 230 | F39: =Table158[[#This Row],[NO. OF ESTABLISHMENTS]]*Table158[[#This Row],[ESTIMATED AVERAGE AMPACITY]]*Table158[[#This Row],[VOLTAGE]]/1000 -> 276
A40: Industrial Load | B40: 0 | C40: 0 | D40: 0 | E40: 0 | F40: =Table158[[#This Row],[NO. OF ESTABLISHMENTS]]*Table158[[#This Row],[ESTIMATED AVERAGE AMPACITY]]*Table158[[#This Row],[VOLTAGE]]/1000 -> 0 | H40: SIMULTANEOUS MAXIMUM DEMAND (BULK) | I40: ="=" -> = | J40: =IF((COUNTIF(A37:A41,"Commercial Load (Bulk)")>0),TRUNC(LOOKUP("Commercial Load (Bulk)",A37:A41,F37:F41))&"(0.7)",IF(COUNTIF(A37:A41,"Industrial Load (Bulk)")>0,TRUNC(LOOKUP("Industrial Load (Bulk)",A37:A41,F37:F41))&"(0.7)","")) | P40: =IF((COUNTIF(A37:A41,"Commercial Load (Bulk)")>0),(LOOKUP("Commercial Load (Bulk)",A37:A41,F37:F41)*MID(J40,LEN(J40)-3,3))/J41,IF(COUNTIF(A37:A41,"Industrial Load (Bulk)")>0,(LOOKUP("Industrial Load (Bulk)",A37:A41,F37:F41)*MID(J40,LEN(J40)-3,3))/J41,"")) | S40: =IF(ISBLANK(R40),"",P40/R40)
J41: =IF((COUNTIF(A37:A41,"Commercial Load (Bulk)")>0),"0.9",IF(COUNTIF(A37:A41,"Industrial Load (Bulk)")>0,"0.9",""))
A43: STUDY AREA 1, BLOCK 6
R44: Power Factor | S44: kVA
A45: LOAD | B45: NO. OF ESTABLISHMENTS | C45: ESTIMATED AVERAGE AMPACITY | D45: NUMBER OF PHASE | E45: VOLTAGE | F45: POWER (kW) | H45: SIMULTANEOUS MAXIMUM DEMAND | I45: = | J45: =TRUNC(SUMIF(A45:A49,"Residential Load",F45:F49),3)&"(0.6)" -> 276(0.6) | K45: + | L45: =TRUNC(SUMIF(A45:A49,"Commercial Load",F45:F49),3)&"(0.7)" -> 414(0.7) | M45: + | N45: =TRUNC(SUMIF(A45:A49,"Industrial Load",F45:F49),3)&"(0.65)" -> 0(0.65) | O45: ="=" -> = | P45: =((SUMIF(A45:A49,"Residential Load",F45:F49)*MID(J45,LEN(J45)-3,3))/J46)+((SUMIF(A45:A49,"Commercial Load",F45:F49)*MID(L45,LEN(L45)-3,3))/L46)+((SUMIF(A45:A49,"Industrial Load",F45:F49)*MID(N45,LEN(N45)-3,3))/N46) -> 281.29315 | Q45: kW | R45: 0.9 | S45: =P45/R45 -> 312.54795 | U45: USE 1 - 450 kVA TRANSFORMER | Y45: =MID(U45,9,SEARCH("T",U45,1)-14)*1 -> 450
A46: Residential Load | B46: 40 | C46: 30 | D46: 1 | E46: 230 | F46: =Table169[[#This Row],[NO. OF ESTABLISHMENTS]]*Table169[[#This Row],[ESTIMATED AVERAGE AMPACITY]]*Table169[[#This Row],[VOLTAGE]]/1000 -> 276 | J46: 2 | L46: 1.46 | N46: 0.86
A47: Commercial Load | B47: 20 | C47: 90 | D47: 1 | E47: 230 | F47: =Table169[[#This Row],[NO. OF ESTABLISHMENTS]]*Table169[[#This Row],[ESTIMATED AVERAGE AMPACITY]]*Table169[[#This Row],[VOLTAGE]]/1000 -> 414
A48: Industrial Load | B48: 0 | C48: 0 | D48: 0 | E48: 0 | F48: =Table169[[#This Row],[NO. OF ESTABLISHMENTS]]*Table169[[#This Row],[ESTIMATED AVERAGE AMPACITY]]*Table169[[#This Row],[VOLTAGE]]/1000 -> 0 | H48: SIMULTANEOUS MAXIMUM DEMAND (BULK) | I48: ="=" -> = | J48: =IF((COUNTIF(A45:A49,"Commercial Load (Bulk)")>0),TRUNC(LOOKUP("Commercial Load (Bulk)",A45:A49,F45:F49))&"(0.7)",IF(COUNTIF(A45:A49,"Industrial Load (Bulk)")>0,TRUNC(LOOKUP("Industrial Load (Bulk)",A45:A49,F45:F49))&"(0.7)","")) | P48: =IF((COUNTIF(A45:A49,"Commercial Load (Bulk)")>0),(LOOKUP("Commercial Load (Bulk)",A45:A49,F45:F49)*MID(J48,LEN(J48)-3,3))/J49,IF(COUNTIF(A45:A49,"Industrial Load (Bulk)")>0,(LOOKUP("Industrial Load (Bulk)",A45:A49,F45:F49)*MID(J48,LEN(J48)-3,3))/J49,"")) | S48: =IF(ISBLANK(R48),"",P48/R48)
J49: =IF((COUNTIF(A45:A49,"Commercial Load (Bulk)")>0),"0.9",IF(COUNTIF(A45:A49,"Industrial Load (Bulk)")>0,"0.9",""))
A51: STUDY AREA 1, BLOCK 7
R52: Power Factor | S52: kVA
A53: LOAD | B53: NO. OF ESTABLISHMENTS | C53: ESTIMATED AVERAGE AMPACITY | D53: NUMBER OF PHASE | E53: VOLTAGE | F53: POWER (kW) | H53: SIMULTANEOUS MAXIMUM DEMAND | I53: = | J53: =TRUNC(SUMIF(A53:A57,"Residential Load",F53:F57),3)&"(0.6)" -> 575(0.6) | K53: + | L53: =TRUNC(SUMIF(A53:A57,"Commercial Load",F53:F57),3)&"(0.7)" -> 402.5(0.7) | M53: + | N53: =TRUNC(SUMIF(A53:A57,"Industrial Load",F53:F57),3)&"(0.65)" -> 0(0.65) | O53: ="=" -> = | P53: =((SUMIF(A53:A57,"Residential Load",F53:F57)*MID(J53,LEN(J53)-3,3))/J54)+((SUMIF(A53:A57,"Commercial Load",F53:F57)*MID(L53,LEN(L53)-3,3))/L54)+((SUMIF(A53:A57,"Industrial Load",F53:F57)*MID(N53,LEN(N53)-3,3))/N54) -> 365.47945 | Q53: kW | R53: 0.9 | S53: =P53/R53 -> 406.08828 | U53: USE 1 - 450 kVA TRANSFORMER | Y53: =MID(U53,9,SEARCH("T",U53,1)-14)*1 -> 450
A54: Residential Load | B54: 100 | C54: 25 | D54: 1 | E54: 230 | F54: =Table110[[#This Row],[NO. OF ESTABLISHMENTS]]*Table110[[#This Row],[ESTIMATED AVERAGE AMPACITY]]*Table110[[#This Row],[VOLTAGE]]/1000 -> 575 | J54: 2 | L54: 1.46 | N54: 0.86
A55: Commercial Load | B55: 25 | C55: 70 | D55: 1 | E55: 230 | F55: =Table110[[#This Row],[NO. OF ESTABLISHMENTS]]*Table110[[#This Row],[ESTIMATED AVERAGE AMPACITY]]*Table110[[#This Row],[VOLTAGE]]/1000 -> 402.5
A56: Industrial Load | B56: 0 | C56: 0 | D56: 0 | E56: 0 | F56: =Table110[[#This Row],[NO. OF ESTABLISHMENTS]]*Table110[[#This Row],[ESTIMATED AVERAGE AMPACITY]]*Table110[[#This Row],[VOLTAGE]]/1000 -> 0 | H56: SIMULTANEOUS MAXIMUM DEMAND (BULK) | I56: ="=" -> = | J56: =IF((COUNTIF(A53:A57,"Commercial Load (Bulk)")>0),TRUNC(LOOKUP("Commercial Load (Bulk)",A53:A57,F53:F57))&"(0.7)",IF(COUNTIF(A53:A57,"Industrial Load (Bulk)")>0,TRUNC(LOOKUP("Industrial Load (Bulk)",A53:A57,F53:F57))&"(0.7)","")) | P56: =IF((COUNTIF(A53:A57,"Commercial Load (Bulk)")>0),(LOOKUP("Commercial Load (Bulk)",A53:A57,F53:F57)*MID(J56,LEN(J56)-3,3))/J57,IF(COUNTIF(A53:A57,"Industrial Load (Bulk)")>0,(LOOKUP("Industrial Load (Bulk)",A53:A57,F53:F57)*MID(J56,LEN(J56)-3,3))/J57,"")) | S56: =IF(ISBLANK(R56),"",P56/R56)
J57: =IF((COUNTIF(A53:A57,"Commercial Load (Bulk)")>0),"0.9",IF(COUNTIF(A53:A57,"Industrial Load (Bulk)")>0,"0.9",""))
A59: STUDY AREA 1, BLOCK 8
R60: Power Factor | S60: kVA
A61: LOAD | B61: NO. OF ESTABLISHMENTS | C61: ESTIMATED AVERAGE AMPACITY | D61: NUMBER OF PHASE | E61: VOLTAGE | F61: POWER (kW) | H61: SIMULTANEOUS MAXIMUM DEMAND | I61: = | J61: =TRUNC(SUMIF(A61:A65,"Residential Load",F61:F65),3)&"(0.6)" -> 517.5(0.6) | K61: + | L61: =TRUNC(SUMIF(A61:A65,"Commercial Load",F61:F65),3)&"(0.7)" -> 1092.5(0.7) | M61: + | N61: =TRUNC(SUMIF(A61:A65,"Industrial Load",F61:F65),3)&"(0.65)" -> 0(0.65) | O61: ="=" -> = | P61: =((SUMIF(A61:A65,"Residential Load",F61:F65)*MID(J61,LEN(J61)-3,3))/J62)+((SUMIF(A61:A65,"Commercial Load",F61:F65)*MID(L61,LEN(L61)-3,3))/L62)+((SUMIF(A61:A65,"Industrial Load",F61:F65)*MID(N61,LEN(N61)-3,3))/N62) -> 679.05137 | Q61: kW | R61: 0.9 | S61: =P61/R61 -> 754.50152 | U61: USE 1 - 800 kVA TRANSFORMER | Y61: =MID(U61,9,SEARCH("T",U61,1)-14)*1 -> 800
A62: Residential Load | B62: 50 | C62: 45 | D62: 1 | E62: 230 | F62: =Table1511[[#This Row],[NO. OF ESTABLISHMENTS]]*Table1511[[#This Row],[ESTIMATED AVERAGE AMPACITY]]*Table1511[[#This Row],[VOLTAGE]]/1000 -> 517.5 | J62: 2 | L62: 1.46 | N62: 0.86
A63: Commercial Load | B63: 50 | C63: 95 | D63: 1 | E63: 230 | F63: =Table1511[[#This Row],[NO. OF ESTABLISHMENTS]]*Table1511[[#This Row],[ESTIMATED AVERAGE AMPACITY]]*Table1511[[#This Row],[VOLTAGE]]/1000 -> 1092.5
A64: Commercial Load (Bulk) | B64: 1 | C64: 2900 | D64: 3 | E64: 400 | F64: =SQRT(3)*Table1511[[#This Row],[NO. OF ESTABLISHMENTS]]*Table1511[[#This Row],[ESTIMATED AVERAGE AMPACITY]]*Table1511[[#This Row],[VOLTAGE]]/1000 -> 2009.1789 | H64: SIMULTANEOUS MAXIMUM DEMAND (BULK) | I64: ="=" -> = | J64: =IF((COUNTIF(A61:A65,"Commercial Load (Bulk)")>0),TRUNC(LOOKUP("Commercial Load (Bulk)",A61:A65,F61:F65))&"(0.7)",IF(COUNTIF(A61:A65,"Industrial Load (Bulk)")>0,TRUNC(LOOKUP("Industrial Load (Bulk)",A61:A65,F61:F65))&"(0.7)","")) -> 2009(0.7) | P64: =IF((COUNTIF(A61:A65,"Commercial Load (Bulk)")>0),(LOOKUP("Commercial Load (Bulk)",A61:A65,F61:F65)*MID(J64,LEN(J64)-3,3))/J65,IF(COUNTIF(A61:A65,"Industrial Load (Bulk)")>0,(LOOKUP("Industrial Load (Bulk)",A61:A65,F61:F65)*MID(J64,LEN(J64)-3,3))/J65,"")) -> 1562.6947 | Q64: kVA | S64: =IF(ISBLANK(R64),"",P64/R64) | U64: USE 1 - 1600 kVA TRANSFORMER | Y64: =MID(U64,9,SEARCH("T",U64,1)-14)*1 -> 1600
A65: Industrial Load | B65: 0 | C65: 0 | D65: 0 | E65: 0 | F65: =Table1511[[#This Row],[NO. OF ESTABLISHMENTS]]*Table1511[[#This Row],[ESTIMATED AVERAGE AMPACITY]]*Table1511[[#This Row],[VOLTAGE]]/1000 -> 0 | J65: =IF((COUNTIF(A61:A65,"Commercial Load (Bulk)")>0),"0.9",IF(COUNTIF(A61:A65,"Industrial Load (Bulk)")>0,"0.9","")) -> 0.9
A68: STUDY AREA 1, BLOCK 9
R69: Power Factor | S69: kVA
A70: LOAD | B70: NO. OF ESTABLISHMENTS | C70: ESTIMATED AVERAGE AMPACITY | D70: NUMBER OF PHASE | E70: VOLTAGE | F70: POWER (kW) | H70: SIMULTANEOUS MAXIMUM DEMAND | I70: = | J70: =TRUNC(SUMIF(A70:A74,"Residential Load",F70:F74),3)&"(0.6)" -> 276(0.6) | K70: + | L70: =TRUNC(SUMIF(A70:A74,"Commercial Load",F70:F74),3)&"(0.7)" -> 310.5(0.7) | M70: + | N70: =TRUNC(SUMIF(A70:A74,"Industrial Load",F70:F74),3)&"(0.65)" -> 0(0.65) | O70: ="=" -> = | P70: =((SUMIF(A70:A74,"Residential Load",F70:F74)*MID(J70,LEN(J70)-3,3))/J71)+((SUMIF(A70:A74,"Commercial Load",F70:F74)*MID(L70,LEN(L70)-3,3))/L71)+((SUMIF(A70:A74,"Industrial Load",F70:F74)*MID(N70,LEN(N70)-3,3))/N71) -> 231.66986 | Q70: kW | R70: 0.9 | S70: =P70/R70 -> 257.41096 | U70: USE 1 - 300 kVA TRANSFORMER | Y70: =MID(U70,9,SEARCH("T",U70,1)-14)*1 -> 300
A71: Residential Load | B71: 60 | C71: 20 | D71: 1 | E71: 230 | F71: =Table1612[[#This Row],[NO. OF ESTABLISHMENTS]]*Table1612[[#This Row],[ESTIMATED AVERAGE AMPACITY]]*Table1612[[#This Row],[VOLTAGE]]/1000 -> 276 | J71: 2 | L71: 1.46 | N71: 0.86
A72: Commercial Load | B72: 15 | C72: 90 | D72: 1 | E72: 230 | F72: =Table1612[[#This Row],[NO. OF ESTABLISHMENTS]]*Table1612[[#This Row],[ESTIMATED AVERAGE AMPACITY]]*Table1612[[#This Row],[VOLTAGE]]/1000 -> 310.5
A73: Industrial Load | B73: 0 | C73: 0 | D73: 0 | E73: 0 | F73: =Table1612[[#This Row],[NO. OF ESTABLISHMENTS]]*Table1612[[#This Row],[ESTIMATED AVERAGE AMPACITY]]*Table1612[[#This Row],[VOLTAGE]]/1000 -> 0 | H73: SIMULTANEOUS MAXIMUM DEMAND (BULK) | I73: ="=" -> = | J73: =IF((COUNTIF(A70:A74,"Commercial Load (Bulk)")>0),TRUNC(LOOKUP("Commercial Load (Bulk)",A70:A74,F70:F74))&"(0.7)",IF(COUNTIF(A70:A74,"Industrial Load (Bulk)")>0,TRUNC(LOOKUP("Industrial Load (Bulk)",A70:A74,F70:F74))&"(0.7)","")) | P73: =IF((COUNTIF(A70:A74,"Commercial Load (Bulk)")>0),(LOOKUP("Commercial Load (Bulk)",A70:A74,F70:F74)*MID(J73,LEN(J73)-3,3))/J74,IF(COUNTIF(A70:A74,"Industrial Load (Bulk)")>0,(LOOKUP("Industrial Load (Bulk)",A70:A74,F70:F74)*MID(J73,LEN(J73)-3,3))/J74,"")) | S73: =IF(ISBLANK(R73),"",P73/R73)
J74: =IF((COUNTIF(A70:A74,"Commercial Load (Bulk)")>0),"0.9",IF(COUNTIF(A70:A74,"Industrial Load (Bulk)")>0,"0.9",""))
A76: STUDY AREA 1, BLOCK 10
R77: Power Factor | S77: kVA
A78: LOAD | B78: NO. OF ESTABLISHMENTS | C78: ESTIMATED AVERAGE AMPACITY | D78: NUMBER OF PHASE | E78: VOLTAGE | F78: POWER (kW) | H78: SIMULTANEOUS MAXIMUM DEMAND | I78: = | J78: =TRUNC(SUMIF(A78:A82,"Residential Load",F78:F82),3)&"(0.6)" -> 241.5(0.6) | K78: + | L78: =TRUNC(SUMIF(A78:A82,"Commercial Load",F78:F82),3)&"(0.7)" -> 149.5(0.7) | M78: + | N78: =TRUNC(SUMIF(A78:A82,"Industrial Load",F78:F82),3)&"(0.65)" -> 0(0.65) | O78: ="=" -> = | P78: =((SUMIF(A78:A82,"Residential Load",F78:F82)*MID(J78,LEN(J78)-3,3))/J79)+((SUMIF(A78:A82,"Commercial Load",F78:F82)*MID(L78,LEN(L78)-3,3))/L79)+((SUMIF(A78:A82,"Industrial Load",F78:F82)*MID(N78,LEN(N78)-3,3))/N79) -> 144.12808 | Q78: kW | R78: 0.9 | S78: =P78/R78 -> 160.14231 | U78: USE 1 - 225 kVA TRANSFORMER | Y78: =MID(U78,9,SEARCH("T",U78,1)-14)*1 -> 225
A79: Residential Load | B79: 70 | C79: 15 | D79: 1 | E79: 230 | F79: =Table1713[[#This Row],[NO. OF ESTABLISHMENTS]]*Table1713[[#This Row],[ESTIMATED AVERAGE AMPACITY]]*Table1713[[#This Row],[VOLTAGE]]/1000 -> 241.5 | J79: 2 | L79: 1.46 | N79: 0.86
A80: Commercial Load | B80: 10 | C80: 65 | D80: 1 | E80: 230 | F80: =Table1713[[#This Row],[NO. OF ESTABLISHMENTS]]*Table1713[[#This Row],[ESTIMATED AVERAGE AMPACITY]]*Table1713[[#This Row],[VOLTAGE]]/1000 -> 149.5
A81: Industrial Load | B81: 0 | C81: 0 | D81: 0 | E81: 0 | F81: =Table1713[[#This Row],[NO. OF ESTABLISHMENTS]]*Table1713[[#This Row],[ESTIMATED AVERAGE AMPACITY]]*Table1713[[#This Row],[VOLTAGE]]/1000 -> 0 | H81: SIMULTANEOUS MAXIMUM DEMAND (BULK) | I81: ="=" -> = | J81: =IF((COUNTIF(A78:A82,"Commercial Load (Bulk)")>0),TRUNC(LOOKUP("Commercial Load (Bulk)",A78:A82,F78:F82))&"(0.7)",IF(COUNTIF(A78:A82,"Industrial Load (Bulk)")>0,TRUNC(LOOKUP("Industrial Load (Bulk)",A78:A82,F78:F82))&"(0.7)","")) | P81: =IF((COUNTIF(A78:A82,"Commercial Load (Bulk)")>0),(LOOKUP("Commercial Load (Bulk)",A78:A82,F78:F82)*MID(J81,LEN(J81)-3,3))/J82,IF(COUNTIF(A78:A82,"Industrial Load (Bulk)")>0,(LOOKUP("Industrial Load (Bulk)",A78:A82,F78:F82)*MID(J81,LEN(J81)-3,3))/J82,"")) | S81: =IF(ISBLANK(R81),"",P81/R81)
J82: =IF((COUNTIF(A78:A82,"Commercial Load (Bulk)")>0),"0.9",IF(COUNTIF(A78:A82,"Industrial Load (Bulk)")>0,"0.9",""))
A84: STUDY AREA 1, BLOCK 11
R85: Power Factor | S85: kVA
A86: LOAD | B86: NO. OF ESTABLISHMENTS | C86: ESTIMATED AVERAGE AMPACITY | D86: NUMBER OF PHASE | E86: VOLTAGE | F86: POWER (kW) | H86: SIMULTANEOUS MAXIMUM DEMAND | I86: = | J86: =TRUNC(SUMIF(A86:A90,"Residential Load",F86:F90),3)&"(0.6)" -> 414(0.6) | K86: + | L86: =TRUNC(SUMIF(A86:A90,"Commercial Load",F86:F90),3)&"(0.7)" -> 322(0.7) | M86: + | N86: =TRUNC(SUMIF(A86:A90,"Industrial Load",F86:F90),3)&"(0.65)" -> 0(0.65) | O86: ="=" -> = | P86: =((SUMIF(A86:A90,"Residential Load",F86:F90)*MID(J86,LEN(J86)-3,3))/J87)+((SUMIF(A86:A90,"Commercial Load",F86:F90)*MID(L86,LEN(L86)-3,3))/L87)+((SUMIF(A86:A90,"Industrial Load",F86:F90)*MID(N86,LEN(N86)-3,3))/N87) -> 278.58356 | Q86: kW | R86: 0.9 | S86: =P86/R86 -> 309.53729 | U86: USE 1 - 450 kVA TRANSFORMER | Y86: =MID(U86,9,SEARCH("T",U86,1)-14)*1 -> 450
A87: Residential Load | B87: 90 | C87: 20 | D87: 1 | E87: 230 | F87: =Table15814[[#This Row],[NO. OF ESTABLISHMENTS]]*Table15814[[#This Row],[ESTIMATED AVERAGE AMPACITY]]*Table15814[[#This Row],[VOLTAGE]]/1000 -> 414 | J87: 2 | L87: 1.46 | N87: 0.86
A88: Commercial Load | B88: 20 | C88: 70 | D88: 1 | E88: 230 | F88: =Table15814[[#This Row],[NO. OF ESTABLISHMENTS]]*Table15814[[#This Row],[ESTIMATED AVERAGE AMPACITY]]*Table15814[[#This Row],[VOLTAGE]]/1000 -> 322
A89: Industrial Load | B89: 0 | C89: 0 | D89: 0 | E89: 0 | F89: =Table15814[[#This Row],[NO. OF ESTABLISHMENTS]]*Table15814[[#This Row],[ESTIMATED AVERAGE AMPACITY]]*Table15814[[#This Row],[VOLTAGE]]/1000 -> 0 | H89: SIMULTANEOUS MAXIMUM DEMAND (BULK) | I89: ="=" -> = | J89: =IF((COUNTIF(A86:A90,"Commercial Load (Bulk)")>0),TRUNC(LOOKUP("Commercial Load (Bulk)",A86:A90,F86:F90))&"(0.7)",IF(COUNTIF(A86:A90,"Industrial Load (Bulk)")>0,TRUNC(LOOKUP("Industrial Load (Bulk)",A86:A90,F86:F90))&"(0.7)","")) | P89: =IF((COUNTIF(A86:A90,"Commercial Load (Bulk)")>0),(LOOKUP("Commercial Load (Bulk)",A86:A90,F86:F90)*MID(J89,LEN(J89)-3,3))/J90,IF(COUNTIF(A86:A90,"Industrial Load (Bulk)")>0,(LOOKUP("Industrial Load (Bulk)",A86:A90,F86:F90)*MID(J89,LEN(J89)-3,3))/J90,"")) | S89: =IF(ISBLANK(R89),"",P89/R89)
J90: =IF((COUNTIF(A86:A90,"Commercial Load (Bulk)")>0),"0.9",IF(COUNTIF(A86:A90,"Industrial Load (Bulk)")>0,"0.9",""))
A92: STUDY AREA 1, BLOCK 12
R93: Power Factor | S93: kVA
A94: LOAD | B94: NO. OF ESTABLISHMENTS | C94: ESTIMATED AVERAGE AMPACITY | D94: NUMBER OF PHASE | E94: VOLTAGE | F94: POWER (kW) | H94: SIMULTANEOUS MAXIMUM DEMAND | I94: = | J94: =TRUNC(SUMIF(A94:A98,"Residential Load",F94:F98),3)&"(0.6)" -> 552(0.6) | K94: + | L94: =TRUNC(SUMIF(A94:A98,"Commercial Load",F94:F98),3)&"(0.7)" -> 517.5(0.7) | M94: + | N94: =TRUNC(SUMIF(A94:A98,"Industrial Load",F94:F98),3)&"(0.65)" -> 0(0.65) | O94: ="=" -> = | P94: =((SUMIF(A94:A98,"Residential Load",F94:F98)*MID(J94,LEN(J94)-3,3))/J95)+((SUMIF(A94:A98,"Commercial Load",F94:F98)*MID(L94,LEN(L94)-3,3))/L95)+((SUMIF(A94:A98,"Industrial Load",F94:F98)*MID(N94,LEN(N94)-3,3))/N95) -> 413.71644 | Q94: kW | R94: 0.9 | S94: =P94/R94 -> 459.68493 | U94: USE 1 - 500 kVA TRANSFORMER | Y94: =MID(U94,9,SEARCH("T",U94,1)-14)*1 -> 500
A95: Residential Load | B95: 60 | C95: 40 | D95: 1 | E95: 230 | F95: =Table16915[[#This Row],[NO. OF ESTABLISHMENTS]]*Table16915[[#This Row],[ESTIMATED AVERAGE AMPACITY]]*Table16915[[#This Row],[VOLTAGE]]/1000 -> 552 | J95: 2 | L95: 1.46 | N95: 0.86
A96: Commercial Load | B96: 25 | C96: 90 | D96: 1 | E96: 230 | F96: =Table16915[[#This Row],[NO. OF ESTABLISHMENTS]]*Table16915[[#This Row],[ESTIMATED AVERAGE AMPACITY]]*Table16915[[#This Row],[VOLTAGE]]/1000 -> 517.5
A97: Industrial Load | B97: 0 | C97: 0 | D97: 0 | E97: 0 | F97: =Table16915[[#This Row],[NO. OF ESTABLISHMENTS]]*Table16915[[#This Row],[ESTIMATED AVERAGE AMPACITY]]*Table16915[[#This Row],[VOLTAGE]]/1000 -> 0 | H97: SIMULTANEOUS MAXIMUM DEMAND (BULK) | I97: ="=" -> = | J97: =IF((COUNTIF(A94:A98,"Commercial Load (Bulk)")>0),TRUNC(LOOKUP("Commercial Load (Bulk)",A94:A98,F94:F98))&"(0.7)",IF(COUNTIF(A94:A98,"Industrial Load (Bulk)")>0,TRUNC(LOOKUP("Industrial Load (Bulk)",A94:A98,F94:F98))&"(0.7)","")) | P97: =IF((COUNTIF(A94:A98,"Commercial Load (Bulk)")>0),(LOOKUP("Commercial Load (Bulk)",A94:A98,F94:F98)*MID(J97,LEN(J97)-3,3))/J98,IF(COUNTIF(A94:A98,"Industrial Load (Bulk)")>0,(LOOKUP("Industrial Load (Bulk)",A94:A98,F94:F98)*MID(J97,LEN(J97)-3,3))/J98,"")) | S97: =IF(ISBLANK(R97),"",P97/R97)
J98: =IF((COUNTIF(A94:A98,"Commercial Load (Bulk)")>0),"0.9",IF(COUNTIF(A94:A98,"Industrial Load (Bulk)")>0,"0.9",""))
A100: STUDY AREA 1, BLOCK 13
R101: Power Factor | S101: kVA
A102: LOAD | B102: NO. OF ESTABLISHMENTS | C102: ESTIMATED AVERAGE AMPACITY | D102: NUMBER OF PHASE | E102: VOLTAGE | F102: POWER (kW) | H102: SIMULTANEOUS MAXIMUM DEMAND | I102: = | J102: =TRUNC(SUMIF(A102:A106,"Residential Load",F102:F106),3)&"(0.6)" -> 172.5(0.6) | K102: + | L102: =TRUNC(SUMIF(A102:A106,"Commercial Load",F102:F106),3)&"(0.7)" -> 149.5(0.7) | M102: + | N102: =TRUNC(SUMIF(A102:A106,"Industrial Load",F102:F106),3)&"(0.65)" -> 0(0.65) | O102: ="=" -> = | P102: =((SUMIF(A102:A106,"Residential Load",F102:F106)*MID(J102,LEN(J102)-3,3))/J103)+((SUMIF(A102:A106,"Commercial Load",F102:F106)*MID(L102,LEN(L102)-3,3))/L103)+((SUMIF(A102:A106,"Industrial Load",F102:F106)*MID(N102,LEN(N102)-3,3))/N103) -> 123.42808 | Q102: kW | R102: 0.9 | S102: =P102/R102 -> 137.14231 | U102: USE 1 - 150 kVA TRANSFORMER | Y102: =MID(U102,9,SEARCH("T",U102,1)-14)*1 -> 150
A103: Residential Load | B103: 50 | C103: 15 | D103: 1 | E103: 230 | F103: =Table116[[#This Row],[NO. OF ESTABLISHMENTS]]*Table116[[#This Row],[ESTIMATED AVERAGE AMPACITY]]*Table116[[#This Row],[VOLTAGE]]/1000 -> 172.5 | J103: 2 | L103: 1.46 | N103: 0.86
A104: Commercial Load | B104: 10 | C104: 65 | D104: 1 | E104: 230 | F104: =Table116[[#This Row],[NO. OF ESTABLISHMENTS]]*Table116[[#This Row],[ESTIMATED AVERAGE AMPACITY]]*Table116[[#This Row],[VOLTAGE]]/1000 -> 149.5
A105: Industrial Load | B105: 0 | C105: 0 | D105: 0 | E105: 0 | F105: =Table116[[#This Row],[NO. OF ESTABLISHMENTS]]*Table116[[#This Row],[ESTIMATED AVERAGE AMPACITY]]*Table116[[#This Row],[VOLTAGE]]/1000 -> 0 | H105: SIMULTANEOUS MAXIMUM DEMAND (BULK) | I105: ="=" -> = | J105: =IF((COUNTIF(A102:A106,"Commercial Load (Bulk)")>0),TRUNC(LOOKUP("Commercial Load (Bulk)",A102:A106,F102:F106))&"(0.7)",IF(COUNTIF(A102:A106,"Industrial Load (Bulk)")>0,TRUNC(LOOKUP("Industrial Load (Bulk)",A102:A106,F102:F106))&"(0.7)","")) | P105: =IF((COUNTIF(A102:A106,"Commercial Load (Bulk)")>0),(LOOKUP("Commercial Load (Bulk)",A102:A106,F102:F106)*MID(J105,LEN(J105)-3,3))/J106,IF(COUNTIF(A102:A106,"Industrial Load (Bulk)")>0,(LOOKUP("Industrial Load (Bulk)",A102:A106,F102:F106)*MID(J105,LEN(J105)-3,3))/J106,"")) | S105: =IF(ISBLANK(R105),"",P105/R105)
J106: =IF((COUNTIF(A102:A106,"Commercial Load (Bulk)")>0),"0.9",IF(COUNTIF(A102:A106,"Industrial Load (Bulk)")>0,"0.9",""))
A108: STUDY AREA 1, BLOCK 14
R109: Power Factor | S109: kVA
A110: LOAD | B110: NO. OF ESTABLISHMENTS | C110: ESTIMATED AVERAGE AMPACITY | D110: NUMBER OF PHASE | E110: VOLTAGE | F110: POWER (kW) | H110: SIMULTANEOUS MAXIMUM DEMAND | I110: = | J110: =TRUNC(SUMIF(A110:A114,"Residential Load",F110:F114),3)&"(0.6)" -> 368(0.6) | K110: + | L110: =TRUNC(SUMIF(A110:A114,"Commercial Load",F110:F114),3)&"(0.7)" -> 241.5(0.7) | M110: + | N110: =TRUNC(SUMIF(A110:A114,"Industrial Load",F110:F114),3)&"(0.65)" -> 0(0.65) | O110: ="=" -> = | P110: =((SUMIF(A110:A114,"Residential Load",F110:F114)*MID(J110,LEN(J110)-3,3))/J111)+((SUMIF(A110:A114,"Commercial Load",F110:F114)*MID(L110,LEN(L110)-3,3))/L111)+((SUMIF(A110:A114,"Industrial Load",F110:F114)*MID(N110,LEN(N110)-3,3))/N111) -> 226.18767 | Q110: kW | R110: 0.9 | S110: =P110/R110 -> 251.31963 | U110: USE 1 - 300 kVA TRANSFORMER | Y110: =MID(U110,9,SEARCH("T",U110,1)-14)*1 -> 300
A111: Residential Load | B111: 80 | C111: 20 | D111: 1 | E111: 230 | F111: =Table1517[[#This Row],[NO. OF ESTABLISHMENTS]]*Table1517[[#This Row],[ESTIMATED AVERAGE AMPACITY]]*Table1517[[#This Row],[VOLTAGE]]/1000 -> 368 | J111: 2 | L111: 1.46 | N111: 0.86
A112: Commercial Load | B112: 15 | C112: 70 | D112: 1 | E112: 230 | F112: =Table1517[[#This Row],[NO. OF ESTABLISHMENTS]]*Table1517[[#This Row],[ESTIMATED AVERAGE AMPACITY]]*Table1517[[#This Row],[VOLTAGE]]/1000 -> 241.5
A113: Industrial Load | B113: 0 | C113: 0 | D113: 0 | E113: 0 | F113: =Table1517[[#This Row],[NO. OF ESTABLISHMENTS]]*Table1517[[#This Row],[ESTIMATED AVERAGE AMPACITY]]*Table1517[[#This Row],[VOLTAGE]]/1000 -> 0 | H113: SIMULTANEOUS MAXIMUM DEMAND (BULK) | I113: ="=" -> = | J113: =IF((COUNTIF(A110:A114,"Commercial Load (Bulk)")>0),TRUNC(LOOKUP("Commercial Load (Bulk)",A110:A114,F110:F114))&"(0.7)",IF(COUNTIF(A110:A114,"Industrial Load (Bulk)")>0,TRUNC(LOOKUP("Industrial Load (Bulk)",A110:A114,F110:F114))&"(0.7)","")) | P113: =IF((COUNTIF(A110:A114,"Commercial Load (Bulk)")>0),(LOOKUP("Commercial Load (Bulk)",A110:A114,F110:F114)*MID(J113,LEN(J113)-3,3))/J114,IF(COUNTIF(A110:A114,"Industrial Load (Bulk)")>0,(LOOKUP("Industrial Load (Bulk)",A110:A114,F110:F114)*MID(J113,LEN(J113)-3,3))/J114,"")) | S113: =IF(ISBLANK(R113),"",P113/R113)
J114: =IF((COUNTIF(A110:A114,"Commercial Load (Bulk)")>0),"0.9",IF(COUNTIF(A110:A114,"Industrial Load (Bulk)")>0,"0.9",""))
A116: STUDY AREA 1, BLOCK 15
R117: Power Factor | S117: kVA
...

Sheet STUDY AREA 2
A2: STUDY AREA 2, BLOCK 1
R3: Power Factor | S3: kVA | U3: TRANSFORMER SIZE
A4: LOAD | B4: NO. OF ESTABLISHMENTS | C4: ESTIMATED AVERAGE AMPACITY | D4: NUMBER OF PHASE | E4: VOLTAGE | F4: POWER (kW) | H4: SIMULTANEOUS MAXIMUM DEMAND | I4: = | J4: =TRUNC(SUMIF(A4:A8,"Residential Load",F4:F8),3)&"(0.6)" -> 1242(0.6) | K4: + | L4: =TRUNC(SUMIF(A4:A8,"Commercial Load",F4:F8),3)&"(0.7)" -> 414(0.7) | M4: + | N4: =TRUNC(SUMIF(A4:A8,"Industrial Load",F4:F8),3)&"(0.65)" -> 0(0.65) | O4: ="=" -> = | P4: =((SUMIF(A4:A8,"Residential Load",F4:F8)*MID(J4,LEN(J4)-3,3))/J5)+((SUMIF(A4:A8,"Commercial Load",F4:F8)*MID(L4,LEN(L4)-3,3))/L5)+((SUMIF(A4:A8,"Industrial Load",F4:F8)*MID(N4,LEN(N4)-3,3))/N5) -> 571.09315 | Q4: kW | R4: 0.9 | S4: =P4/R4 -> 634.54795 | U4: USE 1 - 800 kVA TRANSFORMER | Y4: =MID(U4,9,SEARCH("T",U4,1)-14)*1 -> 800
A5: Residential Load | B5: 120 | C5: 45 | D5: 1 | E5: 230 | F5: =Table122[[#This Row],[NO. OF ESTABLISHMENTS]]*Table122[[#This Row],[ESTIMATED AVERAGE AMPACITY]]*Table122[[#This Row],[VOLTAGE]]/1000 -> 1242 | J5: 2 | L5: 1.46 | N5: 0.86 | AA5: LOAD
A6: Commercial Load | B6: 20 | C6: 90 | D6: 1 | E6: 230 | F6: =Table122[[#This Row],[NO. OF ESTABLISHMENTS]]*Table122[[#This Row],[ESTIMATED AVERAGE AMPACITY]]*Table122[[#This Row],[VOLTAGE]]/1000 -> 414 | AA6: Residential Load | AC6: =SUMIF($A$4:$F$119,AA6,$F$4:$F$119) -> 10683.5
A7: Industrial Load | B7: 0 | C7: 0 | D7: 0 | E7: 0 | F7: 0 | H7: SIMULTANEOUS MAXIMUM DEMAND (BULK) | I7: ="=" -> = | J7: =IF((COUNTIF(A4:A8,"Commercial Load (Bulk)")>0),TRUNC(LOOKUP("Commercial Load (Bulk)",A4:A8,F4:F8))&"(0.7)",IF(COUNTIF(A4:A8,"Industrial Load (Bulk)")>0,TRUNC(LOOKUP("Industrial Load (Bulk)",A4:A8,F4:F8))&"(0.7)","")) | P7: =IF((COUNTIF(A4:A8,"Commercial Load (Bulk)")>0),(LOOKUP("Commercial Load (Bulk)",A4:A8,F4:F8)*MID(J7,LEN(J7)-3,3))/J8,IF(COUNTIF(A4:A8,"Industrial Load (Bulk)")>0,(LOOKUP("Industrial Load (Bulk)",A4:A8,F4:F8)*MID(J7,LEN(J7)-3,3))/J8,"")) | S7: =IF(ISBLANK(R7),"",P7/R7) | AA7: Commercial Load | AC7: =SUMIF($A$4:$F$119,AA7,$F$4:$F$119) -> 3869.75
J8: =IF((COUNTIF(A4:A8,"Commercial Load (Bulk)")>0),"0.9",IF(COUNTIF(A4:A8,"Industrial Load (Bulk)")>0,"0.9","")) | AA8: Industrial Load | AC8: =SUMIF($A$4:$F$119,AA8,$F$4:$F$119) -> 0
A10: STUDY AREA 2, BLOCK 2
R11: Power Factor | S11: kVA
A12: LOAD | B12: NO. OF ESTABLISHMENTS | C12: ESTIMATED AVERAGE AMPACITY | D12: NUMBER OF PHASE | E12: VOLTAGE | F12: POWER (kW) | H12: SIMULTANEOUS MAXIMUM DEMAND | I12: = | J12: =TRUNC(SUMIF(A12:A16,"Residential Load",F12:F16),3)&"(0.6)" -> 862.5(0.6) | K12: + | L12: =TRUNC(SUMIF(A12:A16,"Commercial Load",F12:F16),3)&"(0.7)" -> 258.75(0.7) | M12: + | N12: =TRUNC(SUMIF(A12:A16,"Industrial Load",F12:F16),3)&"(0.65)" -> 0(0.65) | O12: ="=" -> = | P12: =((SUMIF(A12:A16,"Residential Load",F12:F16)*MID(J12,LEN(J12)-3,3))/J13)+((SUMIF(A12:A16,"Commercial Load",F12:F16)*MID(L12,LEN(L12)-3,3))/L13)+((SUMIF(A12:A16,"Industrial Load",F12:F16)*MID(N12,LEN(N12)-3,3))/N13) -> 382.80822 | Q12: kW | R12: 0.9 | S12: =P12/R12 -> 425.34247 | U12: USE 1 - 450 kVA TRANSFORMER | Y12: =MID(U12,9,SEARCH("T",U12,1)-14)*1 -> 450
A13: Residential Load | B13: 150 | C13: 25 | D13: 1 | E13: 230 | F13: =Table1523[[#This Row],[NO. OF ESTABLISHMENTS]]*Table1523[[#This Row],[ESTIMATED AVERAGE AMPACITY]]*Table1523[[#This Row],[VOLTAGE]]/1000 -> 862.5 | J13: 2 | L13: 1.46 | N13: 0.86
A14: Commercial Load | B14: 15 | C14: 75 | D14: 1 | E14: 230 | F14: =Table1523[[#This Row],[NO. OF ESTABLISHMENTS]]*Table1523[[#This Row],[ESTIMATED AVERAGE AMPACITY]]*Table1523[[#This Row],[VOLTAGE]]/1000 -> 258.75
A15: Industrial Load | B15: 0 | C15: 0 | D15: 0 | E15: 0 | F15: 0 | H15: SIMULTANEOUS MAXIMUM DEMAND (BULK) | I15: ="=" -> = | J15: =IF((COUNTIF(A12:A16,"Commercial Load (Bulk)")>0),TRUNC(LOOKUP("Commercial Load (Bulk)",A12:A16,F12:F16))&"(0.7)",IF(COUNTIF(A12:A16,"Industrial Load (Bulk)")>0,TRUNC(LOOKUP("Industrial Load (Bulk)",A12:A16,F12:F16))&"(0.7)","")) | P15: =IF((COUNTIF(A12:A16,"Commercial Load (Bulk)")>0),(LOOKUP("Commercial Load (Bulk)",A12:A16,F12:F16)*MID(J15,LEN(J15)-3,3))/J16,IF(COUNTIF(A12:A16,"Industrial Load (Bulk)")>0,(LOOKUP("Industrial Load (Bulk)",A12:A16,F12:F16)*MID(J15,LEN(J15)-3,3))/J16,"")) | S15: =IF(ISBLANK(R15),"",P15/R15)
J16: =IF((COUNTIF(A12:A16,"Commercial Load (Bulk)")>0),"0.9",IF(COUNTIF(A12:A16,"Industrial Load (Bulk)")>0,"0.9",""))
A18: STUDY AREA 2, BLOCK 3
R19: Power Factor | S19: kVA
A20: LOAD | B20: NO. OF ESTABLISHMENTS | C20: ESTIMATED AVERAGE AMPACITY | D20: NUMBER OF PHASE | E20: VOLTAGE | F20: POWER (kW) | H20: SIMULTANEOUS MAXIMUM DEMAND | I20: = | J20: =TRUNC(SUMIF(A20:A24,"Residential Load",F20:F24),3)&"(0.6)" -> 172.5(0.6) | K20: + | L20: =TRUNC(SUMIF(A20:A24,"Commercial Load",F20:F24),3)&"(0.7)" -> 74.75(0.7) | M20: + | N20: =TRUNC(SUMIF(A20:A24,"Industrial Load",F20:F24),3)&"(0.65)" -> 0(0.65) | O20: ="=" -> = | P20: =((SUMIF(A20:A24,"Residential Load",F20:F24)*MID(J20,LEN(J20)-3,3))/J21)+((SUMIF(A20:A24,"Commercial Load",F20:F24)*MID(L20,LEN(L20)-3,3))/L21)+((SUMIF(A20:A24,"Industrial Load",F20:F24)*MID(N20,LEN(N20)-3,3))/N21) -> 87.589041 | Q20: kW | R20: 0.9 | S20: =P20/R20 -> 97.321157 | U20: USE 1 - 112.5 kVA TRANSFORMER | Y20: =MID(U20,9,SEARCH("T",U20,1)-14)*1 -> 112.5
A21: Residential Load | B21: 50 | C21: 15 | D21: 1 | E21: 230 | F21: =Table1624[[#This Row],[NO. OF ESTABLISHMENTS]]*Table1624[[#This Row],[ESTIMATED AVERAGE AMPACITY]]*Table1624[[#This Row],[VOLTAGE]]/1000 -> 172.5 | J21: 2 | L21: 1.46 | N21: 0.86
A22: Commercial Load | B22: 5 | C22: 65 | D22: 1 | E22: 230 | F22: =Table1624[[#This Row],[NO. OF ESTABLISHMENTS]]*Table1624[[#This Row],[ESTIMATED AVERAGE AMPACITY]]*Table1624[[#This Row],[VOLTAGE]]/1000 -> 74.75
A23: Industrial Load (Bulk) | B23: 1 | C23: 1500 | D23: 3 | E23: 1000 | F23: =Table1624[[#This Row],[NO. OF ESTABLISHMENTS]]*Table1624[[#This Row],[ESTIMATED AVERAGE AMPACITY]]*Table1624[[#This Row],[VOLTAGE]]*SQRT(3)/1000 -> 2598.0762 | H23: SIMULTANEOUS MAXIMUM DEMAND (BULK) | I23: ="=" -> = | J23: =IF((COUNTIF(A20:A24,"Commercial Load (Bulk)")>0),TRUNC(LOOKUP("Commercial Load (Bulk)",A20:A24,F20:F24))&"(0.7)",IF(COUNTIF(A20:A24,"Industrial Load (Bulk)")>0,TRUNC(LOOKUP("Industrial Load (Bulk)",A20:A24,F20:F24))&"(0.7)","")) -> 2598(0.7) | P23: =IF((COUNTIF(A20:A24,"Commercial Load (Bulk)")>0),(LOOKUP("Commercial Load (Bulk)",A20:A24,F20:F24)*MID(J23,LEN(J23)-3,3))/J24,IF(COUNTIF(A20:A24,"Industrial Load (Bulk)")>0,(LOOKUP("Industrial Load (Bulk)",A20:A24,F20:F24)*MID(J23,LEN(J23)-3,3))/J24,"")) -> 2020.7259 | Q23: kVA | S23: =IF(ISBLANK(R23),"",P23/R23) | U23: USE 1 - 2500 kVA TRANSFORMER | Y23: =MID(U23,9,SEARCH("T",U23,1)-14)*1 -> 2500
J24: =IF((COUNTIF(A20:A24,"Commercial Load (Bulk)")>0),"0.9",IF(COUNTIF(A20:A24,"Industrial Load (Bulk)")>0,"0.9","")) -> 0.9
A26: STUDY AREA 2, BLOCK 4
R27: Power Factor | S27: kVA
A28: LOAD | B28: NO. OF ESTABLISHMENTS | C28: ESTIMATED AVERAGE AMPACITY | D28: NUMBER OF PHASE | E28: VOLTAGE | F28: POWER (kW) | H28: SIMULTANEOUS MAXIMUM DEMAND | I28: = | J28: =TRUNC(SUMIF(A28:A32,"Residential Load",F28:F32),3)&"(0.6)" -> 230(0.6) | K28: + | L28: =TRUNC(SUMIF(A28:A32,"Commercial Load",F28:F32),3)&"(0.7)" -> 74.75(0.7) | M28: + | N28: =TRUNC(SUMIF(A28:A32,"Industrial Load",F28:F32),3)&"(0.65)" -> 0(0.65) | O28: ="=" -> = | P28: =((SUMIF(A28:A32,"Residential Load",F28:F32)*MID(J28,LEN(J28)-3,3))/J29)+((SUMIF(A28:A32,"Commercial Load",F28:F32)*MID(L28,LEN(L28)-3,3))/L29)+((SUMIF(A28:A32,"Industrial Load",F28:F32)*MID(N28,LEN(N28)-3,3))/N29) -> 104.83904 | Q28: kW | R28: 0.9 | S28: =P28/R28 -> 116.48782 | U28: USE 1 - 150 kVA TRANSFORMER | Y28: =MID(U28,9,SEARCH("T",U28,1)-14)*1 -> 150
A29: Residential Load | B29: 50 | C29: 20 | D29: 1 | E29: 230 | F29: =Table1725[[#This Row],[NO. OF ESTABLISHMENTS]]*Table1725[[#This Row],[ESTIMATED AVERAGE AMPACITY]]*Table1725[[#This Row],[VOLTAGE]]/1000 -> 230 | J29: 2 | L29: 1.46 | N29: 0.86
A30: Commercial Load | B30: 5 | C30: 65 | D30: 1 | E30: 230 | F30: =Table1725[[#This Row],[NO. OF ESTABLISHMENTS]]*Table1725[[#This Row],[ESTIMATED AVERAGE AMPACITY]]*Table1725[[#This Row],[VOLTAGE]]/1000 -> 74.75
A31: Industrial Load | B31: 0 | C31: 0 | D31: 0 | E31: 0 | F31: 0 | H31: SIMULTANEOUS MAXIMUM DEMAND (BULK) | I31: ="=" -> = | J31: =IF((COUNTIF(A28:A32,"Commercial Load (Bulk)")>0),TRUNC(LOOKUP("Commercial Load (Bulk)",A28:A32,F28:F32))&"(0.7)",IF(COUNTIF(A28:A32,"Industrial Load (Bulk)")>0,TRUNC(LOOKUP("Industrial Load (Bulk)",A28:A32,F28:F32))&"(0.7)","")) | P31: =IF((COUNTIF(A28:A32,"Commercial Load (Bulk)")>0),(LOOKUP("Commercial Load (Bulk)",A28:A32,F28:F32)*MID(J31,LEN(J31)-3,3))/J32,IF(COUNTIF(A28:A32,"Industrial Load (Bulk)")>0,(LOOKUP("Industrial Load (Bulk)",A28:A32,F28:F32)*MID(J31,LEN(J31)-3,3))/J32,"")) | S31: =IF(ISBLANK(R31),"",P31/R31)
J32: =IF((COUNTIF(A28:A32,"Commercial Load (Bulk)")>0),"0.9",IF(COUNTIF(A28:A32,"Industrial Load (Bulk)")>0,"0.9",""))
A34: STUDY AREA 2, BLOCK 5
R35: Power Factor | S35: kVA
A36: LOAD | B36: NO. OF ESTABLISHMENTS | C36: ESTIMATED AVERAGE AMPACITY | D36: NUMBER OF PHASE | E36: VOLTAGE | F36: POWER (kW) | H36: SIMULTANEOUS MAXIMUM DEMAND | I36: = | J36: =TRUNC(SUMIF(A36:A40,"Residential Load",F36:F40),3)&"(0.6)" -> 172.5(0.6) | K36: + | L36: =TRUNC(SUMIF(A36:A40,"Commercial Load",F36:F40),3)&"(0.7)" -> 74.75(0.7) | M36: + | N36: =TRUNC(SUMIF(A36:A40,"Industrial Load",F36:F40),3)&"(0.65)" -> 0(0.65) | O36: ="=" -> = | P36: =((SUMIF(A36:A40,"Residential Load",F36:F40)*MID(J36,LEN(J36)-3,3))/J37)+((SUMIF(A36:A40,"Commercial Load",F36:F40)*MID(L36,LEN(L36)-3,3))/L37)+((SUMIF(A36:A40,"Industrial Load",F36:F40)*MID(N36,LEN(N36)-3,3))/N37) -> 87.589041 | Q36: kW | R36: 0.9 | S36: =P36/R36 -> 97.321157 | U36: USE 1 - 112.5 kVA TRANSFORMER | Y36: =MID(U36,9,SEARCH("T",U36,1)-14)*1 -> 112.5
A37: Residential Load | B37: 50 | C37: 15 | D37: 1 | E37: 230 | F37: =Table15826[[#This Row],[NO. OF ESTABLISHMENTS]]*Table15826[[#This Row],[ESTIMATED AVERAGE AMPACITY]]*Table15826[[#This Row],[VOLTAGE]]/1000 -> 172.5 | J37: 2 | L37: 1.46 | N37: 0.86
A38: Commercial Load | B38: 5 | C38: 65 | D38: 1 | E38: 230 | F38: =Table15826[[#This Row],[NO. OF ESTABLISHMENTS]]*Table15826[[#This Row],[ESTIMATED AVERAGE AMPACITY]]*Table15826[[#This Row],[VOLTAGE]]/1000 -> 74.75
A39: Industrial Load | B39: 0 | C39: 0 | D39: 0 | E39: 0 | F39: 0 | H39: SIMULTANEOUS MAXIMUM DEMAND (BULK) | I39: ="=" -> = | J39: =IF((COUNTIF(A36:A40,"Commercial Load (Bulk)")>0),TRUNC(LOOKUP("Commercial Load (Bulk)",A36:A40,F36:F40))&"(0.7)",IF(COUNTIF(A36:A40,"Industrial Load (Bulk)")>0,TRUNC(LOOKUP("Industrial Load (Bulk)",A36:A40,F36:F40))&"(0.7)","")) | P39: =IF((COUNTIF(A36:A40,"Commercial Load (Bulk)")>0),(LOOKUP("Commercial Load (Bulk)",A36:A40,F36:F40)*MID(J39,LEN(J39)-3,3))/J40,IF(COUNTIF(A36:A40,"Industrial Load (Bulk)")>0,(LOOKUP("Industrial Load (Bulk)",A36:A40,F36:F40)*MID(J39,LEN(J39)-3,3))/J40,"")) | S39: =IF(ISBLANK(R39),"",P39/R39)
J40: =IF((COUNTIF(A36:A40,"Commercial Load (Bulk)")>0),"0.9",IF(COUNTIF(A36:A40,"Industrial Load (Bulk)")>0,"0.9",""))
A42: STUDY AREA 2, BLOCK 6
R43: Power Factor | S43: kVA
A44: LOAD | B44: NO. OF ESTABLISHMENTS | C44: ESTIMATED AVERAGE AMPACITY | D44: NUMBER OF PHASE | E44: VOLTAGE | F44: POWER (kW) | H44: SIMULTANEOUS MAXIMUM DEMAND | I44: = | J44: =TRUNC(SUMIF(A44:A48,"Residential Load",F44:F48),3)&"(0.6)" -> 920(0.6) | K44: + | L44: =TRUNC(SUMIF(A44:A48,"Commercial Load",F44:F48),3)&"(0.7)" -> 546.25(0.7) | M44: + | N44: =TRUNC(SUMIF(A44:A48,"Industrial Load",F44:F48),3)&"(0.65)" -> 0(0.65) | O44: ="=" -> = | P44: =((SUMIF(A44:A48,"Residential Load",F44:F48)*MID(J44,LEN(J44)-3,3))/J45)+((SUMIF(A44:A48,"Commercial Load",F44:F48)*MID(L44,LEN(L44)-3,3))/L45)+((SUMIF(A44:A48,"Industrial Load",F44:F48)*MID(N44,LEN(N44)-3,3))/N45) -> 537.90068 | Q44: kW | R44: 0.9 | S44: =P44/R44 -> 597.66743 | U44: USE 1 - 600 kVA TRANSFORMER | Y44: =MID(U44,9,SEARCH("T",U44,1)-14)*1 -> 600
A45: Residential Load | B45: 100 | C45: 40 | D45: 1 | E45: 230 | F45: =Table16927[[#This Row],[NO. OF ESTABLISHMENTS]]*Table16927[[#This Row],[ESTIMATED AVERAGE AMPACITY]]*Table16927[[#This Row],[VOLTAGE]]/1000 -> 920 | J45: 2 | L45: 1.46 | N45: 0.86
A46: Commercial Load | B46: 25 | C46: 95 | D46: 1 | E46: 230 | F46: =Table16927[[#This Row],[NO. OF ESTABLISHMENTS]]*Table16927[[#This Row],[ESTIMATED AVERAGE AMPACITY]]*Table16927[[#This Row],[VOLTAGE]]/1000 -> 546.25
A47: Industrial Load | B47: 0 | C47: 0 | D47: 0 | E47: 0 | F47: 0 | H47: SIMULTANEOUS MAXIMUM DEMAND (BULK) | I47: ="=" -> = | J47: =IF((COUNTIF(A44:A48,"Commercial Load (Bulk)")>0),TRUNC(LOOKUP("Commercial Load (Bulk)",A44:A48,F44:F48))&"(0.7)",IF(COUNTIF(A44:A48,"Industrial Load (Bulk)")>0,TRUNC(LOOKUP("Industrial Load (Bulk)",A44:A48,F44:F48))&"(0.7)","")) | P47: =IF((COUNTIF(A44:A48,"Commercial Load (Bulk)")>0),(LOOKUP("Commercial Load (Bulk)",A44:A48,F44:F48)*MID(J47,LEN(J47)-3,3))/J48,IF(COUNTIF(A44:A48,"Industrial Load (Bulk)")>0,(LOOKUP("Industrial Load (Bulk)",A44:A48,F44:F48)*MID(J47,LEN(J47)-3,3))/J48,"")) | S47: =IF(ISBLANK(R47),"",P47/R47)
J48: =IF((COUNTIF(A44:A48,"Commercial Load (Bulk)")>0),"0.9",IF(COUNTIF(A44:A48,"Industrial Load (Bulk)")>0,"0.9",""))
A50: STUDY AREA 2, BLOCK 7
R51: Power Factor | S51: kVA
A52: LOAD | B52: NO. OF ESTABLISHMENTS | C52: ESTIMATED AVERAGE AMPACITY | D52: NUMBER OF PHASE | E52: VOLTAGE | F52: POWER (kW) | H52: SIMULTANEOUS MAXIMUM DEMAND | I52: = | J52: =TRUNC(SUMIF(A52:A56,"Residential Load",F52:F56),3)&"(0.6)" -> 920(0.6) | K52: + | L52: =TRUNC(SUMIF(A52:A56,"Commercial Load",F52:F56),3)&"(0.7)" -> 276(0.7) | M52: + | N52: =TRUNC(SUMIF(A52:A56,"Industrial Load",F52:F56),3)&"(0.65)" -> 0(0.65) | O52: ="=" -> = | P52: =((SUMIF(A52:A56,"Residential Load",F52:F56)*MID(J52,LEN(J52)-3,3))/J53)+((SUMIF(A52:A56,"Commercial Load",F52:F56)*MID(L52,LEN(L52)-3,3))/L53)+((SUMIF(A52:A56,"Industrial Load",F52:F56)*MID(N52,LEN(N52)-3,3))/N53) -> 408.32877 | Q52: kW | R52: 0.9 | S52: =P52/R52 -> 453.69863 | U52: USE 1 - 500 kVA TRANSFORMER | Y52: =MID(U52,9,SEARCH("T",U52,1)-14)*1 -> 500
A53: Residential Load | B53: 160 | C53: 25 | D53: 1 | E53: 230 | F53: =Table11028[[#This Row],[NO. OF ESTABLISHMENTS]]*Table11028[[#This Row],[ESTIMATED AVERAGE AMPACITY]]*Table11028[[#This Row],[VOLTAGE]]/1000 -> 920 | J53: 2 | L53: 1.46 | N53: 0.86
A54: Commercial Load | B54: 15 | C54: 80 | D54: 1 | E54: 230 | F54: =Table11028[[#This Row],[NO. OF ESTABLISHMENTS]]*Table11028[[#This Row],[ESTIMATED AVERAGE AMPACITY]]*Table11028[[#This Row],[VOLTAGE]]/1000 -> 276
A55: Industrial Load | B55: 0 | C55: 0 | D55: 0 | E55: 0 | F55: 0 | H55: SIMULTANEOUS MAXIMUM DEMAND (BULK) | I55: ="=" -> = | J55: =IF((COUNTIF(A52:A56,"Commercial Load (Bulk)")>0),TRUNC(LOOKUP("Commercial Load (Bulk)",A52:A56,F52:F56))&"(0.7)",IF(COUNTIF(A52:A56,"Industrial Load (Bulk)")>0,TRUNC(LOOKUP("Industrial Load (Bulk)",A52:A56,F52:F56))&"(0.7)","")) | P55: =IF((COUNTIF(A52:A56,"Commercial Load (Bulk)")>0),(LOOKUP("Commercial Load (Bulk)",A52:A56,F52:F56)*MID(J55,LEN(J55)-3,3))/J56,IF(COUNTIF(A52:A56,"Industrial Load (Bulk)")>0,(LOOKUP("Industrial Load (Bulk)",A52:A56,F52:F56)*MID(J55,LEN(J55)-3,3))/J56,"")) | S55: =IF(ISBLANK(R55),"",P55/R55)
J56: =IF((COUNTIF(A52:A56,"Commercial Load (Bulk)")>0),"0.9",IF(COUNTIF(A52:A56,"Industrial Load (Bulk)")>0,"0.9",""))
A58: STUDY AREA 2, BLOCK 8
R59: Power Factor | S59: kVA
A60: LOAD | B60: NO. OF ESTABLISHMENTS | C60: ESTIMATED AVERAGE AMPACITY | D60: NUMBER OF PHASE | E60: VOLTAGE | F60: POWER (kW) | H60: SIMULTANEOUS MAXIMUM DEMAND | I60: = | J60: =TRUNC(SUMIF(A60:A64,"Residential Load",F60:F64),3)&"(0.6)" -> 598(0.6) | K60: + | L60: =TRUNC(SUMIF(A60:A64,"Commercial Load",F60:F64),3)&"(0.7)" -> 149.5(0.7) | M60: + | N60: =TRUNC(SUMIF(A60:A64,"Industrial Load",F60:F64),3)&"(0.65)" -> 0(0.65) | O60: ="=" -> = | P60: =((SUMIF(A60:A64,"Residential Load",F60:F64)*MID(J60,LEN(J60)-3,3))/J61)+((SUMIF(A60:A64,"Commercial Load",F60:F64)*MID(L60,LEN(L60)-3,3))/L61)+((SUMIF(A60:A64,"Industrial Load",F60:F64)*MID(N60,LEN(N60)-3,3))/N61) -> 251.07808 | Q60: kW | R60: 0.9 | S60: =P60/R60 -> 278.97565 | U60: USE 1 - 300 kVA TRANSFORMER | Y60: =MID(U60,9,SEARCH("T",U60,1)-14)*1 -> 300
A61: Residential Load | B61: 130 | C61: 20 | D61: 1 | E61: 230 | F61: =Table151129[[#This Row],[NO. OF ESTABLISHMENTS]]*Table151129[[#This Row],[ESTIMATED AVERAGE AMPACITY]]*Table151129[[#This Row],[VOLTAGE]]/1000 -> 598 | J61: 2 | L61: 1.46 | N61: 0.86
A62: Commercial Load | B62: 10 | C62: 65 | D62: 1 | E62: 230 | F62: =Table151129[[#This Row],[NO. OF ESTABLISHMENTS]]*Table151129[[#This Row],[ESTIMATED AVERAGE AMPACITY]]*Table151129[[#This Row],[VOLTAGE]]/1000 -> 149.5
A63: Industrial Load | B63: 0 | C63: 0 | D63: 0 | E63: 0 | F63: 0 | H63: SIMULTANEOUS MAXIMUM DEMAND (BULK) | I63: ="=" -> = | J63: =IF((COUNTIF(A60:A64,"Commercial Load (Bulk)")>0),TRUNC(LOOKUP("Commercial Load (Bulk)",A60:A64,F60:F64))&"(0.7)",IF(COUNTIF(A60:A64,"Industrial Load (Bulk)")>0,TRUNC(LOOKUP("Industrial Load (Bulk)",A60:A64,F60:F64))&"(0.7)","")) | P63: =IF((COUNTIF(A60:A64,"Commercial Load (Bulk)")>0),(LOOKUP("Commercial Load (Bulk)",A60:A64,F60:F64)*MID(J63,LEN(J63)-3,3))/J64,IF(COUNTIF(A60:A64,"Industrial Load (Bulk)")>0,(LOOKUP("Industrial Load (Bulk)",A60:A64,F60:F64)*MID(J63,LEN(J63)-3,3))/J64,"")) | S63: =IF(ISBLANK(R63),"",P63/R63)
J64: =IF((COUNTIF(A60:A64,"Commercial Load (Bulk)")>0),"0.9",IF(COUNTIF(A60:A64,"Industrial Load (Bulk)")>0,"0.9",""))
A66: STUDY AREA 2, BLOCK 9
R67: Power Factor | S67: kVA
A68: LOAD | B68: NO. OF ESTABLISHMENTS | C68: ESTIMATED AVERAGE AMPACITY | D68: NUMBER OF PHASE | E68: VOLTAGE | F68: POWER (kW) | H68: SIMULTANEOUS MAXIMUM DEMAND | I68: = | J68: =TRUNC(SUMIF(A68:A72,"Residential Load",F68:F72),3)&"(0.6)" -> 1380(0.6) | K68: + | L68: =TRUNC(SUMIF(A68:A72,"Commercial Load",F68:F72),3)&"(0.7)" -> 655.5(0.7) | M68: + | N68: =TRUNC(SUMIF(A68:A72,"Industrial Load",F68:F72),3)&"(0.65)" -> 0(0.65) | O68: ="=" -> = | P68: =((SUMIF(A68:A72,"Residential Load",F68:F72)*MID(J68,LEN(J68)-3,3))/J69)+((SUMIF(A68:A72,"Commercial Load",F68:F72)*MID(L68,LEN(L68)-3,3))/L69)+((SUMIF(A68:A72,"Industrial Load",F68:F72)*MID(N68,LEN(N68)-3,3))/N69) -> 728.28082 | Q68: kW | R68: 0.9 | S68: =P68/R68 -> 809.20091 | U68: USE 1 - 1000 kVA TRANSFORMER | Y68: =MID(U68,9,SEARCH("T",U68,1)-14)*1 -> 1000
A69: Residential Load | B69: 150 | C69: 40 | D69: 1 | E69: 230 | F69: =Table161230[[#This Row],[NO. OF ESTABLISHMENTS]]*Table161230[[#This Row],[ESTIMATED AVERAGE AMPACITY]]*Table161230[[#This Row],[VOLTAGE]]/1000 -> 1380 | J69: 2 | L69: 1.46 | N69: 0.86
A70: Commercial Load | B70: 30 | C70: 95 | D70: 1 | E70: 230 | F70: =Table161230[[#This Row],[NO. OF ESTABLISHMENTS]]*Table161230[[#This Row],[ESTIMATED AVERAGE AMPACITY]]*Table161230[[#This Row],[VOLTAGE]]/1000 -> 655.5
A71: Industrial Load | B71: 0 | C71: 0 | D71: 0 | E71: 0 | F71: 0 | H71: SIMULTANEOUS MAXIMUM DEMAND (BULK) | I71: ="=" -> = | J71: =IF((COUNTIF(A68:A72,"Commercial Load (Bulk)")>0),TRUNC(LOOKUP("Commercial Load (Bulk)",A68:A72,F68:F72))&"(0.7)",IF(COUNTIF(A68:A72,"Industrial Load (Bulk)")>0,TRUNC(LOOKUP("Industrial Load (Bulk)",A68:A72,F68:F72))&"(0.7)","")) | P71: =IF((COUNTIF(A68:A72,"Commercial Load (Bulk)")>0),(LOOKUP("Commercial Load (Bulk)",A68:A72,F68:F72)*MID(J71,LEN(J71)-3,3))/J72,IF(COUNTIF(A68:A72,"Industrial Load (Bulk)")>0,(LOOKUP("Industrial Load (Bulk)",A68:A72,F68:F72)*MID(J71,LEN(J71)-3,3))/J72,"")) | S71: =IF(ISBLANK(R71),"",P71/R71)
J72: =IF((COUNTIF(A68:A72,"Commercial Load (Bulk)")>0),"0.9",IF(COUNTIF(A68:A72,"Industrial Load (Bulk)")>0,"0.9",""))
A74: STUDY AREA 2, BLOCK 10
R75: Power Factor | S75: kVA
A76: LOAD | B76: NO. OF ESTABLISHMENTS | C76: ESTIMATED AVERAGE AMPACITY | D76: NUMBER OF PHASE | E76: VOLTAGE | F76: POWER (kW) | H76: SIMULTANEOUS MAXIMUM DEMAND | I76: = | J76: =TRUNC(SUMIF(A76:A80,"Residential Load",F76:F80),3)&"(0.6)" -> 966(0.6) | K76: + | L76: =TRUNC(SUMIF(A76:A80,"Commercial Load",F76:F80),3)&"(0.7)" -> 258.75(0.7) | M76: + | N76: =TRUNC(SUMIF(A76:A80,"Industrial Load",F76:F80),3)&"(0.65)" -> 0(0.65) | O76: ="=" -> = | P76: =((SUMIF(A76:A80,"Residential Load",F76:F80)*MID(J76,LEN(J76)-3,3))/J77)+((SUMIF(A76:A80,"Commercial Load",F76:F80)*MID(L76,LEN(L76)-3,3))/L77)+((SUMIF(A76:A80,"Industrial Load",F76:F80)*MID(N76,LEN(N76)-3,3))/N77) -> 413.85822 | Q76: kW | R76: 0.9 | S76: =P76/R76 -> 459.84247 | U76: USE 1 - 500 kVA TRANSFORMER | Y76: =MID(U76,9,SEARCH("T",U76,1)-14)*1 -> 500
A77: Residential Load | B77: 140 | C77: 30 | D77: 1 | E77: 230 | F77: =Table171331[[#This Row],[NO. OF ESTABLISHMENTS]]*Table171331[[#This Row],[ESTIMATED AVERAGE AMPACITY]]*Table171331[[#This Row],[VOLTAGE]]/1000 -> 966 | J77: 2 | L77: 1.46 | N77: 0.86
A78: Commercial Load | B78: 15 | C78: 75 | D78: 1 | E78: 230 | F78: =Table171331[[#This Row],[NO. OF ESTABLISHMENTS]]*Table171331[[#This Row],[ESTIMATED AVERAGE AMPACITY]]*Table171331[[#This Row],[VOLTAGE]]/1000 -> 258.75
A79: Industrial Load | B79: 0 | C79: 0 | D79: 0 | E79: 0 | F79: 0 | H79: SIMULTANEOUS MAXIMUM DEMAND (BULK) | I79: ="=" -> = | J79: =IF((COUNTIF(A76:A80,"Commercial Load (Bulk)")>0),TRUNC(LOOKUP("Commercial Load (Bulk)",A76:A80,F76:F80))&"(0.7)",IF(COUNTIF(A76:A80,"Industrial Load (Bulk)")>0,TRUNC(LOOKUP("Industrial Load (Bulk)",A76:A80,F76:F80))&"(0.7)","")) | P79: =IF((COUNTIF(A76:A80,"Commercial Load (Bulk)")>0),(LOOKUP("Commercial Load (Bulk)",A76:A80,F76:F80)*MID(J79,LEN(J79)-3,3))/J80,IF(COUNTIF(A76:A80,"Industrial Load (Bulk)")>0,(LOOKUP("Industrial Load (Bulk)",A76:A80,F76:F80)*MID(J79,LEN(J79)-3,3))/J80,"")) | S79: =IF(ISBLANK(R79),"",P79/R79)
J80: =IF((COUNTIF(A76:A80,"Commercial Load (Bulk)")>0),"0.9",IF(COUNTIF(A76:A80,"Industrial Load (Bulk)")>0,"0.9",""))
A82: STUDY AREA 2, BLOCK 11
R83: Power Factor | S83: kVA
A84: LOAD | B84: NO. OF ESTABLISHMENTS | C84: ESTIMATED AVERAGE AMPACITY | D84: NUMBER OF PHASE | E84: VOLTAGE | F84: POWER (kW) | H84: SIMULTANEOUS MAXIMUM DEMAND | I84: = | J84: =TRUNC(SUMIF(A84:A88,"Residential Load",F84:F88),3)&"(0.6)" -> 598(0.6) | K84: + | L84: =TRUNC(SUMIF(A84:A88,"Commercial Load",F84:F88),3)&"(0.7)" -> 149.5(0.7) | M84: + | N84: =TRUNC(SUMIF(A84:A88,"Industrial Load",F84:F88),3)&"(0.65)" -> 0(0.65) | O84: ="=" -> = | P84: =((SUMIF(A84:A88,"Residential Load",F84:F88)*MID(J84,LEN(J84)-3,3))/J85)+((SUMIF(A84:A88,"Commercial Load",F84:F88)*MID(L84,LEN(L84)-3,3))/L85)+((SUMIF(A84:A88,"Industrial Load",F84:F88)*MID(N84,LEN(N84)-3,3))/N85) -> 251.07808 | Q84: kW | R84: 0.9 | S84: =P84/R84 -> 278.97565 | U84: USE 1 - 300 kVA TRANSFORMER | Y84: =MID(U84,9,SEARCH("T",U84,1)-14)*1 -> 300
A85: Residential Load | B85: 130 | C85: 20 | D85: 1 | E85: 230 | F85: =Table1581432[[#This Row],[NO. OF ESTABLISHMENTS]]*Table1581432[[#This Row],[ESTIMATED AVERAGE AMPACITY]]*Table1581432[[#This Row],[VOLTAGE]]/1000 -> 598 | J85: 2 | L85: 1.46 | N85: 0.86
A86: Commercial Load | B86: 10 | C86: 65 | D86: 1 | E86: 230 | F86: =Table1581432[[#This Row],[NO. OF ESTABLISHMENTS]]*Table1581432[[#This Row],[ESTIMATED AVERAGE AMPACITY]]*Table1581432[[#This Row],[VOLTAGE]]/1000 -> 149.5
A87: Industrial Load | B87: 0 | C87: 0 | D87: 0 | E87: 0 | F87: 0 | H87: SIMULTANEOUS MAXIMUM DEMAND (BULK) | I87: ="=" -> = | J87: =IF((COUNTIF(A84:A88,"Commercial Load (Bulk)")>0),TRUNC(LOOKUP("Commercial Load (Bulk)",A84:A88,F84:F88))&"(0.7)",IF(COUNTIF(A84:A88,"Industrial Load (Bulk)")>0,TRUNC(LOOKUP("Industrial Load (Bulk)",A84:A88,F84:F88))&"(0.7)","")) | P87: =IF((COUNTIF(A84:A88,"Commercial Load (Bulk)")>0),(LOOKUP("Commercial Load (Bulk)",A84:A88,F84:F88)*MID(J87,LEN(J87)-3,3))/J88,IF(COUNTIF(A84:A88,"Industrial Load (Bulk)")>0,(LOOKUP("Industrial Load (Bulk)",A84:A88,F84:F88)*MID(J87,LEN(J87)-3,3))/J88,"")) | S87: =IF(ISBLANK(R87),"",P87/R87)
J88: =IF((COUNTIF(A84:A88,"Commercial Load (Bulk)")>0),"0.9",IF(COUNTIF(A84:A88,"Industrial Load (Bulk)")>0,"0.9",""))
A90: STUDY AREA 2, BLOCK 12
R91: Power Factor | S91: kVA
A92: LOAD | B92: NO. OF ESTABLISHMENTS | C92: ESTIMATED AVERAGE AMPACITY | D92: NUMBER OF PHASE | E92: VOLTAGE | F92: POWER (kW) | H92: SIMULTANEOUS MAXIMUM DEMAND | I92: = | J92: =TRUNC(SUMIF(A92:A96,"Residential Load",F92:F96),3)&"(0.6)" -> 1380(0.6) | K92: + | L92: =TRUNC(SUMIF(A92:A96,"Commercial Load",F92:F96),3)&"(0.7)" -> 488.75(0.7) | M92: + | N92: =TRUNC(SUMIF(A92:A96,"Industrial Load",F92:F96),3)&"(0.65)" -> 0(0.65) | O92: ="=" -> = | P92: =((SUMIF(A92:A96,"Residential Load",F92:F96)*MID(J92,LEN(J92)-3,3))/J93)+((SUMIF(A92:A96,"Commercial Load",F92:F96)*MID(L92,LEN(L92)-3,3))/L93)+((SUMIF(A92:A96,"Industrial Load",F92:F96)*MID(N92,LEN(N92)-3,3))/N93) -> 648.33219 | Q92: kW | R92: 0.9 | S92: =P92/R92 -> 720.3691 | U92: USE 1 - 800 kVA TRANSFORMER | Y92: =MID(U92,9,SEARCH("T",U92,1)-14)*1 -> 800
A93: Residential Load | B93: 150 | C93: 40 | D93: 1 | E93: 230 | F93: =Table1691533[[#This Row],[NO. OF ESTABLISHMENTS]]*Table1691533[[#This Row],[ESTIMATED AVERAGE AMPACITY]]*Table1691533[[#This Row],[VOLTAGE]]/1000 -> 1380 | J93: 2 | L93: 1.46 | N93: 0.86
A94: Commercial Load | B94: 25 | C94: 85 | D94: 1 | E94: 230 | F94: =Table1691533[[#This Row],[NO. OF ESTABLISHMENTS]]*Table1691533[[#This Row],[ESTIMATED AVERAGE AMPACITY]]*Table1691533[[#This Row],[VOLTAGE]]/1000 -> 488.75
A95: Industrial Load | B95: 0 | C95: 0 | D95: 0 | E95: 0 | F95: 0 | H95: SIMULTANEOUS MAXIMUM DEMAND (BULK) | I95: ="=" -> = | J95: =IF((COUNTIF(A92:A96,"Commercial Load (Bulk)")>0),TRUNC(LOOKUP("Commercial Load (Bulk)",A92:A96,F92:F96))&"(0.7)",IF(COUNTIF(A92:A96,"Industrial Load (Bulk)")>0,TRUNC(LOOKUP("Industrial Load (Bulk)",A92:A96,F92:F96))&"(0.7)","")) | P95: =IF((COUNTIF(A92:A96,"Commercial Load (Bulk)")>0),(LOOKUP("Commercial Load (Bulk)",A92:A96,F92:F96)*MID(J95,LEN(J95)-3,3))/J96,IF(COUNTIF(A92:A96,"Industrial Load (Bulk)")>0,(LOOKUP("Industrial Load (Bulk)",A92:A96,F92:F96)*MID(J95,LEN(J95)-3,3))/J96,"")) | S95: =IF(ISBLANK(R95),"",P95/R95)
J96: =IF((COUNTIF(A92:A96,"Commercial Load (Bulk)")>0),"0.9",IF(COUNTIF(A92:A96,"Industrial Load (Bulk)")>0,"0.9",""))
A98: STUDY AREA 2, BLOCK 13
R99: Power Factor | S99: kVA
A100: LOAD | B100: NO. OF ESTABLISHMENTS | C100: ESTIMATED AVERAGE AMPACITY | D100: NUMBER OF PHASE | E100: VOLTAGE | F100: POWER (kW) | H100: SIMULTANEOUS MAXIMUM DEMAND | I100: = | J100: =TRUNC(SUMIF(A100:A104,"Residential Load",F100:F104),3)&"(0.6)" -> 736(0.6) | K100: + | L100: =TRUNC(SUMIF(A100:A104,"Commercial Load",F100:F104),3)&"(0.7)" -> 224.25(0.7) | M100: + | N100: =TRUNC(SUMIF(A100:A104,"Industrial Load",F100:F104),3)&"(0.65)" -> 0(0.65) | O100: ="=" -> = | P100: =((SUMIF(A100:A104,"Residential Load",F100:F104)*MID(J100,LEN(J100)-3,3))/J101)+((SUMIF(A100:A104,"Commercial Load",F100:F104)*MID(L100,LEN(L100)-3,3))/L101)+((SUMIF(A100:A104,"Industrial Load",F100:F104)*MID(N100,LEN(N100)-3,3))/N101) -> 328.31712 | Q100: kW | R100: 0.9 | S100: =P100/R100 -> 364.7968 | U100: USE 1 - 450 kVA TRANSFORMER | Y100: =MID(U100,9,SEARCH("T",U100,1)-14)*1 -> 450
A101: Residential Load | B101: 80 | C101: 40 | D101: 1 | E101: 230 | F101: =Table11634[[#This Row],[NO. OF ESTABLISHMENTS]]*Table11634[[#This Row],[ESTIMATED AVERAGE AMPACITY]]*Table11634[[#This Row],[VOLTAGE]]/1000 -> 736 | J101: 2 | L101: 1.46 | N101: 0.86
A102: Commercial Load | B102: 15 | C102: 65 | D102: 1 | E102: 230 | F102: =Table11634[[#This Row],[NO. OF ESTABLISHMENTS]]*Table11634[[#This Row],[ESTIMATED AVERAGE AMPACITY]]*Table11634[[#This Row],[VOLTAGE]]/1000 -> 224.25
A103: Industrial Load | B103: 0 | C103: 0 | D103: 0 | E103: 0 | F103: 0 | H103: SIMULTANEOUS MAXIMUM DEMAND (BULK) | I103: ="=" -> = | J103: =IF((COUNTIF(A100:A104,"Commercial Load (Bulk)")>0),TRUNC(LOOKUP("Commercial Load (Bulk)",A100:A104,F100:F104))&"(0.7)",IF(COUNTIF(A100:A104,"Industrial Load (Bulk)")>0,TRUNC(LOOKUP("Industrial Load (Bulk)",A100:A104,F100:F104))&"(0.7)","")) | P103: =IF((COUNTIF(A100:A104,"Commercial Load (Bulk)")>0),(LOOKUP("Commercial Load (Bulk)",A100:A104,F100:F104)*MID(J103,LEN(J103)-3,3))/J104,IF(COUNTIF(A100:A104,"Industrial Load (Bulk)")>0,(LOOKUP("Industrial Load (Bulk)",A100:A104,F100:F104)*MID(J103,LEN(J103)-3,3))/J104,"")) | S103: =IF(ISBLANK(R103),"",P103/R103)
J104: =IF((COUNTIF(A100:A104,"Commercial Load (Bulk)")>0),"0.9",IF(COUNTIF(A100:A104,"Industrial Load (Bulk)")>0,"0.9",""))
A106: STUDY AREA 2, BLOCK 14
R107: Power Factor | S107: kVA
A108: LOAD | B108: NO. OF ESTABLISHMENTS | C108: ESTIMATED AVERAGE AMPACITY | D108: NUMBER OF PHASE | E108: VOLTAGE | F108: POWER (kW) | H108: SIMULTANEOUS MAXIMUM DEMAND | I108: = | J108: =TRUNC(SUMIF(A108:A112,"Residential Load",F108:F112),3)&"(0.6)" -> 230(0.6) | K108: + | L108: =TRUNC(SUMIF(A108:A112,"Commercial Load",F108:F112),3)&"(0.7)" -> 74.75(0.7) | M108: + | N108: =TRUNC(SUMIF(A108:A112,"Industrial Load",F108:F112),3)&"(0.65)" -> 0(0.65) | O108: ="=" -> = | P108: =((SUMIF(A108:A112,"Residential Load",F108:F112)*MID(J108,LEN(J108)-3,3))/J109)+((SUMIF(A108:A112,"Commercial Load",F108:F112)*MID(L108,LEN(L108)-3,3))/L109)+((SUMIF(A108:A112,"Industrial Load",F108:F112)*MID(N108,LEN(N108)-3,3))/N109) -> 104.83904 | Q108: kW | R108: 0.9 | S108: =P108/R108 -> 116.48782 | U108: USE 1 - 150 kVA TRANSFORMER | Y108: 800
A109: Residential Load | B109: 50 | C109: 20 | D109: 1 | E109: 230 | F109: =Table151735[[#This Row],[NO. OF ESTABLISHMENTS]]*Table151735[[#This Row],[ESTIMATED AVERAGE AMPACITY]]*Table151735[[#This Row],[VOLTAGE]]/1000 -> 230 | J109: 2 | L109: 1.46 | N109: 0.86
A110: Commercial Load | B110: 5 | C110: 65 | D110: 1 | E110: 230 | F110: =Table151735[[#This Row],[NO. OF ESTABLISHMENTS]]*Table151735[[#This Row],[ESTIMATED AVERAGE AMPACITY]]*Table151735[[#This Row],[VOLTAGE]]/1000 -> 74.75
A111: Industrial Load (Bulk) | B111: 1 | C111: 600 | D111: 3 | E111: 2300 | F111: =Table151735[[#This Row],[NO. OF ESTABLISHMENTS]]*Table151735[[#This Row],[ESTIMATED AVERAGE AMPACITY]]*Table151735[[#This Row],[VOLTAGE]]*SQRT(3)/1000 -> 2390.2301 | H111: SIMULTANEOUS MAXIMUM DEMAND (BULK) | I111: ="=" -> = | J111: =IF((COUNTIF(A108:A112,"Commercial Load (Bulk)")>0),TRUNC(LOOKUP("Commercial Load (Bulk)",A108:A112,F108:F112))&"(0.7)",IF(COUNTIF(A108:A112,"Industrial Load (Bulk)")>0,TRUNC(LOOKUP("Industrial Load (Bulk)",A108:A112,F108:F112))&"(0.7)","")) -> 2390(0.7) | P111: =IF((COUNTIF(A108:A112,"Commercial Load (Bulk)")>0),(LOOKUP("Commercial Load (Bulk)",A108:A112,F108:F112)*MID(J111,LEN(J111)-3,3))/J112,IF(COUNTIF(A108:A112,"Industrial Load (Bulk)")>0,(LOOKUP("Industrial Load (Bulk)",A108:A112,F108:F112)*MID(J111,LEN(J111)-3,3))/J112,"")) -> 1859.0679 | Q111: kVA | S111: =IF(ISBLANK(R111),"",P111/R111) | U111: USE 1 - 2000 kVA TRANSFORMER | Y111: =MID(U111,9,SEARCH("T",U111,1)-14)*1 -> 2000
J112: =IF((COUNTIF(A108:A112,"Commercial Load (Bulk)")>0),"0.9",IF(COUNTIF(A108:A112,"Industrial Load (Bulk)")>0,"0.9","")) -> 0.9
A114: STUDY AREA 2, BLOCK 15
R115: Power Factor | S115: kVA
...

Sheet STUDY AREA 3
A2: STUDY AREA 3, BLOCK 1
R3: Power Factor | S3: kVA | U3: TRANSFORMER SIZE
A4: LOAD | B4: NO. OF ESTABLISHMENTS | C4: ESTIMATED AVERAGE AMPACITY | D4: NUMBER OF PHASE | E4: VOLTAGE | F4: POWER (kW) | H4: SIMULTANEOUS MAXIMUM DEMAND | I4: = | J4: =TRUNC(SUMIF(A4:A8,"Residential Load",F4:F8),3)&"(0.6)" -> 736(0.6) | K4: + | L4: =TRUNC(SUMIF(A4:A8,"Commercial Load",F4:F8),3)&"(0.7)" -> 80.5(0.7) | M4: + | N4: =TRUNC(SUMIF(A4:A8,"Industrial Load",F4:F8),3)&"(0.65)" -> 0(0.65) | O4: ="=" -> = | P4: =((SUMIF(A4:A8,"Residential Load",F4:F8)*MID(J4,LEN(J4)-3,3))/J5)+((SUMIF(A4:A8,"Commercial Load",F4:F8)*MID(L4,LEN(L4)-3,3))/L5)+((SUMIF(A4:A8,"Industrial Load",F4:F8)*MID(N4,LEN(N4)-3,3))/N5) -> 259.39589 | Q4: kW | R4: 0.9 | S4: =P4/R4 -> 288.21766 | U4: USE 1 - 300 kVA TRANSFORMER | Y4: =MID(U4,9,SEARCH("T",U4,1)-14)*1 -> 300
A5: Residential Load | B5: 160 | C5: 20 | D5: 1 | E5: 230 | F5: =Table122110[[#This Row],[NO. OF ESTABLISHMENTS]]*Table122110[[#This Row],[ESTIMATED AVERAGE AMPACITY]]*Table122110[[#This Row],[VOLTAGE]]/1000 -> 736 | J5: 2 | L5: 1.46 | N5: 0.86 | AA5: LOAD
A6: Commercial Load | B6: 5 | C6: 70 | D6: 1 | E6: 230 | F6: =Table122110[[#This Row],[NO. OF ESTABLISHMENTS]]*Table122110[[#This Row],[ESTIMATED AVERAGE AMPACITY]]*Table122110[[#This Row],[VOLTAGE]]/1000 -> 80.5 | AA6: Residential Load | AC6: =SUMIF($A$4:$F$121,AA6,$F$4:$F$121) -> 7820
A7: Industrial Load | B7: 0 | C7: 0 | D7: 0 | E7: 0 | F7: 0 | H7: SIMULTANEOUS MAXIMUM DEMAND (BULK) | I7: ="=" -> = | J7: =IF((COUNTIF(A4:A8,"Commercial Load (Bulk)")>0),TRUNC(LOOKUP("Commercial Load (Bulk)",A4:A8,F4:F8))&"(0.7)",IF(COUNTIF(A4:A8,"Industrial Load (Bulk)")>0,TRUNC(LOOKUP("Industrial Load (Bulk)",A4:A8,F4:F8))&"(0.7)","")) | P7: =IF((COUNTIF(A4:A8,"Commercial Load (Bulk)")>0),(LOOKUP("Commercial Load (Bulk)",A4:A8,F4:F8)*MID(J7,LEN(J7)-3,3))/J8,IF(COUNTIF(A4:A8,"Industrial Load (Bulk)")>0,(LOOKUP("Industrial Load (Bulk)",A4:A8,F4:F8)*MID(J7,LEN(J7)-3,3))/J8,"")) | S7: =IF(ISBLANK(R7),"",P7/R7) | AA7: Commercial Load | AC7: =SUMIF($A$4:$F$121,AA7,$F$4:$F$121) -> 3070.5
J8: =IF((COUNTIF(A4:A8,"Commercial Load (Bulk)")>0),"0.9",IF(COUNTIF(A4:A8,"Industrial Load (Bulk)")>0,"0.9","")) | AA8: Industrial Load | AC8: =SUMIF($A$4:$F$121,AA8,$F$4:$F$121) -> 0
A10: STUDY AREA 3, BLOCK 2
R11: Power Factor | S11: kVA
A12: LOAD | B12: NO. OF ESTABLISHMENTS | C12: ESTIMATED AVERAGE AMPACITY | D12: NUMBER OF PHASE | E12: VOLTAGE | F12: POWER (kW) | H12: SIMULTANEOUS MAXIMUM DEMAND | I12: = | J12: =TRUNC(SUMIF(A12:A16,"Residential Load",F12:F16),3)&"(0.6)" -> 805(0.6) | K12: + | L12: =TRUNC(SUMIF(A12:A16,"Commercial Load",F12:F16),3)&"(0.7)" -> 172.5(0.7) | M12: + | N12: =TRUNC(SUMIF(A12:A16,"Industrial Load",F12:F16),3)&"(0.65)" -> 0(0.65) | O12: ="=" -> = | P12: =((SUMIF(A12:A16,"Residential Load",F12:F16)*MID(J12,LEN(J12)-3,3))/J13)+((SUMIF(A12:A16,"Commercial Load",F12:F16)*MID(L12,LEN(L12)-3,3))/L13)+((SUMIF(A12:A16,"Industrial Load",F12:F16)*MID(N12,LEN(N12)-3,3))/N13) -> 324.20548 | Q12: kW | R12: 0.9 | S12: =P12/R12 -> 360.22831 | U12: USE 1 - 450 kVA TRANSFORMER | Y12: =MID(U12,9,SEARCH("T",U12,1)-14)*1 -> 450
A13: Residential Load | B13: 140 | C13: 25 | D13: 1 | E13: 230 | F13: =Table1523111[[#This Row],[NO. OF ESTABLISHMENTS]]*Table1523111[[#This Row],[ESTIMATED AVERAGE AMPACITY]]*Table1523111[[#This Row],[VOLTAGE]]/1000 -> 805 | J13: 2 | L13: 1.46 | N13: 0.86
A14: Commercial Load | B14: 10 | C14: 75 | D14: 1 | E14: 230 | F14: =Table1523111[[#This Row],[NO. OF ESTABLISHMENTS]]*Table1523111[[#This Row],[ESTIMATED AVERAGE AMPACITY]]*Table1523111[[#This Row],[VOLTAGE]]/1000 -> 172.5
A15: Industrial Load | B15: 0 | C15: 0 | D15: 0 | E15: 0 | F15: 0 | H15: SIMULTANEOUS MAXIMUM DEMAND (BULK) | I15: ="=" -> = | J15: =IF((COUNTIF(A12:A16,"Commercial Load (Bulk)")>0),TRUNC(LOOKUP("Commercial Load (Bulk)",A12:A16,F12:F16))&"(0.7)",IF(COUNTIF(A12:A16,"Industrial Load (Bulk)")>0,TRUNC(LOOKUP("Industrial Load (Bulk)",A12:A16,F12:F16))&"(0.7)","")) | P15: =IF((COUNTIF(A12:A16,"Commercial Load (Bulk)")>0),(LOOKUP("Commercial Load (Bulk)",A12:A16,F12:F16)*MID(J15,LEN(J15)-3,3))/J16,IF(COUNTIF(A12:A16,"Industrial Load (Bulk)")>0,(LOOKUP("Industrial Load (Bulk)",A12:A16,F12:F16)*MID(J15,LEN(J15)-3,3))/J16,"")) | S15: =IF(ISBLANK(R15),"",P15/R15)
J16: =IF((COUNTIF(A12:A16,"Commercial Load (Bulk)")>0),"0.9",IF(COUNTIF(A12:A16,"Industrial Load (Bulk)")>0,"0.9",""))
A18: STUDY AREA 3, BLOCK 3
R19: Power Factor | S19: kVA
A20: LOAD | B20: NO. OF ESTABLISHMENTS | C20: ESTIMATED AVERAGE AMPACITY | D20: NUMBER OF PHASE | E20: VOLTAGE | F20: POWER (kW) | H20: SIMULTANEOUS MAXIMUM DEMAND | I20: = | J20: =TRUNC(SUMIF(A20:A24,"Residential Load",F20:F24),3)&"(0.6)" -> 575(0.6) | K20: + | L20: =TRUNC(SUMIF(A20:A24,"Commercial Load",F20:F24),3)&"(0.7)" -> 368(0.7) | M20: + | N20: =TRUNC(SUMIF(A20:A24,"Industrial Load",F20:F24),3)&"(0.65)" -> 0(0.65) | O20: ="=" -> = | P20: =((SUMIF(A20:A24,"Residential Load",F20:F24)*MID(J20,LEN(J20)-3,3))/J21)+((SUMIF(A20:A24,"Commercial Load",F20:F24)*MID(L20,LEN(L20)-3,3))/L21)+((SUMIF(A20:A24,"Industrial Load",F20:F24)*MID(N20,LEN(N20)-3,3))/N21) -> 348.93836 | Q20: kW | R20: 0.9 | S20: =P20/R20 -> 387.70928 | U20: USE 1 - 450 kVA TRANSFORMER | Y20: =MID(U20,9,SEARCH("T",U20,1)-14)*1 -> 450
A21: Residential Load | B21: 100 | C21: 25 | D21: 1 | E21: 230 | F21: =Table1624112[[#This Row],[NO. OF ESTABLISHMENTS]]*Table1624112[[#This Row],[ESTIMATED AVERAGE AMPACITY]]*Table1624112[[#This Row],[VOLTAGE]]/1000 -> 575 | J21: 2 | L21: 1.46 | N21: 0.86
A22: Commercial Load | B22: 20 | C22: 80 | D22: 1 | E22: 230 | F22: =Table1624112[[#This Row],[NO. OF ESTABLISHMENTS]]*Table1624112[[#This Row],[ESTIMATED AVERAGE AMPACITY]]*Table1624112[[#This Row],[VOLTAGE]]/1000 -> 368
A23: Industrial Load | B23: 0 | C23: 0 | D23: 0 | E23: 0 | F23: 0 | H23: SIMULTANEOUS MAXIMUM DEMAND (BULK) | I23: ="=" -> = | J23: =IF((COUNTIF(A20:A24,"Commercial Load (Bulk)")>0),TRUNC(LOOKUP("Commercial Load (Bulk)",A20:A24,F20:F24))&"(0.7)",IF(COUNTIF(A20:A24,"Industrial Load (Bulk)")>0,TRUNC(LOOKUP("Industrial Load (Bulk)",A20:A24,F20:F24))&"(0.7)","")) | P23: =IF((COUNTIF(A20:A24,"Commercial Load (Bulk)")>0),(LOOKUP("Commercial Load (Bulk)",A20:A24,F20:F24)*MID(J23,LEN(J23)-3,3))/J24,IF(COUNTIF(A20:A24,"Industrial Load (Bulk)")>0,(LOOKUP("Industrial Load (Bulk)",A20:A24,F20:F24)*MID(J23,LEN(J23)-3,3))/J24,"")) | S23: =IF(ISBLANK(R23),"",P23/R23)
J24: =IF((COUNTIF(A20:A24,"Commercial Load (Bulk)")>0),"0.9",IF(COUNTIF(A20:A24,"Industrial Load (Bulk)")>0,"0.9",""))
A26: STUDY AREA 3, BLOCK 4
R27: Power Factor | S27: kVA
A28: LOAD | B28: NO. OF ESTABLISHMENTS | C28: ESTIMATED AVERAGE AMPACITY | D28: NUMBER OF PHASE | E28: VOLTAGE | F28: POWER (kW) | H28: SIMULTANEOUS MAXIMUM DEMAND | I28: = | J28: =TRUNC(SUMIF(A28:A32,"Residential Load",F28:F32),3)&"(0.6)" -> 241.5(0.6) | K28: + | L28: =TRUNC(SUMIF(A28:A32,"Commercial Load",F28:F32),3)&"(0.7)" -> 149.5(0.7) | M28: + | N28: =TRUNC(SUMIF(A28:A32,"Industrial Load",F28:F32),3)&"(0.65)" -> 0(0.65) | O28: ="=" -> = | P28: =((SUMIF(A28:A32,"Residential Load",F28:F32)*MID(J28,LEN(J28)-3,3))/J29)+((SUMIF(A28:A32,"Commercial Load",F28:F32)*MID(L28,LEN(L28)-3,3))/L29)+((SUMIF(A28:A32,"Industrial Load",F28:F32)*MID(N28,LEN(N28)-3,3))/N29) -> 144.12808 | Q28: kW | R28: 0.9 | S28: =P28/R28 -> 160.14231 | U28: USE 1 - 225 kVA TRANSFORMER | Y28: =MID(U28,9,SEARCH("T",U28,1)-14)*1 -> 225
A29: Residential Load | B29: 70 | C29: 15 | D29: 1 | E29: 230 | F29: =Table1725113[[#This Row],[NO. OF ESTABLISHMENTS]]*Table1725113[[#This Row],[ESTIMATED AVERAGE AMPACITY]]*Table1725113[[#This Row],[VOLTAGE]]/1000 -> 241.5 | J29: 2 | L29: 1.46 | N29: 0.86
A30: Commercial Load | B30: 10 | C30: 65 | D30: 1 | E30: 230 | F30: =Table1725113[[#This Row],[NO. OF ESTABLISHMENTS]]*Table1725113[[#This Row],[ESTIMATED AVERAGE AMPACITY]]*Table1725113[[#This Row],[VOLTAGE]]/1000 -> 149.5
A31: Industrial Load | B31: 0 | C31: 0 | D31: 0 | E31: 0 | F31: 0 | H31: SIMULTANEOUS MAXIMUM DEMAND (BULK) | I31: ="=" -> = | J31: =IF((COUNTIF(A28:A32,"Commercial Load (Bulk)")>0),TRUNC(LOOKUP("Commercial Load (Bulk)",A28:A32,F28:F32))&"(0.7)",IF(COUNTIF(A28:A32,"Industrial Load (Bulk)")>0,TRUNC(LOOKUP("Industrial Load (Bulk)",A28:A32,F28:F32))&"(0.7)","")) | P31: =IF((COUNTIF(A28:A32,"Commercial Load (Bulk)")>0),(LOOKUP("Commercial Load (Bulk)",A28:A32,F28:F32)*MID(J31,LEN(J31)-3,3))/J32,IF(COUNTIF(A28:A32,"Industrial Load (Bulk)")>0,(LOOKUP("Industrial Load (Bulk)",A28:A32,F28:F32)*MID(J31,LEN(J31)-3,3))/J32,"")) | S31: =IF(ISBLANK(R31),"",P31/R31)
J32: =IF((COUNTIF(A28:A32,"Commercial Load (Bulk)")>0),"0.9",IF(COUNTIF(A28:A32,"Industrial Load (Bulk)")>0,"0.9",""))
A34: STUDY AREA 3, BLOCK 5
R35: Power Factor | S35: kVA
A36: LOAD | B36: NO. OF ESTABLISHMENTS | C36: ESTIMATED AVERAGE AMPACITY | D36: NUMBER OF PHASE | E36: VOLTAGE | F36: POWER (kW) | H36: SIMULTANEOUS MAXIMUM DEMAND | I36: = | J36: =TRUNC(SUMIF(A36:A40,"Residential Load",F36:F40),3)&"(0.6)" -> 460(0.6) | K36: + | L36: =TRUNC(SUMIF(A36:A40,"Commercial Load",F36:F40),3)&"(0.7)" -> 74.75(0.7) | M36: + | N36: =TRUNC(SUMIF(A36:A40,"Industrial Load",F36:F40),3)&"(0.65)" -> 0(0.65) | O36: ="=" -> = | P36: =((SUMIF(A36:A40,"Residential Load",F36:F40)*MID(J36,LEN(J36)-3,3))/J37)+((SUMIF(A36:A40,"Commercial Load",F36:F40)*MID(L36,LEN(L36)-3,3))/L37)+((SUMIF(A36:A40,"Industrial Load",F36:F40)*MID(N36,LEN(N36)-3,3))/N37) -> 173.83904 | Q36: kW | R36: 0.9 | S36: =P36/R36 -> 193.15449 | U36: USE 1 - 225 kVA TRANSFORMER | Y36: =MID(U36,9,SEARCH("T",U36,1)-14)*1 -> 225
A37: Residential Load | B37: 80 | C37: 25 | D37: 1 | E37: 230 | F37: =Table15826114[[#This Row],[NO. OF ESTABLISHMENTS]]*Table15826114[[#This Row],[ESTIMATED AVERAGE AMPACITY]]*Table15826114[[#This Row],[VOLTAGE]]/1000 -> 460 | J37: 2 | L37: 1.46 | N37: 0.86
A38: Commercial Load | B38: 5 | C38: 65 | D38: 1 | E38: 230 | F38: =Table15826114[[#This Row],[NO. OF ESTABLISHMENTS]]*Table15826114[[#This Row],[ESTIMATED AVERAGE AMPACITY]]*Table15826114[[#This Row],[VOLTAGE]]/1000 -> 74.75
A39: Industrial Load | B39: 0 | C39: 0 | D39: 0 | E39: 0 | F39: 0 | H39: SIMULTANEOUS MAXIMUM DEMAND (BULK) | I39: ="=" -> = | J39: =IF((COUNTIF(A36:A40,"Commercial Load (Bulk)")>0),TRUNC(LOOKUP("Commercial Load (Bulk)",A36:A40,F36:F40))&"(0.7)",IF(COUNTIF(A36:A40,"Industrial Load (Bulk)")>0,TRUNC(LOOKUP("Industrial Load (Bulk)",A36:A40,F36:F40))&"(0.7)","")) | P39: =IF((COUNTIF(A36:A40,"Commercial Load (Bulk)")>0),(LOOKUP("Commercial Load (Bulk)",A36:A40,F36:F40)*MID(J39,LEN(J39)-3,3))/J40,IF(COUNTIF(A36:A40,"Industrial Load (Bulk)")>0,(LOOKUP("Industrial Load (Bulk)",A36:A40,F36:F40)*MID(J39,LEN(J39)-3,3))/J40,"")) | S39: =IF(ISBLANK(R39),"",P39/R39)
J40: =IF((COUNTIF(A36:A40,"Commercial Load (Bulk)")>0),"0.9",IF(COUNTIF(A36:A40,"Industrial Load (Bulk)")>0,"0.9",""))
A42: STUDY AREA 3, BLOCK 6
R43: Power Factor | S43: kVA
A44: LOAD | B44: NO. OF ESTABLISHMENTS | C44: ESTIMATED AVERAGE AMPACITY | D44: NUMBER OF PHASE | E44: VOLTAGE | F44: POWER (kW) | H44: SIMULTANEOUS MAXIMUM DEMAND | I44: = | J44: =TRUNC(SUMIF(A44:A48,"Residential Load",F44:F48),3)&"(0.6)" -> 483(0.6) | K44: + | L44: =TRUNC(SUMIF(A44:A48,"Commercial Load",F44:F48),3)&"(0.7)" -> 258.75(0.7) | M44: + | N44: =TRUNC(SUMIF(A44:A48,"Industrial Load",F44:F48),3)&"(0.65)" -> 0(0.65) | O44: ="=" -> = | P44: =((SUMIF(A44:A48,"Residential Load",F44:F48)*MID(J44,LEN(J44)-3,3))/J45)+((SUMIF(A44:A48,"Commercial Load",F44:F48)*MID(L44,LEN(L44)-3,3))/L45)+((SUMIF(A44:A48,"Industrial Load",F44:F48)*MID(N44,LEN(N44)-3,3))/N45) -> 268.95822 | Q44: kW | R44: 0.9 | S44: =P44/R44 -> 298.84247 | U44: USE 1 - 300 kVA TRANSFORMER | Y44: =MID(U44,9,SEARCH("T",U44,1)-14)*1 -> 300
A45: Residential Load | B45: 70 | C45: 30 | D45: 1 | E45: 230 | F45: =Table16927115[[#This Row],[NO. OF ESTABLISHMENTS]]*Table16927115[[#This Row],[ESTIMATED AVERAGE AMPACITY]]*Table16927115[[#This Row],[VOLTAGE]]/1000 -> 483 | J45: 2 | L45: 1.46 | N45: 0.86
A46: Commercial Load | B46: 15 | C46: 75 | D46: 1 | E46: 230 | F46: =Table16927115[[#This Row],[NO. OF ESTABLISHMENTS]]*Table16927115[[#This Row],[ESTIMATED AVERAGE AMPACITY]]*Table16927115[[#This Row],[VOLTAGE]]/1000 -> 258.75
A47: Industrial Load | B47: 0 | C47: 0 | D47: 0 | E47: 0 | F47: 0 | H47: SIMULTANEOUS MAXIMUM DEMAND (BULK) | I47: ="=" -> = | J47: =IF((COUNTIF(A44:A48,"Commercial Load (Bulk)")>0),TRUNC(LOOKUP("Commercial Load (Bulk)",A44:A48,F44:F48))&"(0.7)",IF(COUNTIF(A44:A48,"Industrial Load (Bulk)")>0,TRUNC(LOOKUP("Industrial Load (Bulk)",A44:A48,F44:F48))&"(0.7)","")) | P47: =IF((COUNTIF(A44:A48,"Commercial Load (Bulk)")>0),(LOOKUP("Commercial Load (Bulk)",A44:A48,F44:F48)*MID(J47,LEN(J47)-3,3))/J48,IF(COUNTIF(A44:A48,"Industrial Load (Bulk)")>0,(LOOKUP("Industrial Load (Bulk)",A44:A48,F44:F48)*MID(J47,LEN(J47)-3,3))/J48,"")) | S47: =IF(ISBLANK(R47),"",P47/R47)
J48: =IF((COUNTIF(A44:A48,"Commercial Load (Bulk)")>0),"0.9",IF(COUNTIF(A44:A48,"Industrial Load (Bulk)")>0,"0.9",""))
A50: STUDY AREA 3, BLOCK 7
R51: Power Factor | S51: kVA
A52: LOAD | B52: NO. OF ESTABLISHMENTS | C52: ESTIMATED AVERAGE AMPACITY | D52: NUMBER OF PHASE | E52: VOLTAGE | F52: POWER (kW) | H52: SIMULTANEOUS MAXIMUM DEMAND | I52: = | J52: =TRUNC(SUMIF(A52:A56,"Residential Load",F52:F56),3)&"(0.6)" -> 414(0.6) | K52: + | L52: =TRUNC(SUMIF(A52:A56,"Commercial Load",F52:F56),3)&"(0.7)" -> 224.25(0.7) | M52: + | N52: =TRUNC(SUMIF(A52:A56,"Industrial Load",F52:F56),3)&"(0.65)" -> 0(0.65) | O52: ="=" -> = | P52: =((SUMIF(A52:A56,"Residential Load",F52:F56)*MID(J52,LEN(J52)-3,3))/J53)+((SUMIF(A52:A56,"Commercial Load",F52:F56)*MID(L52,LEN(L52)-3,3))/L53)+((SUMIF(A52:A56,"Industrial Load",F52:F56)*MID(N52,LEN(N52)-3,3))/N53) -> 231.71712 | Q52: kW | R52: 0.9 | S52: =P52/R52 -> 257.46347 | U52: USE 1 - 300 kVA TRANSFORMER | Y52: =MID(U52,9,SEARCH("T",U52,1)-14)*1 -> 300
A53: Residential Load | B53: 120 | C53: 15 | D53: 1 | E53: 230 | F53: =Table11028116[[#This Row],[NO. OF ESTABLISHMENTS]]*Table11028116[[#This Row],[ESTIMATED AVERAGE AMPACITY]]*Table11028116[[#This Row],[VOLTAGE]]/1000 -> 414 | J53: 2 | L53: 1.46 | N53: 0.86
A54: Commercial Load | B54: 15 | C54: 65 | D54: 1 | E54: 230 | F54: =Table11028116[[#This Row],[NO. OF ESTABLISHMENTS]]*Table11028116[[#This Row],[ESTIMATED AVERAGE AMPACITY]]*Table11028116[[#This Row],[VOLTAGE]]/1000 -> 224.25
A55: Industrial Load | B55: 0 | C55: 0 | D55: 0 | E55: 0 | F55: 0 | H55: SIMULTANEOUS MAXIMUM DEMAND (BULK) | I55: ="=" -> = | J55: =IF((COUNTIF(A52:A56,"Commercial Load (Bulk)")>0),TRUNC(LOOKUP("Commercial Load (Bulk)",A52:A56,F52:F56))&"(0.7)",IF(COUNTIF(A52:A56,"Industrial Load (Bulk)")>0,TRUNC(LOOKUP("Industrial Load (Bulk)",A52:A56,F52:F56))&"(0.7)","")) | P55: =IF((COUNTIF(A52:A56,"Commercial Load (Bulk)")>0),(LOOKUP("Commercial Load (Bulk)",A52:A56,F52:F56)*MID(J55,LEN(J55)-3,3))/J56,IF(COUNTIF(A52:A56,"Industrial Load (Bulk)")>0,(LOOKUP("Industrial Load (Bulk)",A52:A56,F52:F56)*MID(J55,LEN(J55)-3,3))/J56,"")) | S55: =IF(ISBLANK(R55),"",P55/R55)
J56: =IF((COUNTIF(A52:A56,"Commercial Load (Bulk)")>0),"0.9",IF(COUNTIF(A52:A56,"Industrial Load (Bulk)")>0,"0.9",""))
A58: STUDY AREA 3, BLOCK 8
R59: Power Factor | S59: kVA
A60: LOAD | B60: NO. OF ESTABLISHMENTS | C60: ESTIMATED AVERAGE AMPACITY | D60: NUMBER OF PHASE | E60: VOLTAGE | F60: POWER (kW) | H60: SIMULTANEOUS MAXIMUM DEMAND | I60: = | J60: =TRUNC(SUMIF(A60:A64,"Residential Load",F60:F64),3)&"(0.6)" -> 460(0.6) | K60: + | L60: =TRUNC(SUMIF(A60:A64,"Commercial Load",F60:F64),3)&"(0.7)" -> 161(0.7) | M60: + | N60: =TRUNC(SUMIF(A60:A64,"Industrial Load",F60:F64),3)&"(0.65)" -> 0(0.65) | O60: ="=" -> = | P60: =((SUMIF(A60:A64,"Residential Load",F60:F64)*MID(J60,LEN(J60)-3,3))/J61)+((SUMIF(A60:A64,"Commercial Load",F60:F64)*MID(L60,LEN(L60)-3,3))/L61)+((SUMIF(A60:A64,"Industrial Load",F60:F64)*MID(N60,LEN(N60)-3,3))/N61) -> 215.19178 | Q60: kW | R60: 0.9 | S60: =P60/R60 -> 239.10198 | U60: USE 1 - 300 kVA TRANSFORMER | Y60: =MID(U60,9,SEARCH("T",U60,1)-14)*1 -> 300
A61: Residential Load | B61: 100 | C61: 20 | D61: 1 | E61: 230 | F61: =Table151129117[[#This Row],[NO. OF ESTABLISHMENTS]]*Table151129117[[#This Row],[ESTIMATED AVERAGE AMPACITY]]*Table151129117[[#This Row],[VOLTAGE]]/1000 -> 460 | J61: 2 | L61: 1.46 | N61: 0.86
A62: Commercial Load | B62: 10 | C62: 70 | D62: 1 | E62: 230 | F62: =Table151129117[[#This Row],[NO. OF ESTABLISHMENTS]]*Table151129117[[#This Row],[ESTIMATED AVERAGE AMPACITY]]*Table151129117[[#This Row],[VOLTAGE]]/1000 -> 161
A63: Industrial Load | B63: 0 | C63: 0 | D63: 0 | E63: 0 | F63: 0 | H63: SIMULTANEOUS MAXIMUM DEMAND (BULK) | I63: ="=" -> = | J63: =IF((COUNTIF(A60:A64,"Commercial Load (Bulk)")>0),TRUNC(LOOKUP("Commercial Load (Bulk)",A60:A64,F60:F64))&"(0.7)",IF(COUNTIF(A60:A64,"Industrial Load (Bulk)")>0,TRUNC(LOOKUP("Industrial Load (Bulk)",A60:A64,F60:F64))&"(0.7)","")) | P63: =IF((COUNTIF(A60:A64,"Commercial Load (Bulk)")>0),(LOOKUP("Commercial Load (Bulk)",A60:A64,F60:F64)*MID(J63,LEN(J63)-3,3))/J64,IF(COUNTIF(A60:A64,"Industrial Load (Bulk)")>0,(LOOKUP("Industrial Load (Bulk)",A60:A64,F60:F64)*MID(J63,LEN(J63)-3,3))/J64,"")) | S63: =IF(ISBLANK(R63),"",P63/R63)
J64: =IF((COUNTIF(A60:A64,"Commercial Load (Bulk)")>0),"0.9",IF(COUNTIF(A60:A64,"Industrial Load (Bulk)")>0,"0.9",""))
A66: STUDY AREA 3, BLOCK 9
R67: Power Factor | S67: kVA
A68: LOAD | B68: NO. OF ESTABLISHMENTS | C68: ESTIMATED AVERAGE AMPACITY | D68: NUMBER OF PHASE | E68: VOLTAGE | F68: POWER (kW) | H68: SIMULTANEOUS MAXIMUM DEMAND | I68: = | J68: =TRUNC(SUMIF(A68:A72,"Residential Load",F68:F72),3)&"(0.6)" -> 690(0.6) | K68: + | L68: =TRUNC(SUMIF(A68:A72,"Commercial Load",F68:F72),3)&"(0.7)" -> 414(0.7) | M68: + | N68: =TRUNC(SUMIF(A68:A72,"Industrial Load",F68:F72),3)&"(0.65)" -> 0(0.65) | O68: ="=" -> = | P68: =((SUMIF(A68:A72,"Residential Load",F68:F72)*MID(J68,LEN(J68)-3,3))/J69)+((SUMIF(A68:A72,"Commercial Load",F68:F72)*MID(L68,LEN(L68)-3,3))/L69)+((SUMIF(A68:A72,"Industrial Load",F68:F72)*MID(N68,LEN(N68)-3,3))/N69) -> 405.49315 | Q68: kW | R68: 0.9 | S68: =P68/R68 -> 450.54795 | U68: USE 1 - 500 kVA TRANSFORMER | Y68: =MID(U68,9,SEARCH("T",U68,1)-14)*1 -> 500
A69: Residential Load | B69: 120 | C69: 25 | D69: 1 | E69: 230 | F69: =Table161230118[[#This Row],[NO. OF ESTABLISHMENTS]]*Table161230118[[#This Row],[ESTIMATED AVERAGE AMPACITY]]*Table161230118[[#This Row],[VOLTAGE]]/1000 -> 690 | J69: 2 | L69: 1.46 | N69: 0.86
A70: Commercial Load | B70: 20 | C70: 90 | D70: 1 | E70: 230 | F70: =Table161230118[[#This Row],[NO. OF ESTABLISHMENTS]]*Table161230118[[#This Row],[ESTIMATED AVERAGE AMPACITY]]*Table161230118[[#This Row],[VOLTAGE]]/1000 -> 414
A71: Commercial Load (Bulk) | B71: 1 | C71: 4000 | D71: 3 | E71: 400 | F71: =SQRT(3)*Table161230118[[#This Row],[NO. OF ESTABLISHMENTS]]*Table161230118[[#This Row],[ESTIMATED AVERAGE AMPACITY]]*Table161230118[[#This Row],[VOLTAGE]]/1000 -> 2771.2813 | H71: SIMULTANEOUS MAXIMUM DEMAND (BULK) | I71: ="=" -> = | J71: =IF((COUNTIF(A68:A72,"Commercial Load (Bulk)")>0),TRUNC(LOOKUP("Commercial Load (Bulk)",A68:A72,F68:F72))&"(0.7)",IF(COUNTIF(A68:A72,"Industrial Load (Bulk)")>0,TRUNC(LOOKUP("Industrial Load (Bulk)",A68:A72,F68:F72))&"(0.7)","")) -> 2771(0.7) | P71: =IF((COUNTIF(A68:A72,"Commercial Load (Bulk)")>0),(LOOKUP("Commercial Load (Bulk)",A68:A72,F68:F72)*MID(J71,LEN(J71)-3,3))/J72,IF(COUNTIF(A68:A72,"Industrial Load (Bulk)")>0,(LOOKUP("Industrial Load (Bulk)",A68:A72,F68:F72)*MID(J71,LEN(J71)-3,3))/J72,"")) -> 2155.441 | Q71: kVA | S71: =IF(ISBLANK(R71),"",P71/R71) | U71: USE 1 - 2500 kVA TRANSFORMER | Y71: =MID(U71,9,SEARCH("T",U71,1)-14)*1 -> 2500
A72: Industrial Load | B72: 0 | C72: 0 | D72: 0 | E72: 0 | F72: 0 | J72: =IF((COUNTIF(A68:A72,"Commercial Load (Bulk)")>0),"0.9",IF(COUNTIF(A68:A72,"Industrial Load (Bulk)")>0,"0.9","")) -> 0.9
A75: STUDY AREA 3, BLOCK 10
R76: Power Factor | S76: kVA
A77: LOAD | B77: NO. OF ESTABLISHMENTS | C77: ESTIMATED AVERAGE AMPACITY | D77: NUMBER OF PHASE | E77: VOLTAGE | F77: POWER (kW) | H77: SIMULTANEOUS MAXIMUM DEMAND | I77: = | J77: =TRUNC(SUMIF(A77:A81,"Residential Load",F77:F81),3)&"(0.6)" -> 414(0.6) | K77: + | L77: =TRUNC(SUMIF(A77:A81,"Commercial Load",F77:F81),3)&"(0.7)" -> 74.75(0.7) | M77: + | N77: =TRUNC(SUMIF(A77:A81,"Industrial Load",F77:F81),3)&"(0.65)" -> 0(0.65) | O77: ="=" -> = | P77: =((SUMIF(A77:A81,"Residential Load",F77:F81)*MID(J77,LEN(J77)-3,3))/J78)+((SUMIF(A77:A81,"Commercial Load",F77:F81)*MID(L77,LEN(L77)-3,3))/L78)+((SUMIF(A77:A81,"Industrial Load",F77:F81)*MID(N77,LEN(N77)-3,3))/N78) -> 160.03904 | Q77: kW | R77: 0.9 | S77: =P77/R77 -> 177.82116 | U77: USE 1 - 225 kVA TRANSFORMER | Y77: =MID(U77,9,SEARCH("T",U77,1)-14)*1 -> 225
A78: Residential Load | B78: 90 | C78: 20 | D78: 1 | E78: 230 | F78: =Table171331119[[#This Row],[NO. OF ESTABLISHMENTS]]*Table171331119[[#This Row],[ESTIMATED AVERAGE AMPACITY]]*Table171331119[[#This Row],[VOLTAGE]]/1000 -> 414 | J78: 2 | L78: 1.46 | N78: 0.86
A79: Commercial Load | B79: 5 | C79: 65 | D79: 1 | E79: 230 | F79: =Table171331119[[#This Row],[NO. OF ESTABLISHMENTS]]*Table171331119[[#This Row],[ESTIMATED AVERAGE AMPACITY]]*Table171331119[[#This Row],[VOLTAGE]]/1000 -> 74.75
A80: Industrial Load | B80: 0 | C80: 0 | D80: 0 | E80: 0 | F80: 0 | H80: SIMULTANEOUS MAXIMUM DEMAND (BULK) | I80: ="=" -> = | J80: =IF((COUNTIF(A77:A81,"Commercial Load (Bulk)")>0),TRUNC(LOOKUP("Commercial Load (Bulk)",A77:A81,F77:F81))&"(0.7)",IF(COUNTIF(A77:A81,"Industrial Load (Bulk)")>0,TRUNC(LOOKUP("Industrial Load (Bulk)",A77:A81,F77:F81))&"(0.7)","")) | P80: =IF((COUNTIF(A77:A81,"Commercial Load (Bulk)")>0),(LOOKUP("Commercial Load (Bulk)",A77:A81,F77:F81)*MID(J80,LEN(J80)-3,3))/J81,IF(COUNTIF(A77:A81,"Industrial Load (Bulk)")>0,(LOOKUP("Industrial Load (Bulk)",A77:A81,F77:F81)*MID(J80,LEN(J80)-3,3))/J81,"")) | S80: =IF(ISBLANK(R80),"",P80/R80)
J81: =IF((COUNTIF(A77:A81,"Commercial Load (Bulk)")>0),"0.9",IF(COUNTIF(A77:A81,"Industrial Load (Bulk)")>0,"0.9",""))
A83: STUDY AREA 3, BLOCK 11
R84: Power Factor | S84: kVA
A85: LOAD | B85: NO. OF ESTABLISHMENTS | C85: ESTIMATED AVERAGE AMPACITY | D85: NUMBER OF PHASE | E85: VOLTAGE | F85: POWER (kW) | H85: SIMULTANEOUS MAXIMUM DEMAND | I85: = | J85: =TRUNC(SUMIF(A85:A89,"Residential Load",F85:F89),3)&"(0.6)" -> 414(0.6) | K85: + | L85: =TRUNC(SUMIF(A85:A89,"Commercial Load",F85:F89),3)&"(0.7)" -> 74.75(0.7) | M85: + | N85: =TRUNC(SUMIF(A85:A89,"Industrial Load",F85:F89),3)&"(0.65)" -> 0(0.65) | O85: ="=" -> = | P85: =((SUMIF(A85:A89,"Residential Load",F85:F89)*MID(J85,LEN(J85)-3,3))/J86)+((SUMIF(A85:A89,"Commercial Load",F85:F89)*MID(L85,LEN(L85)-3,3))/L86)+((SUMIF(A85:A89,"Industrial Load",F85:F89)*MID(N85,LEN(N85)-3,3))/N86) -> 160.03904 | Q85: kW | R85: 0.9 | S85: =P85/R85 -> 177.82116 | U85: USE 1 - 225 kVA TRANSFORMER | Y85: =MID(U85,9,SEARCH("T",U85,1)-14)*1 -> 225
A86: Residential Load | B86: 90 | C86: 20 | D86: 1 | E86: 230 | F86: =Table1581432120[[#This Row],[NO. OF ESTABLISHMENTS]]*Table1581432120[[#This Row],[ESTIMATED AVERAGE AMPACITY]]*Table1581432120[[#This Row],[VOLTAGE]]/1000 -> 414 | J86: 2 | L86: 1.46 | N86: 0.86
A87: Commercial Load | B87: 5 | C87: 65 | D87: 1 | E87: 230 | F87: =Table1581432120[[#This Row],[NO. OF ESTABLISHMENTS]]*Table1581432120[[#This Row],[ESTIMATED AVERAGE AMPACITY]]*Table1581432120[[#This Row],[VOLTAGE]]/1000 -> 74.75
A88: Industrial Load | B88: 0 | C88: 0 | D88: 0 | E88: 0 | F88: 0 | H88: SIMULTANEOUS MAXIMUM DEMAND (BULK) | I88: ="=" -> = | J88: =IF((COUNTIF(A85:A89,"Commercial Load (Bulk)")>0),TRUNC(LOOKUP("Commercial Load (Bulk)",A85:A89,F85:F89))&"(0.7)",IF(COUNTIF(A85:A89,"Industrial Load (Bulk)")>0,TRUNC(LOOKUP("Industrial Load (Bulk)",A85:A89,F85:F89))&"(0.7)","")) | P88: =IF((COUNTIF(A85:A89,"Commercial Load (Bulk)")>0),(LOOKUP("Commercial Load (Bulk)",A85:A89,F85:F89)*MID(J88,LEN(J88)-3,3))/J89,IF(COUNTIF(A85:A89,"Industrial Load (Bulk)")>0,(LOOKUP("Industrial Load (Bulk)",A85:A89,F85:F89)*MID(J88,LEN(J88)-3,3))/J89,"")) | S88: =IF(ISBLANK(R88),"",P88/R88)
J89: =IF((COUNTIF(A85:A89,"Commercial Load (Bulk)")>0),"0.9",IF(COUNTIF(A85:A89,"Industrial Load (Bulk)")>0,"0.9",""))
A91: STUDY AREA 3, BLOCK 12
R92: Power Factor | S92: kVA
A93: LOAD | B93: NO. OF ESTABLISHMENTS | C93: ESTIMATED AVERAGE AMPACITY | D93: NUMBER OF PHASE | E93: VOLTAGE | F93: POWER (kW) | H93: SIMULTANEOUS MAXIMUM DEMAND | I93: = | J93: =TRUNC(SUMIF(A93:A97,"Residential Load",F93:F97),3)&"(0.6)" -> 483(0.6) | K93: + | L93: =TRUNC(SUMIF(A93:A97,"Commercial Load",F93:F97),3)&"(0.7)" -> 258.75(0.7) | M93: + | N93: =TRUNC(SUMIF(A93:A97,"Industrial Load",F93:F97),3)&"(0.65)" -> 0(0.65) | O93: ="=" -> = | P93: =((SUMIF(A93:A97,"Residential Load",F93:F97)*MID(J93,LEN(J93)-3,3))/J94)+((SUMIF(A93:A97,"Commercial Load",F93:F97)*MID(L93,LEN(L93)-3,3))/L94)+((SUMIF(A93:A97,"Industrial Load",F93:F97)*MID(N93,LEN(N93)-3,3))/N94) -> 268.95822 | Q93: kW | R93: 0.9 | S93: =P93/R93 -> 298.84247 | U93: USE 1 - 300 kVA TRANSFORMER | Y93: =MID(U93,9,SEARCH("T",U93,1)-14)*1 -> 300
A94: Residential Load | B94: 70 | C94: 30 | D94: 1 | E94: 230 | F94: =Table1691533121[[#This Row],[NO. OF ESTABLISHMENTS]]*Table1691533121[[#This Row],[ESTIMATED AVERAGE AMPACITY]]*Table1691533121[[#This Row],[VOLTAGE]]/1000 -> 483 | J94: 2 | L94: 1.46 | N94: 0.86
A95: Commercial Load | B95: 15 | C95: 75 | D95: 1 | E95: 230 | F95: =Table1691533121[[#This Row],[NO. OF ESTABLISHMENTS]]*Table1691533121[[#This Row],[ESTIMATED AVERAGE AMPACITY]]*Table1691533121[[#This Row],[VOLTAGE]]/1000 -> 258.75
A96: Commercial Load (Bulk) | B96: 1 | C96: 4300 | D96: 3 | E96: 400 | F96: =Table1691533121[[#This Row],[NO. OF ESTABLISHMENTS]]*Table1691533121[[#This Row],[ESTIMATED AVERAGE AMPACITY]]*Table1691533121[[#This Row],[VOLTAGE]]*SQRT(3)/1000 -> 2979.1274 | H96: SIMULTANEOUS MAXIMUM DEMAND (BULK) | I96: ="=" -> = | J96: =IF((COUNTIF(A93:A97,"Commercial Load (Bulk)")>0),TRUNC(LOOKUP("Commercial Load (Bulk)",A93:A97,F93:F97))&"(0.7)",IF(COUNTIF(A93:A97,"Industrial Load (Bulk)")>0,TRUNC(LOOKUP("Industrial Load (Bulk)",A93:A97,F93:F97))&"(0.7)","")) -> 2979(0.7) | P96: =IF((COUNTIF(A93:A97,"Commercial Load (Bulk)")>0),(LOOKUP("Commercial Load (Bulk)",A93:A97,F93:F97)*MID(J96,LEN(J96)-3,3))/J97,IF(COUNTIF(A93:A97,"Industrial Load (Bulk)")>0,(LOOKUP("Industrial Load (Bulk)",A93:A97,F93:F97)*MID(J96,LEN(J96)-3,3))/J97,"")) -> 2317.0991 | Q96: kVA | S96: =IF(ISBLANK(R96),"",P96/R96) | U96: USE 1 - 2500 kVA TRANSFORMER | Y96: =MID(U96,9,SEARCH("T",U96,1)-14)*1 -> 2500
A97: Industrial Load | B97: 0 | C97: 0 | D97: 0 | E97: 0 | F97: 0 | J97: =IF((COUNTIF(A93:A97,"Commercial Load (Bulk)")>0),"0.9",IF(COUNTIF(A93:A97,"Industrial Load (Bulk)")>0,"0.9","")) -> 0.9
A100: STUDY AREA 3, BLOCK 13
R101: Power Factor | S101: kVA
A102: LOAD | B102: NO. OF ESTABLISHMENTS | C102: ESTIMATED AVERAGE AMPACITY | D102: NUMBER OF PHASE | E102: VOLTAGE | F102: POWER (kW) | H102: SIMULTANEOUS MAXIMUM DEMAND | I102: = | J102: =TRUNC(SUMIF(A102:A106,"Residential Load",F102:F106),3)&"(0.6)" -> 598(0.6) | K102: + | L102: =TRUNC(SUMIF(A102:A106,"Commercial Load",F102:F106),3)&"(0.7)" -> 74.75(0.7) | M102: + | N102: =TRUNC(SUMIF(A102:A106,"Industrial Load",F102:F106),3)&"(0.65)" -> 0(0.65) | O102: ="=" -> = | P102: =((SUMIF(A102:A106,"Residential Load",F102:F106)*MID(J102,LEN(J102)-3,3))/J103)+((SUMIF(A102:A106,"Commercial Load",F102:F106)*MID(L102,LEN(L102)-3,3))/L103)+((SUMIF(A102:A106,"Industrial Load",F102:F106)*MID(N102,LEN(N102)-3,3))/N103) -> 215.23904 | Q102: kW | R102: 0.9 | S102: =P102/R102 -> 239.15449 | U102: USE 1 - 300 kVA TRANSFORMER | Y102: =MID(U102,9,SEARCH("T",U102,1)-14)*1 -> 300
A103: Residential Load | B103: 130 | C103: 20 | D103: 1 | E103: 230 | F103: =Table11634122[[#This Row],[NO. OF ESTABLISHMENTS]]*Table11634122[[#This Row],[ESTIMATED AVERAGE AMPACITY]]*Table11634122[[#This Row],[VOLTAGE]]/1000 -> 598 | J103: 2 | L103: 1.46 | N103: 0.86
A104: Commercial Load | B104: 5 | C104: 65 | D104: 1 | E104: 230 | F104: =Table11634122[[#This Row],[NO. OF ESTABLISHMENTS]]*Table11634122[[#This Row],[ESTIMATED AVERAGE AMPACITY]]*Table11634122[[#This Row],[VOLTAGE]]/1000 -> 74.75
A105: Industrial Load | B105: 0 | C105: 0 | D105: 0 | E105: 0 | F105: 0 | H105: SIMULTANEOUS MAXIMUM DEMAND (BULK) | I105: ="=" -> = | J105: =IF((COUNTIF(A102:A106,"Commercial Load (Bulk)")>0),TRUNC(LOOKUP("Commercial Load (Bulk)",A102:A106,F102:F106))&"(0.7)",IF(COUNTIF(A102:A106,"Industrial Load (Bulk)")>0,TRUNC(LOOKUP("Industrial Load (Bulk)",A102:A106,F102:F106))&"(0.7)","")) | P105: =IF((COUNTIF(A102:A106,"Commercial Load (Bulk)")>0),(LOOKUP("Commercial Load (Bulk)",A102:A106,F102:F106)*MID(J105,LEN(J105)-3,3))/J106,IF(COUNTIF(A102:A106,"Industrial Load (Bulk)")>0,(LOOKUP("Industrial Load (Bulk)",A102:A106,F102:F106)*MID(J105,LEN(J105)-3,3))/J106,"")) | S105: =IF(ISBLANK(R105),"",P105/R105)
J106: =IF((COUNTIF(A102:A106,"Commercial Load (Bulk)")>0),"0.9",IF(COUNTIF(A102:A106,"Industrial Load (Bulk)")>0,"0.9",""))
A108: STUDY AREA 3, BLOCK 14
R109: Power Factor | S109: kVA
A110: LOAD | B110: NO. OF ESTABLISHMENTS | C110: ESTIMATED AVERAGE AMPACITY | D110: NUMBER OF PHASE | E110: VOLTAGE | F110: POWER (kW) | H110: SIMULTANEOUS MAXIMUM DEMAND | I110: = | J110: =TRUNC(SUMIF(A110:A114,"Residential Load",F110:F114),3)&"(0.6)" -> 483(0.6) | K110: + | L110: =TRUNC(SUMIF(A110:A114,"Commercial Load",F110:F114),3)&"(0.7)" -> 293.25(0.7) | M110: + | N110: =TRUNC(SUMIF(A110:A114,"Industrial Load",F110:F114),3)&"(0.65)" -> 0(0.65) | O110: ="=" -> = | P110: =((SUMIF(A110:A114,"Residential Load",F110:F114)*MID(J110,LEN(J110)-3,3))/J111)+((SUMIF(A110:A114,"Commercial Load",F110:F114)*MID(L110,LEN(L110)-3,3))/L111)+((SUMIF(A110:A114,"Industrial Load",F110:F114)*MID(N110,LEN(N110)-3,3))/N111) -> 285.49932 | Q110: kW | R110: 0.9 | S110: =P110/R110 -> 317.22146 | U110: USE 1 - 450 kVA TRANSFORMER | Y110: =MID(U110,9,SEARCH("T",U110,1)-14)*1 -> 450
A111: Residential Load | B111: 70 | C111: 30 | D111: 1 | E111: 230 | F111: =Table151735123[[#This Row],[NO. OF ESTABLISHMENTS]]*Table151735123[[#This Row],[ESTIMATED AVERAGE AMPACITY]]*Table151735123[[#This Row],[VOLTAGE]]/1000 -> 483 | J111: 2 | L111: 1.46 | N111: 0.86
A112: Commercial Load | B112: 15 | C112: 85 | D112: 1 | E112: 230 | F112: =Table151735123[[#This Row],[NO. OF ESTABLISHMENTS]]*Table151735123[[#This Row],[ESTIMATED AVERAGE AMPACITY]]*Table151735123[[#This Row],[VOLTAGE]]/1000 -> 293.25
A113: Industrial Load | B113: 0 | C113: 0 | D113: 0 | E113: 0 | F113: 0 | H113: SIMULTANEOUS MAXIMUM DEMAND (BULK) | I113: ="=" -> = | J113: =IF((COUNTIF(A110:A114,"Commercial Load (Bulk)")>0),TRUNC(LOOKUP("Commercial Load (Bulk)",A110:A114,F110:F114))&"(0.7)",IF(COUNTIF(A110:A114,"Industrial Load (Bulk)")>0,TRUNC(LOOKUP("Industrial Load (Bulk)",A110:A114,F110:F114))&"(0.7)","")) | P113: =IF((COUNTIF(A110:A114,"Commercial Load (Bulk)")>0),(LOOKUP("Commercial Load (Bulk)",A110:A114,F110:F114)*MID(J113,LEN(J113)-3,3))/J114,IF(COUNTIF(A110:A114,"Industrial Load (Bulk)")>0,(LOOKUP("Industrial Load (Bulk)",A110:A114,F110:F114)*MID(J113,LEN(J113)-3,3))/J114,"")) | S113: =IF(ISBLANK(R113),"",P113/R113)
J114: =IF((COUNTIF(A110:A114,"Commercial Load (Bulk)")>0),"0.9",IF(COUNTIF(A110:A114,"Industrial Load (Bulk)")>0,"0.9",""))
A116: STUDY AREA 3, BLOCK 15
R117: Power Factor | S117: kVA
...

Sheet STUDY AREA 4
A2: STUDY AREA 4, BLOCK 1
R3: Power Factor | S3: kVA | U3: TRANSFORMER SIZE
A4: LOAD | B4: NO. OF ESTABLISHMENTS | C4: ESTIMATED AVERAGE AMPACITY | D4: NUMBER OF PHASE | E4: VOLTAGE | F4: POWER (kW) | H4: SIMULTANEOUS MAXIMUM DEMAND | I4: = | J4: =TRUNC(SUMIF(A4:A8,"Residential Load",F4:F8),3)&"(0.6)" -> 460(0.6) | K4: + | L4: =TRUNC(SUMIF(A4:A8,"Commercial Load",F4:F8),3)&"(0.7)" -> 517.5(0.7) | M4: + | N4: =TRUNC(SUMIF(A4:A8,"Industrial Load",F4:F8),3)&"(0.65)" -> 0(0.65) | O4: ="=" -> = | P4: =((SUMIF(A4:A8,"Residential Load",F4:F8)*MID(J4,LEN(J4)-3,3))/J5)+((SUMIF(A4:A8,"Commercial Load",F4:F8)*MID(L4,LEN(L4)-3,3))/L5)+((SUMIF(A4:A8,"Industrial Load",F4:F8)*MID(N4,LEN(N4)-3,3))/N5) -> 386.11644 | Q4: kW | R4: 0.9 | S4: =P4/R4 -> 429.01826 | U4: USE 1 - 450 kVA TRANSFORMER | Y4: =MID(U4,9,SEARCH("T",U4,1)-14)*1 -> 450
A5: Residential Load | B5: 50 | C5: 40 | D5: 1 | E5: 230 | F5: =Table122110128[[#This Row],[NO. OF ESTABLISHMENTS]]*Table122110128[[#This Row],[ESTIMATED AVERAGE AMPACITY]]*Table122110128[[#This Row],[VOLTAGE]]/1000 -> 460 | J5: 2 | L5: 1.46 | N5: 0.86 | AA5: LOAD
A6: Commercial Load | B6: 25 | C6: 90 | D6: 1 | E6: 230 | F6: =Table122110128[[#This Row],[NO. OF ESTABLISHMENTS]]*Table122110128[[#This Row],[ESTIMATED AVERAGE AMPACITY]]*Table122110128[[#This Row],[VOLTAGE]]/1000 -> 517.5 | AA6: Residential Load | AC6: =SUMIF($A$4:$F$129,AA6,$F$4:$F$129) -> 8619.25
A7: Commercial Load (Bulk) | B7: 1 | C7: 4000 | D7: 3 | E7: 400 | F7: =SQRT(3)*Table122110128[[#This Row],[NO. OF ESTABLISHMENTS]]*Table122110128[[#This Row],[ESTIMATED AVERAGE AMPACITY]]*Table122110128[[#This Row],[VOLTAGE]]/1000 -> 2771.2813 | H7: SIMULTANEOUS MAXIMUM DEMAND (BULK) | I7: ="=" -> = | J7: =IF((COUNTIF(A4:A8,"Commercial Load (Bulk)")>0),TRUNC(LOOKUP("Commercial Load (Bulk)",A4:A8,F4:F8))&"(0.7)",IF(COUNTIF(A4:A8,"Industrial Load (Bulk)")>0,TRUNC(LOOKUP("Industrial Load (Bulk)",A4:A8,F4:F8))&"(0.7)","")) -> 2771(0.7) | P7: =IF((COUNTIF(A4:A8,"Commercial Load (Bulk)")>0),(LOOKUP("Commercial Load (Bulk)",A4:A8,F4:F8)*MID(J7,LEN(J7)-3,3))/J8,IF(COUNTIF(A4:A8,"Industrial Load (Bulk)")>0,(LOOKUP("Industrial Load (Bulk)",A4:A8,F4:F8)*MID(J7,LEN(J7)-3,3))/J8,"")) -> 2155.441 | Q7: kVA | S7: =IF(ISBLANK(R7),"",P7/R7) | U7: USE 1 - 2500 kVA TRANSFORMER | Y7: =MID(U7,9,SEARCH("T",U7,1)-14)*1 -> 2500 | AA7: Commercial Load | AC7: =SUMIF($A$4:$F$129,AA7,$F$4:$F$129) -> 4433.25
A8: Industrial Load | B8: 0 | C8: 0 | D8: 0 | E8: 0 | F8: 0 | J8: =IF((COUNTIF(A4:A8,"Commercial Load (Bulk)")>0),"0.9",IF(COUNTIF(A4:A8,"Industrial Load (Bulk)")>0,"0.9","")) -> 0.9 | AA8: Industrial Load | AC8: =SUMIF($A$4:$F$129,AA8,$F$4:$F$129) -> 0
A11: STUDY AREA 4, BLOCK 2
R12: Power Factor | S12: kVA
A13: LOAD | B13: NO. OF ESTABLISHMENTS | C13: ESTIMATED AVERAGE AMPACITY | D13: NUMBER OF PHASE | E13: VOLTAGE | F13: POWER (kW) | H13: SIMULTANEOUS MAXIMUM DEMAND | I13: = | J13: =TRUNC(SUMIF(A12:A16,"Residential Load",F12:F16),3)&"(0.6)" -> 603.75(0.6) | K13: + | L13: =TRUNC(SUMIF(A12:A16,"Commercial Load",F12:F16),3)&"(0.7)" -> 368(0.7) | M13: + | N13: =TRUNC(SUMIF(A12:A16,"Industrial Load",F12:F16),3)&"(0.65)" -> 0(0.65) | O13: ="=" -> = | P13: =((SUMIF(A12:A16,"Residential Load",F12:F16)*MID(J13,LEN(J13)-3,3))/J14)+((SUMIF(A12:A16,"Commercial Load",F12:F16)*MID(L13,LEN(L13)-3,3))/L14)+((SUMIF(A12:A16,"Industrial Load",F12:F16)*MID(N13,LEN(N13)-3,3))/N14) -> 357.56336 | Q13: kW | R13: 0.9 | S13: =P13/R13 -> 397.29262 | U13: USE 1 - 450 kVA TRANSFORMER | Y13: =MID(U13,9,SEARCH("T",U13,1)-14)*1 -> 450
A14: Residential Load | B14: 75 | C14: 35 | D14: 1 | E14: 230 | F14: =Table1523111129[[#This Row],[NO. OF ESTABLISHMENTS]]*Table1523111129[[#This Row],[ESTIMATED AVERAGE AMPACITY]]*Table1523111129[[#This Row],[VOLTAGE]]/1000 -> 603.75 | J14: 2 | L14: 1.46 | N14: 0.86
A15: Commercial Load | B15: 20 | C15: 80 | D15: 1 | E15: 230 | F15: =Table1523111129[[#This Row],[NO. OF ESTABLISHMENTS]]*Table1523111129[[#This Row],[ESTIMATED AVERAGE AMPACITY]]*Table1523111129[[#This Row],[VOLTAGE]]/1000 -> 368
A16: Industrial Load | B16: 0 | C16: 0 | D16: 0 | E16: 0 | F16: 0 | H16: SIMULTANEOUS MAXIMUM DEMAND (BULK) | I16: ="=" -> = | J16: =IF((COUNTIF(A13:A17,"Commercial Load (Bulk)")>0),TRUNC(LOOKUP("Commercial Load (Bulk)",A13:A17,F13:F17))&"(0.7)",IF(COUNTIF(A13:A17,"Industrial Load (Bulk)")>0,TRUNC(LOOKUP("Industrial Load (Bulk)",A13:A17,F13:F17))&"(0.7)","")) | P16: =IF((COUNTIF(A13:A17,"Commercial Load (Bulk)")>0),(LOOKUP("Commercial Load (Bulk)",A13:A17,F13:F17)*MID(J16,LEN(J16)-3,3))/J17,IF(COUNTIF(A13:A17,"Industrial Load (Bulk)")>0,(LOOKUP("Industrial Load (Bulk)",A13:A17,F13:F17)*MID(J16,LEN(J16)-3,3))/J17,"")) | S16: =IF(ISBLANK(R16),"",P16/R16)
J17: =IF((COUNTIF(A13:A17,"Commercial Load (Bulk)")>0),"0.9",IF(COUNTIF(A13:A17,"Industrial Load (Bulk)")>0,"0.9",""))
A19: STUDY AREA 4, BLOCK 3
R20: Power Factor | S20: kVA
A21: LOAD | B21: NO. OF ESTABLISHMENTS | C21: ESTIMATED AVERAGE AMPACITY | D21: NUMBER OF PHASE | E21: VOLTAGE | F21: POWER (kW) | H21: SIMULTANEOUS MAXIMUM DEMAND | I21: = | J21: =TRUNC(SUMIF(A20:A24,"Residential Load",F20:F24),3)&"(0.6)" -> 966(0.6) | K21: + | L21: =TRUNC(SUMIF(A20:A24,"Commercial Load",F20:F24),3)&"(0.7)" -> 431.25(0.7) | M21: + | N21: =TRUNC(SUMIF(A20:A24,"Industrial Load",F20:F24),3)&"(0.65)" -> 0(0.65) | O21: ="=" -> = | P21: =((SUMIF(A20:A24,"Residential Load",F20:F24)*MID(J21,LEN(J21)-3,3))/J22)+((SUMIF(A20:A24,"Commercial Load",F20:F24)*MID(L21,LEN(L21)-3,3))/L22)+((SUMIF(A20:A24,"Industrial Load",F20:F24)*MID(N21,LEN(N21)-3,3))/N22) -> 496.5637 | Q21: kW | R21: 0.9 | S21: =P21/R21 -> 551.73744 | U21: USE 1 - 600 kVA TRANSFORMER | Y21: =MID(U21,9,SEARCH("T",U21,1)-14)*1 -> 600
A22: Residential Load | B22: 140 | C22: 30 | D22: 1 | E22: 230 | F22: =Table1624112130[[#This Row],[NO. OF ESTABLISHMENTS]]*Table1624112130[[#This Row],[ESTIMATED AVERAGE AMPACITY]]*Table1624112130[[#This Row],[VOLTAGE]]/1000 -> 966 | J22: 2 | L22: 1.46 | N22: 0.86
A23: Commercial Load | B23: 25 | C23: 75 | D23: 1 | E23: 230 | F23: =Table1624112130[[#This Row],[NO. OF ESTABLISHMENTS]]*Table1624112130[[#This Row],[ESTIMATED AVERAGE AMPACITY]]*Table1624112130[[#This Row],[VOLTAGE]]/1000 -> 431.25
A24: Industrial Load | B24: 0 | C24: 0 | D24: 0 | E24: 0 | F24: 0 | H24: SIMULTANEOUS MAXIMUM DEMAND (BULK) | I24: ="=" -> = | J24: =IF((COUNTIF(A21:A25,"Commercial Load (Bulk)")>0),TRUNC(LOOKUP("Commercial Load (Bulk)",A21:A25,F21:F25))&"(0.7)",IF(COUNTIF(A21:A25,"Industrial Load (Bulk)")>0,TRUNC(LOOKUP("Industrial Load (Bulk)",A21:A25,F21:F25))&"(0.7)","")) | P24: =IF((COUNTIF(A21:A25,"Commercial Load (Bulk)")>0),(LOOKUP("Commercial Load (Bulk)",A21:A25,F21:F25)*MID(J24,LEN(J24)-3,3))/J25,IF(COUNTIF(A21:A25,"Industrial Load (Bulk)")>0,(LOOKUP("Industrial Load (Bulk)",A21:A25,F21:F25)*MID(J24,LEN(J24)-3,3))/J25,"")) | S24: =IF(ISBLANK(R24),"",P24/R24)
J25: =IF((COUNTIF(A21:A25,"Commercial Load (Bulk)")>0),"0.9",IF(COUNTIF(A21:A25,"Industrial Load (Bulk)")>0,"0.9",""))
A27: STUDY AREA 4, BLOCK 4
R28: Power Factor | S28: kVA
A29: LOAD | B29: NO. OF ESTABLISHMENTS | C29: ESTIMATED AVERAGE AMPACITY | D29: NUMBER OF PHASE | E29: VOLTAGE | F29: POWER (kW) | H29: SIMULTANEOUS MAXIMUM DEMAND | I29: = | J29: =TRUNC(SUMIF(A29:A33,"Residential Load",F29:F33),3)&"(0.6)" -> 402.5(0.6) | K29: + | L29: =TRUNC(SUMIF(A29:A33,"Commercial Load",F29:F33),3)&"(0.7)" -> 149.5(0.7) | M29: + | N29: =TRUNC(SUMIF(A29:A33,"Industrial Load",F29:F33),3)&"(0.65)" -> 0(0.65) | O29: ="=" -> = | P29: =((SUMIF(A29:A33,"Residential Load",F29:F33)*MID(J29,LEN(J29)-3,3))/J30)+((SUMIF(A29:A33,"Commercial Load",F29:F33)*MID(L29,LEN(L29)-3,3))/L30)+((SUMIF(A29:A33,"Industrial Load",F29:F33)*MID(N29,LEN(N29)-3,3))/N30) -> 192.42808 | Q29: kW | R29: 0.9 | S29: =P29/R29 -> 213.80898 | U29: USE 1 - 225 kVA TRANSFORMER | Y29: =MID(U29,9,SEARCH("T",U29,1)-14)*1 -> 225
A30: Residential Load | B30: 70 | C30: 25 | D30: 1 | E30: 230 | F30: =Table1725113131[[#This Row],[NO. OF ESTABLISHMENTS]]*Table1725113131[[#This Row],[ESTIMATED AVERAGE AMPACITY]]*Table1725113131[[#This Row],[VOLTAGE]]/1000 -> 402.5 | J30: 2 | L30: 1.46 | N30: 0.86
A31: Commercial Load | B31: 10 | C31: 65 | D31: 1 | E31: 230 | F31: =Table1725113131[[#This Row],[NO. OF ESTABLISHMENTS]]*Table1725113131[[#This Row],[ESTIMATED AVERAGE AMPACITY]]*Table1725113131[[#This Row],[VOLTAGE]]/1000 -> 149.5
A32: Industrial Load | B32: 0 | C32: 0 | D32: 0 | E32: 0 | F32: 0 | H32: SIMULTANEOUS MAXIMUM DEMAND (BULK) | I32: ="=" -> = | J32: =IF((COUNTIF(A29:A33,"Commercial Load (Bulk)")>0),TRUNC(LOOKUP("Commercial Load (Bulk)",A29:A33,F29:F33))&"(0.7)",IF(COUNTIF(A29:A33,"Industrial Load (Bulk)")>0,TRUNC(LOOKUP("Industrial Load (Bulk)",A29:A33,F29:F33))&"(0.7)","")) | P32: =IF((COUNTIF(A29:A33,"Commercial Load (Bulk)")>0),(LOOKUP("Commercial Load (Bulk)",A29:A33,F29:F33)*MID(J32,LEN(J32)-3,3))/J33,IF(COUNTIF(A29:A33,"Industrial Load (Bulk)")>0,(LOOKUP("Industrial Load (Bulk)",A29:A33,F29:F33)*MID(J32,LEN(J32)-3,3))/J33,"")) | S32: =IF(ISBLANK(R32),"",P32/R32)
J33: =IF((COUNTIF(A29:A33,"Commercial Load (Bulk)")>0),"0.9",IF(COUNTIF(A29:A33,"Industrial Load (Bulk)")>0,"0.9",""))
A35: STUDY AREA 4, BLOCK 5
R36: Power Factor | S36: kVA
A37: LOAD | B37: NO. OF ESTABLISHMENTS | C37: ESTIMATED AVERAGE AMPACITY | D37: NUMBER OF PHASE | E37: VOLTAGE | F37: POWER (kW) | H37: SIMULTANEOUS MAXIMUM DEMAND | I37: = | J37: =TRUNC(SUMIF(A37:A41,"Residential Load",F37:F41),3)&"(0.6)" -> 86.25(0.6) | K37: + | L37: =TRUNC(SUMIF(A37:A41,"Commercial Load",F37:F41),3)&"(0.7)" -> 74.75(0.7) | M37: + | N37: =TRUNC(SUMIF(A37:A41,"Industrial Load",F37:F41),3)&"(0.65)" -> 0(0.65) | O37: ="=" -> = | P37: =((SUMIF(A37:A41,"Residential Load",F37:F41)*MID(J37,LEN(J37)-3,3))/J38)+((SUMIF(A37:A41,"Commercial Load",F37:F41)*MID(L37,LEN(L37)-3,3))/L38)+((SUMIF(A37:A41,"Industrial Load",F37:F41)*MID(N37,LEN(N37)-3,3))/N38) -> 61.714041 | Q37: kW | R37: 0.9 | S37: =P37/R37 -> 68.571157 | U37: USE 1 - 75 kVA TRANSFORMER | Y37: =MID(U37,9,SEARCH("T",U37,1)-14)*1 -> 75
A38: Residential Load | B38: 25 | C38: 15 | D38: 1 | E38: 230 | F38: =Table15826114132[[#This Row],[NO. OF ESTABLISHMENTS]]*Table15826114132[[#This Row],[ESTIMATED AVERAGE AMPACITY]]*Table15826114132[[#This Row],[VOLTAGE]]/1000 -> 86.25 | J38: 2 | L38: 1.46 | N38: 0.86
A39: Commercial Load | B39: 5 | C39: 65 | D39: 1 | E39: 230 | F39: =Table15826114132[[#This Row],[NO. OF ESTABLISHMENTS]]*Table15826114132[[#This Row],[ESTIMATED AVERAGE AMPACITY]]*Table15826114132[[#This Row],[VOLTAGE]]/1000 -> 74.75
A40: Industrial Load | B40: 0 | C40: 0 | D40: 0 | E40: 0 | F40: 0 | H40: SIMULTANEOUS MAXIMUM DEMAND (BULK) | I40: ="=" -> = | J40: =IF((COUNTIF(A37:A41,"Commercial Load (Bulk)")>0),TRUNC(LOOKUP("Commercial Load (Bulk)",A37:A41,F37:F41))&"(0.7)",IF(COUNTIF(A37:A41,"Industrial Load (Bulk)")>0,TRUNC(LOOKUP("Industrial Load (Bulk)",A37:A41,F37:F41))&"(0.7)","")) | P40: =IF((COUNTIF(A37:A41,"Commercial Load (Bulk)")>0),(LOOKUP("Commercial Load (Bulk)",A37:A41,F37:F41)*MID(J40,LEN(J40)-3,3))/J41,IF(COUNTIF(A37:A41,"Industrial Load (Bulk)")>0,(LOOKUP("Industrial Load (Bulk)",A37:A41,F37:F41)*MID(J40,LEN(J40)-3,3))/J41,"")) | S40: =IF(ISBLANK(R40),"",P40/R40)
J41: =IF((COUNTIF(A37:A41,"Commercial Load (Bulk)")>0),"0.9",IF(COUNTIF(A37:A41,"Industrial Load (Bulk)")>0,"0.9",""))
A43: STUDY AREA 4, BLOCK 6
R44: Power Factor | S44: kVA
A45: LOAD | B45: NO. OF ESTABLISHMENTS | C45: ESTIMATED AVERAGE AMPACITY | D45: NUMBER OF PHASE | E45: VOLTAGE | F45: POWER (kW) | H45: SIMULTANEOUS MAXIMUM DEMAND | I45: = | J45: =TRUNC(SUMIF(A45:A49,"Residential Load",F45:F49),3)&"(0.6)" -> 86.25(0.6) | K45: + | L45: =TRUNC(SUMIF(A45:A49,"Commercial Load",F45:F49),3)&"(0.7)" -> 74.75(0.7) | M45: + | N45: =TRUNC(SUMIF(A45:A49,"Industrial Load",F45:F49),3)&"(0.65)" -> 0(0.65) | O45: ="=" -> = | P45: =((SUMIF(A45:A49,"Residential Load",F45:F49)*MID(J45,LEN(J45)-3,3))/J46)+((SUMIF(A45:A49,"Commercial Load",F45:F49)*MID(L45,LEN(L45)-3,3))/L46)+((SUMIF(A45:A49,"Industrial Load",F45:F49)*MID(N45,LEN(N45)-3,3))/N46) -> 61.714041 | Q45: kW | R45: 0.9 | S45: =P45/R45 -> 68.571157 | U45: USE 1 - 75 kVA TRANSFORMER | Y45: =MID(U45,9,SEARCH("T",U45,1)-14)*1 -> 75
A46: Residential Load | B46: 25 | C46: 15 | D46: 1 | E46: 230 | F46: =Table16927115133[[#This Row],[NO. OF ESTABLISHMENTS]]*Table16927115133[[#This Row],[ESTIMATED AVERAGE AMPACITY]]*Table16927115133[[#This Row],[VOLTAGE]]/1000 -> 86.25 | J46: 2 | L46: 1.46 | N46: 0.86
A47: Commercial Load | B47: 5 | C47: 65 | D47: 1 | E47: 230 | F47: =Table16927115133[[#This Row],[NO. OF ESTABLISHMENTS]]*Table16927115133[[#This Row],[ESTIMATED AVERAGE AMPACITY]]*Table16927115133[[#This Row],[VOLTAGE]]/1000 -> 74.75
A48: Industrial Load | B48: 0 | C48: 0 | D48: 0 | E48: 0 | F48: 0 | H48: SIMULTANEOUS MAXIMUM DEMAND (BULK) | I48: ="=" -> = | J48: =IF((COUNTIF(A45:A49,"Commercial Load (Bulk)")>0),TRUNC(LOOKUP("Commercial Load (Bulk)",A45:A49,F45:F49))&"(0.7)",IF(COUNTIF(A45:A49,"Industrial Load (Bulk)")>0,TRUNC(LOOKUP("Industrial Load (Bulk)",A45:A49,F45:F49))&"(0.7)","")) | P48: =IF((COUNTIF(A45:A49,"Commercial Load (Bulk)")>0),(LOOKUP("Commercial Load (Bulk)",A45:A49,F45:F49)*MID(J48,LEN(J48)-3,3))/J49,IF(COUNTIF(A45:A49,"Industrial Load (Bulk)")>0,(LOOKUP("Industrial Load (Bulk)",A45:A49,F45:F49)*MID(J48,LEN(J48)-3,3))/J49,"")) | S48: =IF(ISBLANK(R48),"",P48/R48)
J49: =IF((COUNTIF(A45:A49,"Commercial Load (Bulk)")>0),"0.9",IF(COUNTIF(A45:A49,"Industrial Load (Bulk)")>0,"0.9",""))
A51: STUDY AREA 4, BLOCK 7
R52: Power Factor | S52: kVA
A53: LOAD | B53: NO. OF ESTABLISHMENTS | C53: ESTIMATED AVERAGE AMPACITY | D53: NUMBER OF PHASE | E53: VOLTAGE | F53: POWER (kW) | H53: SIMULTANEOUS MAXIMUM DEMAND | I53: = | J53: =TRUNC(SUMIF(A53:A57,"Residential Load",F53:F57),3)&"(0.6)" -> 805(0.6) | K53: + | L53: =TRUNC(SUMIF(A53:A57,"Commercial Load",F53:F57),3)&"(0.7)" -> 586.5(0.7) | M53: + | N53: =TRUNC(SUMIF(A53:A57,"Industrial Load",F53:F57),3)&"(0.65)" -> 0(0.65) | O53: ="=" -> = | P53: =((SUMIF(A53:A57,"Residential Load",F53:F57)*MID(J53,LEN(J53)-3,3))/J54)+((SUMIF(A53:A57,"Commercial Load",F53:F57)*MID(L53,LEN(L53)-3,3))/L54)+((SUMIF(A53:A57,"Industrial Load",F53:F57)*MID(N53,LEN(N53)-3,3))/N54) -> 522.69863 | Q53: kW | R53: 0.9 | S53: =P53/R53 -> 580.77626 | U53: USE 1 - 600 kVA TRANSFORMER | Y53: =MID(U53,9,SEARCH("T",U53,1)-14)*1 -> 600
A54: Residential Load | B54: 100 | C54: 35 | D54: 1 | E54: 230 | F54: =Table11028116134[[#This Row],[NO. OF ESTABLISHMENTS]]*Table11028116134[[#This Row],[ESTIMATED AVERAGE AMPACITY]]*Table11028116134[[#This Row],[VOLTAGE]]/1000 -> 805 | J54: 2 | L54: 1.46 | N54: 0.86
A55: Commercial Load | B55: 30 | C55: 85 | D55: 1 | E55: 230 | F55: =Table11028116134[[#This Row],[NO. OF ESTABLISHMENTS]]*Table11028116134[[#This Row],[ESTIMATED AVERAGE AMPACITY]]*Table11028116134[[#This Row],[VOLTAGE]]/1000 -> 586.5
A56: Commercial Load (Bulk) | B56: 1 | C56: 4000 | D56: 3 | E56: 400 | F56: =SQRT(3)*Table11028116134[[#This Row],[NO. OF ESTABLISHMENTS]]*Table11028116134[[#This Row],[ESTIMATED AVERAGE AMPACITY]]*Table11028116134[[#This Row],[VOLTAGE]]/1000 -> 2771.2813 | H56: SIMULTANEOUS MAXIMUM DEMAND (BULK) | I56: ="=" -> = | J56: =IF((COUNTIF(A53:A57,"Commercial Load (Bulk)")>0),TRUNC(LOOKUP("Commercial Load (Bulk)",A53:A57,F53:F57))&"(0.7)",IF(COUNTIF(A53:A57,"Industrial Load (Bulk)")>0,TRUNC(LOOKUP("Industrial Load (Bulk)",A53:A57,F53:F57))&"(0.7)","")) -> 2771(0.7) | P56: =IF((COUNTIF(A53:A57,"Commercial Load (Bulk)")>0),(LOOKUP("Commercial Load (Bulk)",A53:A57,F53:F57)*MID(J56,LEN(J56)-3,3))/J57,IF(COUNTIF(A53:A57,"Industrial Load (Bulk)")>0,(LOOKUP("Industrial Load (Bulk)",A53:A57,F53:F57)*MID(J56,LEN(J56)-3,3))/J57,"")) -> 2155.441 | Q56: kVA | S56: =IF(ISBLANK(R56),"",P56/R56) | U56: USE 1 - 2500 kVA TRANSFORMER | Y56: =MID(U56,9,SEARCH("T",U56,1)-14)*1 -> 2500
A57: Industrial Load | B57: 0 | C57: 0 | D57: 0 | E57: 0 | F57: 0 | J57: =IF((COUNTIF(A53:A57,"Commercial Load (Bulk)")>0),"0.9",IF(COUNTIF(A53:A57,"Industrial Load (Bulk)")>0,"0.9","")) -> 0.9
A60: STUDY AREA 4, BLOCK 8
R61: Power Factor | S61: kVA
A62: LOAD | B62: NO. OF ESTABLISHMENTS | C62: ESTIMATED AVERAGE AMPACITY | D62: NUMBER OF PHASE | E62: VOLTAGE | F62: POWER (kW) | H62: SIMULTANEOUS MAXIMUM DEMAND | I62: = | J62: =TRUNC(SUMIF(A61:A65,"Residential Load",F61:F65),3)&"(0.6)" -> 966(0.6) | K62: + | L62: =TRUNC(SUMIF(A61:A65,"Commercial Load",F61:F65),3)&"(0.7)" -> 345(0.7) | M62: + | N62: =TRUNC(SUMIF(A61:A65,"Industrial Load",F61:F65),3)&"(0.65)" -> 0(0.65) | O62: ="=" -> = | P62: =((SUMIF(A61:A65,"Residential Load",F61:F65)*MID(J62,LEN(J62)-3,3))/J63)+((SUMIF(A61:A65,"Commercial Load",F61:F65)*MID(L62,LEN(L62)-3,3))/L63)+((SUMIF(A61:A65,"Industrial Load",F61:F65)*MID(N62,LEN(N62)-3,3))/N63) -> 455.21096 | Q62: kW | R62: 0.9 | S62: =P62/R62 -> 505.78995 | U62: USE 1 - 600 kVA TRANSFORMER | Y62: =MID(U62,9,SEARCH("T",U62,1)-14)*1 -> 600
A63: Residential Load | B63: 120 | C63: 35 | D63: 1 | E63: 230 | F63: =Table151129117135[[#This Row],[NO. OF ESTABLISHMENTS]]*Table151129117135[[#This Row],[ESTIMATED AVERAGE AMPACITY]]*Table151129117135[[#This Row],[VOLTAGE]]/1000 -> 966 | J63: 2 | L63: 1.46 | N63: 0.86
A64: Commercial Load | B64: 20 | C64: 75 | D64: 1 | E64: 230 | F64: =Table151129117135[[#This Row],[NO. OF ESTABLISHMENTS]]*Table151129117135[[#This Row],[ESTIMATED AVERAGE AMPACITY]]*Table151129117135[[#This Row],[VOLTAGE]]/1000 -> 345
A65: Industrial Load | B65: 0 | C65: 0 | D65: 0 | E65: 0 | F65: 0 | H65: SIMULTANEOUS MAXIMUM DEMAND (BULK) | I65: ="=" -> = | J65: =IF((COUNTIF(A62:A66,"Commercial Load (Bulk)")>0),TRUNC(LOOKUP("Commercial Load (Bulk)",A62:A66,F62:F66))&"(0.7)",IF(COUNTIF(A62:A66,"Industrial Load (Bulk)")>0,TRUNC(LOOKUP("Industrial Load (Bulk)",A62:A66,F62:F66))&"(0.7)","")) | P65: =IF((COUNTIF(A62:A66,"Commercial Load (Bulk)")>0),(LOOKUP("Commercial Load (Bulk)",A62:A66,F62:F66)*MID(J65,LEN(J65)-3,3))/J66,IF(COUNTIF(A62:A66,"Industrial Load (Bulk)")>0,(LOOKUP("Industrial Load (Bulk)",A62:A66,F62:F66)*MID(J65,LEN(J65)-3,3))/J66,"")) | S65: =IF(ISBLANK(R65),"",P65/R65)
J66: =IF((COUNTIF(A62:A66,"Commercial Load (Bulk)")>0),"0.9",IF(COUNTIF(A62:A66,"Industrial Load (Bulk)")>0,"0.9",""))
A68: STUDY AREA 4, BLOCK 9
R69: Power Factor | S69: kVA
A70: LOAD | B70: NO. OF ESTABLISHMENTS | C70: ESTIMATED AVERAGE AMPACITY | D70: NUMBER OF PHASE | E70: VOLTAGE | F70: POWER (kW) | H70: SIMULTANEOUS MAXIMUM DEMAND | I70: = | J70: =TRUNC(SUMIF(A70:A74,"Residential Load",F70:F74),3)&"(0.6)" -> 897(0.6) | K70: + | L70: =TRUNC(SUMIF(A70:A74,"Commercial Load",F70:F74),3)&"(0.7)" -> 431.25(0.7) | M70: + | N70: =TRUNC(SUMIF(A70:A74,"Industrial Load",F70:F74),3)&"(0.65)" -> 0(0.65) | O70: ="=" -> = | P70: =((SUMIF(A70:A74,"Residential Load",F70:F74)*MID(J70,LEN(J70)-3,3))/J71)+((SUMIF(A70:A74,"Commercial Load",F70:F74)*MID(L70,LEN(L70)-3,3))/L71)+((SUMIF(A70:A74,"Industrial Load",F70:F74)*MID(N70,LEN(N70)-3,3))/N71) -> 475.8637 | Q70: kW | R70: 0.9 | S70: =P70/R70 -> 528.73744 | U70: USE 1 - 600 kVA TRANSFORMER | Y70: =MID(U70,9,SEARCH("T",U70,1)-14)*1 -> 600
A71: Residential Load | B71: 130 | C71: 30 | D71: 1 | E71: 230 | F71: =Table161230118136[[#This Row],[NO. OF ESTABLISHMENTS]]*Table161230118136[[#This Row],[ESTIMATED AVERAGE AMPACITY]]*Table161230118136[[#This Row],[VOLTAGE]]/1000 -> 897 | J71: 2 | L71: 1.46 | N71: 0.86
A72: Commercial Load | B72: 25 | C72: 75 | D72: 1 | E72: 230 | F72: =Table161230118136[[#This Row],[NO. OF ESTABLISHMENTS]]*Table161230118136[[#This Row],[ESTIMATED AVERAGE AMPACITY]]*Table161230118136[[#This Row],[VOLTAGE]]/1000 -> 431.25
A73: Industrial Load | B73: 0 | C73: 0 | D73: 0 | E73: 0 | F73: 0 | H73: SIMULTANEOUS MAXIMUM DEMAND (BULK) | I73: ="=" -> = | J73: =IF((COUNTIF(A70:A74,"Commercial Load (Bulk)")>0),TRUNC(LOOKUP("Commercial Load (Bulk)",A70:A74,F70:F74))&"(0.7)",IF(COUNTIF(A70:A74,"Industrial Load (Bulk)")>0,TRUNC(LOOKUP("Industrial Load (Bulk)",A70:A74,F70:F74))&"(0.7)","")) | P73: =IF((COUNTIF(A70:A74,"Commercial Load (Bulk)")>0),(LOOKUP("Commercial Load (Bulk)",A70:A74,F70:F74)*MID(J73,LEN(J73)-3,3))/J74,IF(COUNTIF(A70:A74,"Industrial Load (Bulk)")>0,(LOOKUP("Industrial Load (Bulk)",A70:A74,F70:F74)*MID(J73,LEN(J73)-3,3))/J74,"")) | S73: =IF(ISBLANK(R73),"",P73/R73)
J74: =IF((COUNTIF(A70:A74,"Commercial Load (Bulk)")>0),"0.9",IF(COUNTIF(A70:A74,"Industrial Load (Bulk)")>0,"0.9",""))
A76: STUDY AREA 4, BLOCK 10
R77: Power Factor | S77: kVA
A78: LOAD | B78: NO. OF ESTABLISHMENTS | C78: ESTIMATED AVERAGE AMPACITY | D78: NUMBER OF PHASE | E78: VOLTAGE | F78: POWER (kW) | H78: SIMULTANEOUS MAXIMUM DEMAND | I78: = | J78: =TRUNC(SUMIF(A78:A82,"Residential Load",F78:F82),3)&"(0.6)" -> 172.5(0.6) | K78: + | L78: =TRUNC(SUMIF(A78:A82,"Commercial Load",F78:F82),3)&"(0.7)" -> 149.5(0.7) | M78: + | N78: =TRUNC(SUMIF(A78:A82,"Industrial Load",F78:F82),3)&"(0.65)" -> 0(0.65) | O78: ="=" -> = | P78: =((SUMIF(A78:A82,"Residential Load",F78:F82)*MID(J78,LEN(J78)-3,3))/J79)+((SUMIF(A78:A82,"Commercial Load",F78:F82)*MID(L78,LEN(L78)-3,3))/L79)+((SUMIF(A78:A82,"Industrial Load",F78:F82)*MID(N78,LEN(N78)-3,3))/N79) -> 123.42808 | Q78: kW | R78: 0.9 | S78: =P78/R78 -> 137.14231 | U78: USE 1 - 150 kVA TRANSFORMER | Y78: =MID(U78,9,SEARCH("T",U78,1)-14)*1 -> 150
A79: Residential Load | B79: 50 | C79: 15 | D79: 1 | E79: 230 | F79: =Table171331119137[[#This Row],[NO. OF ESTABLISHMENTS]]*Table171331119137[[#This Row],[ESTIMATED AVERAGE AMPACITY]]*Table171331119137[[#This Row],[VOLTAGE]]/1000 -> 172.5 | J79: 2 | L79: 1.46 | N79: 0.86
A80: Commercial Load | B80: 10 | C80: 65 | D80: 1 | E80: 230 | F80: =Table171331119137[[#This Row],[NO. OF ESTABLISHMENTS]]*Table171331119137[[#This Row],[ESTIMATED AVERAGE AMPACITY]]*Table171331119137[[#This Row],[VOLTAGE]]/1000 -> 149.5
A81: Industrial Load | B81: 0 | C81: 0 | D81: 0 | E81: 0 | F81: 0 | H81: SIMULTANEOUS MAXIMUM DEMAND (BULK) | I81: ="=" -> = | J81: =IF((COUNTIF(A78:A82,"Commercial Load (Bulk)")>0),TRUNC(LOOKUP("Commercial Load (Bulk)",A78:A82,F78:F82))&"(0.7)",IF(COUNTIF(A78:A82,"Industrial Load (Bulk)")>0,TRUNC(LOOKUP("Industrial Load (Bulk)",A78:A82,F78:F82))&"(0.7)","")) | P81: =IF((COUNTIF(A78:A82,"Commercial Load (Bulk)")>0),(LOOKUP("Commercial Load (Bulk)",A78:A82,F78:F82)*MID(J81,LEN(J81)-3,3))/J82,IF(COUNTIF(A78:A82,"Industrial Load (Bulk)")>0,(LOOKUP("Industrial Load (Bulk)",A78:A82,F78:F82)*MID(J81,LEN(J81)-3,3))/J82,"")) | S81: =IF(ISBLANK(R81),"",P81/R81)
J82: =IF((COUNTIF(A78:A82,"Commercial Load (Bulk)")>0),"0.9",IF(COUNTIF(A78:A82,"Industrial Load (Bulk)")>0,"0.9",""))
A84: STUDY AREA 4, BLOCK 11
R85: Power Factor | S85: kVA
A86: LOAD | B86: NO. OF ESTABLISHMENTS | C86: ESTIMATED AVERAGE AMPACITY | D86: NUMBER OF PHASE | E86: VOLTAGE | F86: POWER (kW) | H86: SIMULTANEOUS MAXIMUM DEMAND | I86: = | J86: =TRUNC(SUMIF(A86:A90,"Residential Load",F86:F90),3)&"(0.6)" -> 172.5(0.6) | K86: + | L86: =TRUNC(SUMIF(A86:A90,"Commercial Load",F86:F90),3)&"(0.7)" -> 74.75(0.7) | M86: + | N86: =TRUNC(SUMIF(A86:A90,"Industrial Load",F86:F90),3)&"(0.65)" -> 0(0.65) | O86: ="=" -> = | P86: =((SUMIF(A86:A90,"Residential Load",F86:F90)*MID(J86,LEN(J86)-3,3))/J87)+((SUMIF(A86:A90,"Commercial Load",F86:F90)*MID(L86,LEN(L86)-3,3))/L87)+((SUMIF(A86:A90,"Industrial Load",F86:F90)*MID(N86,LEN(N86)-3,3))/N87) -> 87.589041 | Q86: kW | R86: 0.9 | S86: =P86/R86 -> 97.321157 | U86: USE 1 - 112.5 kVA TRANSFORMER | Y86: =MID(U86,9,SEARCH("T",U86,1)-14)*1 -> 112.5
A87: Residential Load | B87: 50 | C87: 15 | D87: 1 | E87: 230 | F87: =Table1581432120138[[#This Row],[NO. OF ESTABLISHMENTS]]*Table1581432120138[[#This Row],[ESTIMATED AVERAGE AMPACITY]]*Table1581432120138[[#This Row],[VOLTAGE]]/1000 -> 172.5 | J87: 2 | L87: 1.46 | N87: 0.86
A88: Commercial Load | B88: 5 | C88: 65 | D88: 1 | E88: 230 | F88: =Table1581432120138[[#This Row],[NO. OF ESTABLISHMENTS]]*Table1581432120138[[#This Row],[ESTIMATED AVERAGE AMPACITY]]*Table1581432120138[[#This Row],[VOLTAGE]]/1000 -> 74.75
A89: Industrial Load | B89: 0 | C89: 0 | D89: 0 | E89: 0 | F89: 0 | H89: SIMULTANEOUS MAXIMUM DEMAND (BULK) | I89: ="=" -> = | J89: =IF((COUNTIF(A86:A90,"Commercial Load (Bulk)")>0),TRUNC(LOOKUP("Commercial Load (Bulk)",A86:A90,F86:F90))&"(0.7)",IF(COUNTIF(A86:A90,"Industrial Load (Bulk)")>0,TRUNC(LOOKUP("Industrial Load (Bulk)",A86:A90,F86:F90))&"(0.7)","")) | P89: =IF((COUNTIF(A86:A90,"Commercial Load (Bulk)")>0),(LOOKUP("Commercial Load (Bulk)",A86:A90,F86:F90)*MID(J89,LEN(J89)-3,3))/J90,IF(COUNTIF(A86:A90,"Industrial Load (Bulk)")>0,(LOOKUP("Industrial Load (Bulk)",A86:A90,F86:F90)*MID(J89,LEN(J89)-3,3))/J90,"")) | S89: =IF(ISBLANK(R89),"",P89/R89)
J90: =IF((COUNTIF(A86:A90,"Commercial Load (Bulk)")>0),"0.9",IF(COUNTIF(A86:A90,"Industrial Load (Bulk)")>0,"0.9",""))
A92: STUDY AREA 4, BLOCK 12
R93: Power Factor | S93: kVA
A94: LOAD | B94: NO. OF ESTABLISHMENTS | C94: ESTIMATED AVERAGE AMPACITY | D94: NUMBER OF PHASE | E94: VOLTAGE | F94: POWER (kW) | H94: SIMULTANEOUS MAXIMUM DEMAND | I94: = | J94: =TRUNC(SUMIF(A94:A98,"Residential Load",F94:F98),3)&"(0.6)" -> 172.5(0.6) | K94: + | L94: =TRUNC(SUMIF(A94:A98,"Commercial Load",F94:F98),3)&"(0.7)" -> 74.75(0.7) | M94: + | N94: =TRUNC(SUMIF(A94:A98,"Industrial Load",F94:F98),3)&"(0.65)" -> 0(0.65) | O94: ="=" -> = | P94: =((SUMIF(A94:A98,"Residential Load",F94:F98)*MID(J94,LEN(J94)-3,3))/J95)+((SUMIF(A94:A98,"Commercial Load",F94:F98)*MID(L94,LEN(L94)-3,3))/L95)+((SUMIF(A94:A98,"Industrial Load",F94:F98)*MID(N94,LEN(N94)-3,3))/N95) -> 87.589041 | Q94: kW | R94: 0.9 | S94: =P94/R94 -> 97.321157 | U94: USE 1 - 112.5 kVA TRANSFORMER | Y94: =MID(U94,9,SEARCH("T",U94,1)-14)*1 -> 112.5
A95: Residential Load | B95: 50 | C95: 15 | D95: 1 | E95: 230 | F95: =Table1691533121139[[#This Row],[NO. OF ESTABLISHMENTS]]*Table1691533121139[[#This Row],[ESTIMATED AVERAGE AMPACITY]]*Table1691533121139[[#This Row],[VOLTAGE]]/1000 -> 172.5 | J95: 2 | L95: 1.46 | N95: 0.86
A96: Commercial Load | B96: 5 | C96: 65 | D96: 1 | E96: 230 | F96: =Table1691533121139[[#This Row],[NO. OF ESTABLISHMENTS]]*Table1691533121139[[#This Row],[ESTIMATED AVERAGE AMPACITY]]*Table1691533121139[[#This Row],[VOLTAGE]]/1000 -> 74.75
A97: Industrial Load | B97: 0 | C97: 0 | D97: 0 | E97: 0 | F97: 0 | H97: SIMULTANEOUS MAXIMUM DEMAND (BULK) | I97: ="=" -> = | J97: =IF((COUNTIF(A94:A98,"Commercial Load (Bulk)")>0),TRUNC(LOOKUP("Commercial Load (Bulk)",A94:A98,F94:F98))&"(0.7)",IF(COUNTIF(A94:A98,"Industrial Load (Bulk)")>0,TRUNC(LOOKUP("Industrial Load (Bulk)",A94:A98,F94:F98))&"(0.7)","")) | P97: =IF((COUNTIF(A94:A98,"Commercial Load (Bulk)")>0),(LOOKUP("Commercial Load (Bulk)",A94:A98,F94:F98)*MID(J97,LEN(J97)-3,3))/J98,IF(COUNTIF(A94:A98,"Industrial Load (Bulk)")>0,(LOOKUP("Industrial Load (Bulk)",A94:A98,F94:F98)*MID(J97,LEN(J97)-3,3))/J98,"")) | S97: =IF(ISBLANK(R97),"",P97/R97)
J98: =IF((COUNTIF(A94:A98,"Commercial Load (Bulk)")>0),"0.9",IF(COUNTIF(A94:A98,"Industrial Load (Bulk)")>0,"0.9",""))
A100: STUDY AREA 4, BLOCK 13
R101: Power Factor | S101: kVA
A102: LOAD | B102: NO. OF ESTABLISHMENTS | C102: ESTIMATED AVERAGE AMPACITY | D102: NUMBER OF PHASE | E102: VOLTAGE | F102: POWER (kW) | H102: SIMULTANEOUS MAXIMUM DEMAND | I102: = | J102: =TRUNC(SUMIF(A102:A106,"Residential Load",F102:F106),3)&"(0.6)" -> 724.5(0.6) | K102: + | L102: =TRUNC(SUMIF(A102:A106,"Commercial Load",F102:F106),3)&"(0.7)" -> 517.5(0.7) | M102: + | N102: =TRUNC(SUMIF(A102:A106,"Industrial Load",F102:F106),3)&"(0.65)" -> 0(0.65) | O102: ="=" -> = | P102: =((SUMIF(A102:A106,"Residential Load",F102:F106)*MID(J102,LEN(J102)-3,3))/J103)+((SUMIF(A102:A106,"Commercial Load",F102:F106)*MID(L102,LEN(L102)-3,3))/L103)+((SUMIF(A102:A106,"Industrial Load",F102:F106)*MID(N102,LEN(N102)-3,3))/N103) -> 465.46644 | Q102: kW | R102: 0.9 | S102: =P102/R102 -> 517.18493 | U102: USE 1 - 600 kVA TRANSFORMER | Y102: =MID(U102,9,SEARCH("T",U102,1)-14)*1 -> 600
A103: Residential Load | B103: 90 | C103: 35 | D103: 1 | E103: 230 | F103: =Table11634122140[[#This Row],[NO. OF ESTABLISHMENTS]]*Table11634122140[[#This Row],[ESTIMATED AVERAGE AMPACITY]]*Table11634122140[[#This Row],[VOLTAGE]]/1000 -> 724.5 | J103: 2 | L103: 1.46 | N103: 0.86
A104: Commercial Load | B104: 25 | C104: 90 | D104: 1 | E104: 230 | F104: =Table11634122140[[#This Row],[NO. OF ESTABLISHMENTS]]*Table11634122140[[#This Row],[ESTIMATED AVERAGE AMPACITY]]*Table11634122140[[#This Row],[VOLTAGE]]/1000 -> 517.5
A105: Industrial Load | B105: 0 | C105: 0 | D105: 0 | E105: 0 | F105: 0 | H105: SIMULTANEOUS MAXIMUM DEMAND (BULK) | I105: ="=" -> = | J105: =IF((COUNTIF(A102:A106,"Commercial Load (Bulk)")>0),TRUNC(LOOKUP("Commercial Load (Bulk)",A102:A106,F102:F106))&"(0.7)",IF(COUNTIF(A102:A106,"Industrial Load (Bulk)")>0,TRUNC(LOOKUP("Industrial Load (Bulk)",A102:A106,F102:F106))&"(0.7)","")) | P105: =IF((COUNTIF(A102:A106,"Commercial Load (Bulk)")>0),(LOOKUP("Commercial Load (Bulk)",A102:A106,F102:F106)*MID(J105,LEN(J105)-3,3))/J106,IF(COUNTIF(A102:A106,"Industrial Load (Bulk)")>0,(LOOKUP("Industrial Load (Bulk)",A102:A106,F102:F106)*MID(J105,LEN(J105)-3,3))/J106,"")) | S105: =IF(ISBLANK(R105),"",P105/R105)
J106: =IF((COUNTIF(A102:A106,"Commercial Load (Bulk)")>0),"0.9",IF(COUNTIF(A102:A106,"Industrial Load (Bulk)")>0,"0.9",""))
A108: STUDY AREA 4, BLOCK 14
R109: Power Factor | S109: kVA
A110: LOAD | B110: NO. OF ESTABLISHMENTS | C110: ESTIMATED AVERAGE AMPACITY | D110: NUMBER OF PHASE | E110: VOLTAGE | F110: POWER (kW) | H110: SIMULTANEOUS MAXIMUM DEMAND | I110: = | J110: =TRUNC(SUMIF(A110:A114,"Residential Load",F110:F114),3)&"(0.6)" -> 828(0.6) | K110: + | L110: =TRUNC(SUMIF(A110:A114,"Commercial Load",F110:F114),3)&"(0.7)" -> 322(0.7) | M110: + | N110: =TRUNC(SUMIF(A110:A114,"Industrial Load",F110:F114),3)&"(0.65)" -> 0(0.65) | O110: ="=" -> = | P110: =((SUMIF(A110:A114,"Residential Load",F110:F114)*MID(J110,LEN(J110)-3,3))/J111)+((SUMIF(A110:A114,"Commercial Load",F110:F114)*MID(L110,LEN(L110)-3,3))/L111)+((SUMIF(A110:A114,"Industrial Load",F110:F114)*MID(N110,LEN(N110)-3,3))/N111) -> 402.78356 | Q110: kW | R110: 0.9 | S110: =P110/R110 -> 447.53729 | U110: USE 1 - 450 kVA TRANSFORMER | Y110: =MID(U110,9,SEARCH("T",U110,1)-14)*1 -> 450
A111: Residential Load | B111: 120 | C111: 30 | D111: 1 | E111: 230 | F111: =Table151735123141[[#This Row],[NO. OF ESTABLISHMENTS]]*Table151735123141[[#This Row],[ESTIMATED AVERAGE AMPACITY]]*Table151735123141[[#This Row],[VOLTAGE]]/1000 -> 828 | J111: 2 | L111: 1.46 | N111: 0.86
A112: Commercial Load | B112: 20 | C112: 70 | D112: 1 | E112: 230 | F112: =Table151735123141[[#This Row],[NO. OF ESTABLISHMENTS]]*Table151735123141[[#This Row],[ESTIMATED AVERAGE AMPACITY]]*Table151735123141[[#This Row],[VOLTAGE]]/1000 -> 322
A113: Industrial Load | B113: 0 | C113: 0 | D113: 0 | E113: 0 | F113: 0 | H113: SIMULTANEOUS MAXIMUM DEMAND (BULK) | I113: ="=" -> = | J113: =IF((COUNTIF(A110:A114,"Commercial Load (Bulk)")>0),TRUNC(LOOKUP("Commercial Load (Bulk)",A110:A114,F110:F114))&"(0.7)",IF(COUNTIF(A110:A114,"Industrial Load (Bulk)")>0,TRUNC(LOOKUP("Industrial Load (Bulk)",A110:A114,F110:F114))&"(0.7)","")) | P113: =IF((COUNTIF(A110:A114,"Commercial Load (Bulk)")>0),(LOOKUP("Commercial Load (Bulk)",A110:A114,F110:F114)*MID(J113,LEN(J113)-3,3))/J114,IF(COUNTIF(A110:A114,"Industrial Load (Bulk)")>0,(LOOKUP("Industrial Load (Bulk)",A110:A114,F110:F114)*MID(J113,LEN(J113)-3,3))/J114,"")) | S113: =IF(ISBLANK(R113),"",P113/R113)
J114: =IF((COUNTIF(A110:A114,"Commercial Load (Bulk)")>0),"0.9",IF(COUNTIF(A110:A114,"Industrial Load (Bulk)")>0,"0.9",""))
A116: STUDY AREA 3, BLOCK 15
R117: Power Factor | S117: kVA
...

Sheet FEEDER AND SUBSTATION
T1: Time | U1: Residential Load | V1: Commercial Load | W1: Industrial Load | X1: Combined | AA1: residential | AD1: commercial | AJ1: Month | AK1: Residential (MWh) | AL1: Commercial (MWh) | AM1: Industrial (MWh) | AN1: Combined (MWh)
A2: FEEDERS | B2: LOAD SIZE | C2: UNIT | F2: FEEDER | G2: BULK USER | H2: LOAD SIZE | I2: UNIT | K2: SUBSTATION SIZE | L2: UNIT | N2: POWER PLANT SIZE | O2: UNIT | Q2: LOAD | T2: 0 | U2: =($R$3/$AA$28)*AA2 -> 13431.574 | V2: =($R$4/$AD$28)*AD2 -> 3505.9416 | W2: 3879.794 | X2: =SUM(U2:W2) -> 20817.31 | Z2: 0 | AA2: 10 | AC2: 0 | AD2: 5 | AG2: LOAD | AH2: Power (kW) | AJ2: January | AK2: 21825.55 | AL2: 7260.23 | AM2: 2885.79 | AN2: 32875
A3: 1 | B3: =SUMIF('STUDY AREA 1'!H:H,"SIMULTANEOUS MAXIMUM DEMAND",'STUDY AREA 1'!S:S)/1.3 -> 5136.8956 | C3: kVA | F3: 1 | G3: 11 | H3: ='STUDY AREA 1'!P23 -> 1616.5808 | I3: kVA | K3: =SUM(Table2[LOAD SIZE])/1.2 -> 13960.143 | L3: kVA | N3: =SUM(K:K,H:H)/1.1 -> 27093.304 | O3: kVA | Q3: Residential Load | R3: =SUM('STUDY AREA 1'!AC6,'STUDY AREA 2'!AC6,'STUDY AREA 3'!AC6,'STUDY AREA 4'!AC6) -> 36265.25 | T3: 0.041666667 | U3: =($R$3/$AA$28)*AA3 -> 12088.417 | V3: =($R$4/$AD$28)*AD3 -> 2804.7533 | W3: 3879.794 | X3: =SUM(U3:W3) -> 18772.964 | Z3: 0.041666667 | AA3: 9 | AC3: 0.041666667 | AD3: 4 | AG3: Residential Load | AH3: 36265.25 | AJ3: February | AK3: 19713.4 | AL3: 6557.78 | AM3: 2606.52 | AN3: 29694
A4: 2 | B4: =SUMIF('STUDY AREA 2'!H:H,"SIMULTANEOUS MAXIMUM DEMAND",'STUDY AREA 2'!S:S)/1.3 -> 4325.1364 | C4: kVA | F4: 1 | G4: 12 | H4: ='STUDY AREA 1'!P64 -> 1562.6947 | I4: kVA | K4: Substation Transformer Size | Q4: Commercial Load | R4: =SUM('STUDY AREA 1'!AC7,'STUDY AREA 2'!AC7,'STUDY AREA 3'!AC7,'STUDY AREA 4'!AC7,H3:H4,H7:H10) -> 30151.098 | T4: 0.083333333 | U4: =($R$3/$AA$28)*AA4 -> 10745.259 | V4: =($R$4/$AD$28)*AD4 -> 2804.7533 | W4: 3879.794 | X4: =SUM(U4:W4) -> 17429.807 | Z4: 0.083333333 | AA4: 8 | AC4: 0.083333333 | AD4: 4 | AG4: Commercial Load | AH4: 30151.098 | AJ4: March | AK4: 21825.55 | AL4: 7260.23 | AM4: 2885.79 | AN4: 32875
A5: 3 | B5: =SUMIF('STUDY AREA 3'!H:H,"SIMULTANEOUS MAXIMUM DEMAND",'STUDY AREA 3'!S:S)/1.3 -> 3263.3825 | C5: kVA | F5: 2 | G5: 21 | H5: ='STUDY AREA 2'!P23 -> 2020.7259 | I5: kVA | Q5: Industrial Load | R5: =SUM('STUDY AREA 1'!AC8,'STUDY AREA 2'!AC8,'STUDY AREA 3'!AC8,'STUDY AREA 4'!AC8,H5:H6) -> 3879.7938 | T5: 0.125 | U5: =($R$3/$AA$28)*AA5 -> 10745.259 | V5: =($R$4/$AD$28)*AD5 -> 2103.5649 | W5: 3879.794 | X5: =SUM(U5:W5) -> 16728.618 | Z5: 0.125 | AA5: 8 | AC5: 0.125 | AD5: 3 | AG5: Industrial Load | AH5: 3879.7938 | AJ5: April | AK5: 21121.4 | AL5: 7026 | AM5: 2792.7 | AN5: 31814
A6: 4 | B6: =SUMIF('STUDY AREA 4'!H:H,"SIMULTANEOUS MAXIMUM DEMAND",'STUDY AREA 4'!S:S)/1.3 -> 4026.7571 | C6: kVA | F6: 2 | G6: 22 | H6: ='STUDY AREA 2'!P111 -> 1859.0679 | I6: kVA | T6: 0.16666667 | U6: =($R$3/$AA$28)*AA6 -> 12088.417 | V6: =($R$4/$AD$28)*AD6 -> 2103.5649 | W6: 3879.794 | X6: =SUM(U6:W6) -> 18071.776 | Z6: 0.16666667 | AA6: 9 | AC6: 0.16666667 | AD6: 3 | AJ6: May | AK6: 21825.55 | AL6: 7260.23 | AM6: 2885.79 | AN6: 32875
F7: 3 | G7: 31 | H7: ='STUDY AREA 3'!P71 -> 2155.441 | I7: kVA | T7: 0.20833333 | U7: =($R$3/$AA$28)*AA7 -> 13431.574 | V7: =($R$4/$AD$28)*AD7 -> 2804.7533 | W7: 3879.794 | X7: =SUM(U7:W7) -> 20116.121 | Z7: 0.20833333 | AA7: 10 | AC7: 0.20833333 | AD7: 4 | AJ7: June | AK7: 21121.4 | AL7: 7026 | AM7: 2792.7 | AN7: 31814
F8: 3 | G8: 32 | H8: ='STUDY AREA 3'!P96 -> 2317.0991 | I8: kVA | T8: 0.25 | U8: =($R$3/$AA$28)*AA8 -> 18804.204 | V8: =($R$4/$AD$28)*AD8 -> 7011.8832 | W8: 3879.794 | X8: =SUM(U8:W8) -> 29695.881 | Z8: 0.25 | AA8: 14 | AC8: 0.25 | AD8: 10 | AJ8: July | AK8: 21825.55 | AL8: 7260.23 | AM8: 2885.79 | AN8: 32875
F9: 4 | G9: 41 | H9: ='STUDY AREA 4'!P7 -> 2155.441 | I9: kVA | T9: 0.29166667 | U9: =($R$3/$AA$28)*AA9 -> 24176.833 | V9: =($R$4/$AD$28)*AD9 -> 14023.766 | W9: 3879.794 | X9: =SUM(U9:W9) -> 42080.394 | Z9: 0.29166667 | AA9: 18 | AC9: 0.29166667 | AD9: 20 | AJ9: August | AK9: 21825.55 | AL9: 7260.23 | AM9: 2885.79 | AN9: 32875
F10: 4 | G10: 42 | H10: ='STUDY AREA 4'!P56 -> 2155.441 | I10: kVA | T10: 0.33333333 | U10: =($R$3/$AA$28)*AA10 -> 26863.148 | V10: =($R$4/$AD$28)*AD10 -> 21035.649 | W10: 3879.794 | X10: =SUM(U10:W10) -> 51778.592 | Z10: 0.33333333 | AA10: 20 | AC10: 0.33333333 | AD10: 30 | AJ10: September | AK10: 21121.4 | AL10: 7026 | AM10: 2792.7 | AN10: 31814
T11: 0.375 | U11: =($R$3/$AA$28)*AA11 -> 25519.991 | V11: =($R$4/$AD$28)*AD11 -> 24541.591 | W11: 3879.794 | X11: =SUM(U11:W11) -> 53941.376 | Z11: 0.375 | AA11: 19 | AC11: 0.375 | AD11: 35 | AJ11: October | AK11: 21825.55 | AL11: 7260.23 | AM11: 2885.79 | AN11: 32875
A12: Row Labels | B12: Sum of LOAD SIZE | C12: Total Load | T12: 0.41666667 | U12: =($R$3/$AA$28)*AA12 -> 22833.676 | V12: =($R$4/$AD$28)*AD12 -> 28047.533 | W12: 3879.794 | X12: =SUM(U12:W12) -> 54761.003 | Z12: 0.41666667 | AA12: 17 | AC12: 0.41666667 | AD12: 40 | AJ12: November | AK12: 21121.4 | AL12: 7026 | AM12: 2792.7 | AN12: 31814
A13: 1 | B13: 3179.2755 | C13: =B13+B3 -> 8316.171 | T13: 0.45833333 | U13: =($R$3/$AA$28)*AA13 -> 21490.519 | V13: =($R$4/$AD$28)*AD13 -> 29449.909 | W13: 3879.794 | X13: =SUM(U13:W13) -> 54820.222 | Z13: 0.45833333 | AA13: 16 | AC13: 0.45833333 | AD13: 42 | AJ13: December | AK13: 21825.55 | AL13: 7260.23 | AM13: 2885.79 | AN13: 32875
A14: 2 | B14: 3879.7938 | C14: =B14+B4 -> 8204.9302 | T14: 0.5 | U14: =($R$3/$AA$28)*AA14 -> 20147.361 | V14: =($R$4/$AD$28)*AD14 -> 30151.098 | W14: 3879.794 | X14: =SUM(U14:W14) -> 54178.253 | Z14: 0.5 | AA14: 15 | AC14: 0.5 | AD14: 43
A15: 3 | B15: 4472.5401 | C15: =B15+B5 -> 7735.9226 | T15: 0.54166667 | U15: =($R$3/$AA$28)*AA15 -> 20147.361 | V15: =($R$4/$AD$28)*AD15 -> 29449.909 | W15: 3879.794 | X15: =SUM(U15:W15) -> 53477.064 | Z15: 0.54166667 | AA15: 15 | AC15: 0.54166667 | AD15: 42
A16: 4 | B16: 4310.882 | C16: =B16+B6 -> 8337.6391 | T16: 0.58333333 | U16: =($R$3/$AA$28)*AA16 -> 20147.361 | V16: =($R$4/$AD$28)*AD16 -> 28047.533 | W16: 3879.794 | X16: =SUM(U16:W16) -> 52074.688 | Z16: 0.58333333 | AA16: 15 | AC16: 0.58333333 | AD16: 40
A17: Grand Total | B17: 15842.491 | T17: 0.625 | U17: =($R$3/$AA$28)*AA17 -> 21490.519 | V17: =($R$4/$AD$28)*AD17 -> 26645.156 | W17: 3879.794 | X17: =SUM(U17:W17) -> 52015.469 | Z17: 0.625 | AA17: 16 | AC17: 0.625 | AD17: 38
T18: 0.66666667 | U18: =($R$3/$AA$28)*AA18 -> 24176.833 | V18: =($R$4/$AD$28)*AD18 -> 24541.591 | W18: 3879.794 | X18: =SUM(U18:W18) -> 52598.218 | Z18: 0.66666667 | AA18: 18 | AC18: 0.66666667 | AD18: 35
T19: 0.70833333 | U19: =($R$3/$AA$28)*AA19 -> 26863.148 | V19: =($R$4/$AD$28)*AD19 -> 21035.649 | W19: 3879.794 | X19: =SUM(U19:W19) -> 51778.592 | Z19: 0.70833333 | AA19: 20 | AC19: 0.70833333 | AD19: 30
D20: 1 | E20: 8316.171 | T20: 0.75 | U20: =($R$3/$AA$28)*AA20 -> 29549.463 | V20: =($R$4/$AD$28)*AD20 -> 17529.708 | W20: 3879.794 | X20: =SUM(U20:W20) -> 50958.965 | Z20: 0.75 | AA20: 22 | AC20: 0.75 | AD20: 25
D21: 2 | E21: 8204.9302 | T21: 0.79166667 | U21: =($R$3/$AA$28)*AA21 -> 33578.935 | V21: =($R$4/$AD$28)*AD21 -> 14023.766 | W21: 3879.794 | X21: =SUM(U21:W21) -> 51482.496 | Z21: 0.79166667 | AA21: 25 | AC21: 0.79166667 | AD21: 20
D22: 3 | E22: 7735.9226 | T22: 0.83333333 | U22: =($R$3/$AA$28)*AA22 -> 36265.25 | V22: =($R$4/$AD$28)*AD22 -> 10517.825 | W22: 3879.794 | X22: =SUM(U22:W22) -> 50662.869 | Z22: 0.83333333 | AA22: 27 | AC22: 0.83333333 | AD22: 15
D23: 4 | E23: 8337.6391 | T23: 0.875 | U23: =($R$3/$AA$28)*AA23 -> 34922.093 | V23: =($R$4/$AD$28)*AD23 -> 7011.8832 | W23: 3879.794 | X23: =SUM(U23:W23) -> 45813.77 | Z23: 0.875 | AA23: 26 | AC23: 0.875 | AD23: 10
T24: 0.91666667 | U24: =($R$3/$AA$28)*AA24 -> 29549.463 | V24: =($R$4/$AD$28)*AD24 -> 4207.1299 | W24: 3879.794 | X24: =SUM(U24:W24) -> 37636.387 | Z24: 0.91666667 | AA24: 22 | AC24: 0.91666667 | AD24: 6
T25: 0.95833333 | U25: =($R$3/$AA$28)*AA25 -> 13431.574 | V25: =($R$4/$AD$28)*AD25 -> 3505.9416 | W25: 3879.794 | X25: =SUM(U25:W25) -> 20817.31 | Z25: 0.95833333 | AA25: 10 | AC25: 0.95833333 | AD25: 5
T27: Average | U27: =AVERAGE(U2:U25) -> 21770.343 | V27: =AVERAGE(V2:V25) -> 14871.036 | W27: =AVERAGE(W2:W25) -> 3879.794 | X27: =AVERAGE(X2:X25) -> 40521.173
T28: Load Factor | U28: =U27/MAX(U2:U25) -> 0.60030864 | V28: =V27/MAX(V2:V25) -> 0.49321705 | W28: =W27/MAX(W2:W25) -> 1 | X28: =X27/MAX(X2:X25) -> 0.73916469 | Z28: max | AA28: =MAX(AA2:AA25) -> 27 | AC28: max | AD28: =MAX(AD2:AD25) -> 43

Sheet POWERPLANT
A1: Load Type | B1: Fuel Type | C1: Capacity | E1: Efficiency
C2: Installed(kVA) | D2: Dependable(kVA)
A3: Base Load | B3: Coal Fired | C3: 35000 | D3: =C3*E3 -> 32900 | E3: 0.94
A4: Peak Load | B4: Solar | C4: 30000 | D4: =C4*E4 -> 24000 | E4: 0.8

Sheet BREAKERS
B2: Vprimary | C2: =460 -> 460 | L2: Vprimary | M2: =460 -> 460 | V2: Vprimary | W2: =460 -> 460 | AF2: Vprimary | AG2: =460 -> 460
B3: Vsecondary | C3: =230 -> 230 | L3: Vsecondary | M3: =230 -> 230 | V3: Vsecondary | W3: =230 -> 230 | AF3: Vsecondary | AG3: =230 -> 230
B5: STUDY AREA 1 | L5: STUDY AREA 2 | V5: STUDY AREA 3 | AF5: STUDY AREA 4
C6: HIGH VOLTAGE | M6: HIGH VOLTAGE | W6: HIGH VOLTAGE | AG6: HIGH VOLTAGE
C7: kVA | D7: IFLC(HV) | E7: CB=1.25*IFLC(HV) | F7: Standard CB Size | G7: Breaker Type | H7: Impedance | I7: IFAULT | J7: KAIC Rating(kA) | M7: kVA | N7: IFLC(HV) | O7: CB=1.25*IFLC(HV) | P7: Standard CB Size | Q7: Breaker Type | R7: Impedance | S7: IFAULT | T7: KAIC Rating(kA) | W7: kVA | X7: IFLC(HV) | Y7: CB=1.25*IFLC(HV) | Z7: Standard CB Size | AA7: Breaker Type | AB7: Impedance | AC7: IFAULT | AD7: KAIC Rating(kA) | AG7: kVA | AH7: IFLC(HV) | AI7: CB=1.25*IFLC(HV) | AJ7: Standard CB Size | AK7: Breaker Type | AL7: Impedance | AM7: IFAULT | AN7: KAIC Rating(kA)
B8: TB1= | C8: ='STUDY AREA 1'!Y4 -> 300 | D8: =(C8*1000)/(SQRT(3)*$C$2) -> 376.53278 | E8: =1.25*D8 -> 470.66598 | F8: =_xlfn.XLOOKUP(E8,'LOOKUP VALUES'!$A$2:$A$30,'LOOKUP VALUES'!$B$2:$B$30,,1,1) -> 500 | G8: =IF(C8>1000,"ACB","MCCB") -> MCCB | H8: =_xlfn.XLOOKUP(C8,'LOOKUP VALUES'!$D$1:$D$8,'LOOKUP VALUES'!$E$1:$E$8,,1,1) -> 0.04 | I8: =(D8)/H8 -> 9413.3196 | J8: =_xlfn.XLOOKUP(I8,'LOOKUP VALUES'!$H$2:$H$14,'LOOKUP VALUES'!$I$2:$I$14,,1,1) -> 15-18 | L8: TB1= | M8: ='STUDY AREA 2'!Y4 -> 800 | N8: =(M8*1000)/(SQRT(3)*$C$2) -> 1004.0874 | O8: =1.25*N8 -> 1255.1093 | P8: =_xlfn.XLOOKUP(O8,'LOOKUP VALUES'!$A$2:$A$30,'LOOKUP VALUES'!$B$2:$B$30,,1,1) -> 1600 | Q8: =IF(M8>1000,"ACB","MCCB") -> MCCB | R8: =_xlfn.XLOOKUP(M8,'LOOKUP VALUES'!$D$1:$D$8,'LOOKUP VALUES'!$E$1:$E$8,,1,1) -> 0.06 | S8: =(N8)/R8 -> 16734.79 | T8: =_xlfn.XLOOKUP(S8,'LOOKUP VALUES'!$H$2:$H$14,'LOOKUP VALUES'!$I$2:$I$14,,1,1) -> 25-35 | V8: TB1= | W8: ='STUDY AREA 3'!Y4 -> 300 | X8: =(W8*1000)/(SQRT(3)*$C$2) -> 376.53278 | Y8: =1.25*X8 -> 470.66598 | Z8: =_xlfn.XLOOKUP(Y8,'LOOKUP VALUES'!$A$2:$A$30,'LOOKUP VALUES'!$B$2:$B$30,,1,1) -> 500 | AA8: =IF(W8>1000,"ACB","MCCB") -> MCCB | AB8: =_xlfn.XLOOKUP(W8,'LOOKUP VALUES'!$D$1:$D$8,'LOOKUP VALUES'!$E$1:$E$8,,1,1) -> 0.04 | AC8: =(X8)/AB8 -> 9413.3196 | AD8: =_xlfn.XLOOKUP(AC8,'LOOKUP VALUES'!$H$2:$H$14,'LOOKUP VALUES'!$I$2:$I$14,,1,1) -> 15-18 | AF8: TB1= | AG8: ='STUDY AREA 4'!Y4 -> 450 | AH8: =(AG8*1000)/(SQRT(3)*$C$2) -> 564.79918 | AI8: =1.25*AH8 -> 705.99897 | AJ8: =_xlfn.XLOOKUP(AI8,'LOOKUP VALUES'!$A$2:$A$30,'LOOKUP VALUES'!$B$2:$B$30,,1,1) -> 800 | AK8: =IF(AG8>1000,"ACB","MCCB") -> MCCB | AL8: =_xlfn.XLOOKUP(AG8,'LOOKUP VALUES'!$D$1:$D$8,'LOOKUP VALUES'!$E$1:$E$8,,1,1) -> 0.05 | AM8: =(AH8)/AL8 -> 11295.984 | AN8: =_xlfn.XLOOKUP(AM8,'LOOKUP VALUES'!$H$2:$H$14,'LOOKUP VALUES'!$I$2:$I$14,,1,1) -> 15-18
D9: IFLC(LV) | E9: CB=1.25*IFLC(LV) | F9: Standard CB Size | G9: Breaker Type | H9: Impedance | I9: IFAULT | J9: KAIC Rating(kA) | N9: IFLC(LV) | O9: CB=1.25*IFLC(LV) | P9: Standard CB Size | Q9: Breaker Type | R9: Impedance | S9: IFAULT | T9: KAIC Rating(kA) | X9: IFLC(LV) | Y9: CB=1.25*IFLC(LV) | Z9: Standard CB Size | AA9: Breaker Type | AB9: Impedance | AC9: IFAULT | AD9: KAIC Rating(kA) | AH9: IFLC(LV) | AI9: CB=1.25*IFLC(LV) | AJ9: Standard CB Size | AK9: Breaker Type | AL9: Impedance | AM9: IFAULT | AN9: KAIC Rating(kA)
D10: =(C8*1000)/(SQRT(3)*$C$3) -> 753.06557 | E10: =1.25*D10 -> 941.33196 | F10: =_xlfn.XLOOKUP(E10,'LOOKUP VALUES'!$A$2:$A$30,'LOOKUP VALUES'!$B$2:$B$30,,1,1) -> 1000 | G10: =IF(C8>1000,"ACB","MCCB") -> MCCB | H10: =_xlfn.XLOOKUP(C8,'LOOKUP VALUES'!$D$1:$D$8,'LOOKUP VALUES'!$E$1:$E$8,,1,1) -> 0.04 | I10: =(D10)/H10 -> 18826.639 | J10: =_xlfn.XLOOKUP(I10,'LOOKUP VALUES'!$H$2:$H$14,'LOOKUP VALUES'!$I$2:$I$14,,1,1) -> 25-35 | N10: =(M8*1000)/(SQRT(3)*$C$3) -> 2008.1748 | O10: =1.25*N10 -> 2510.2186 | P10: =_xlfn.XLOOKUP(O10,'LOOKUP VALUES'!$A$2:$A$30,'LOOKUP VALUES'!$B$2:$B$30,,1,1) -> 3000 | Q10: =IF(M8>1000,"ACB","MCCB") -> MCCB | R10: =_xlfn.XLOOKUP(M8,'LOOKUP VALUES'!$D$1:$D$8,'LOOKUP VALUES'!$E$1:$E$8,,1,1) -> 0.06 | S10: =(N10)/R10 -> 33469.581 | T10: =_xlfn.XLOOKUP(S10,'LOOKUP VALUES'!$H$2:$H$14,'LOOKUP VALUES'!$I$2:$I$14,,1,1) -> 60 | X10: =(W8*1000)/(SQRT(3)*$C$3) -> 753.06557 | Y10: =1.25*X10 -> 941.33196 | Z10: =_xlfn.XLOOKUP(Y10,'LOOKUP VALUES'!$A$2:$A$30,'LOOKUP VALUES'!$B$2:$B$30,,1,1) -> 1000 | AA10: =IF(W8>1000,"ACB","MCCB") -> MCCB | AB10: =_xlfn.XLOOKUP(W8,'LOOKUP VALUES'!$D$1:$D$8,'LOOKUP VALUES'!$E$1:$E$8,,1,1) -> 0.04 | AC10: =(X10)/AB10 -> 18826.639 | AD10: =_xlfn.XLOOKUP(AC10,'LOOKUP VALUES'!$H$2:$H$14,'LOOKUP VALUES'!$I$2:$I$14,,1,1) -> 25-35 | AH10: =(AG8*1000)/(SQRT(3)*$C$3) -> 1129.5984 | AI10: =1.25*AH10 -> 1411.9979 | AJ10: =_xlfn.XLOOKUP(AI10,'LOOKUP VALUES'!$A$2:$A$30,'LOOKUP VALUES'!$B$2:$B$30,,1,1) -> 1600 | AK10: =IF(AG8>1000,"ACB","MCCB") -> MCCB | AL10: =_xlfn.XLOOKUP(AG8,'LOOKUP VALUES'!$D$1:$D$8,'LOOKUP VALUES'!$E$1:$E$8,,1,1) -> 0.05 | AM10: =(AH10)/AL10 -> 22591.967 | AN10: =_xlfn.XLOOKUP(AM10,'LOOKUP VALUES'!$H$2:$H$14,'LOOKUP VALUES'!$I$2:$I$14,,1,1) -> 25-35
C12: kVA | D12: IFLC(HV) | E12: CB=1.25*IFLC(HV) | F12: Standard CB Size | G12: Breaker Type | H12: Impedance | I12: IFAULT | J12: KAIC Rating(kA) | M12: kVA | N12: IFLC(HV) | O12: CB=1.25*IFLC(HV) | P12: Standard CB Size | Q12: Breaker Type | R12: Impedance | S12: IFAULT | T12: KAIC Rating(kA) | W12: kVA | X12: IFLC(HV) | Y12: CB=1.25*IFLC(HV) | Z12: Standard CB Size | AA12: Breaker Type | AB12: Impedance | AC12: IFAULT | AD12: KAIC Rating(kA) | AG12: kVA | AH12: IFLC(HV) | AI12: CB=1.25*IFLC(HV) | AJ12: Standard CB Size | AK12: Breaker Type | AL12: Impedance | AM12: IFAULT | AN12: KAIC Rating(kA)
B13: TB2= | C13: ='STUDY AREA 1'!Y12 -> 450 | D13: =(C13*1000)/(SQRT(3)*$C$2) -> 564.79918 | E13: =1.25*D13 -> 705.99897 | F13: =_xlfn.XLOOKUP(E13,'LOOKUP VALUES'!$A$2:$A$30,'LOOKUP VALUES'!$B$2:$B$30,,1,1) -> 800 | G13: =IF(C13>1000,"ACB","MCCB") -> MCCB | H13: =_xlfn.XLOOKUP(C13,'LOOKUP VALUES'!$D$1:$D$8,'LOOKUP VALUES'!$E$1:$E$8,,1,1) -> 0.05 | I13: =(D13)/H13 -> 11295.984 | J13: =_xlfn.XLOOKUP(I13,'LOOKUP VALUES'!$H$2:$H$14,'LOOKUP VALUES'!$I$2:$I$14,,1,1) -> 15-18 | L13: TB2= | M13: ='STUDY AREA 2'!Y12 -> 450 | N13: =(M13*1000)/(SQRT(3)*$C$2) -> 564.79918 | O13: =1.25*N13 -> 705.99897 | P13: =_xlfn.XLOOKUP(O13,'LOOKUP VALUES'!$A$2:$A$30,'LOOKUP VALUES'!$B$2:$B$30,,1,1) -> 800 | Q13: =IF(M13>1000,"ACB","MCCB") -> MCCB | R13: =_xlfn.XLOOKUP(M13,'LOOKUP VALUES'!$D$1:$D$8,'LOOKUP VALUES'!$E$1:$E$8,,1,1) -> 0.05 | S13: =(N13)/R13 -> 11295.984 | T13: =_xlfn.XLOOKUP(S13,'LOOKUP VALUES'!$H$2:$H$14,'LOOKUP VALUES'!$I$2:$I$14,,1,1) -> 15-18 | V13: TB2= | W13: ='STUDY AREA 3'!Y12 -> 450 | X13: =(W13*1000)/(SQRT(3)*$C$2) -> 564.79918 | Y13: =1.25*X13 -> 705.99897 | Z13: =_xlfn.XLOOKUP(Y13,'LOOKUP VALUES'!$A$2:$A$30,'LOOKUP VALUES'!$B$2:$B$30,,1,1) -> 800 | AA13: =IF(W13>1000,"ACB","MCCB") -> MCCB | AB13: =_xlfn.XLOOKUP(W13,'LOOKUP VALUES'!$D$1:$D$8,'LOOKUP VALUES'!$E$1:$E$8,,1,1) -> 0.05 | AC13: =(X13)/AB13 -> 11295.984 | AD13: =_xlfn.XLOOKUP(AC13,'LOOKUP VALUES'!$H$2:$H$14,'LOOKUP VALUES'!$I$2:$I$14,,1,1) -> 15-18 | AF13: TB2= | AG13: ='STUDY AREA 4'!Y13 -> 450 | AH13: =(AG13*1000)/(SQRT(3)*$C$2) -> 564.79918 | AI13: =1.25*AH13 -> 705.99897 | AJ13: =_xlfn.XLOOKUP(AI13,'LOOKUP VALUES'!$A$2:$A$30,'LOOKUP VALUES'!$B$2:$B$30,,1,1) -> 800 | AK13: =IF(AG13>1000,"ACB","MCCB") -> MCCB | AL13: =_xlfn.XLOOKUP(AG13,'LOOKUP VALUES'!$D$1:$D$8,'LOOKUP VALUES'!$E$1:$E$8,,1,1) -> 0.05 | AM13: =(AH13)/AL13 -> 11295.984 | AN13: =_xlfn.XLOOKUP(AM13,'LOOKUP VALUES'!$H$2:$H$14,'LOOKUP VALUES'!$I$2:$I$14,,1,1) -> 15-18
D14: IFLC(LV) | E14: CB=1.25*IFLC(LV) | F14: Standard CB Size | G14: Breaker Type | H14: Impedance | I14: IFAULT | J14: KAIC Rating(kA) | N14: IFLC(LV) | O14: CB=1.25*IFLC(LV) | P14: Standard CB Size | Q14: Breaker Type | R14: Impedance | S14: IFAULT | T14: KAIC Rating(kA) | X14: IFLC(LV) | Y14: CB=1.25*IFLC(LV) | Z14: Standard CB Size | AA14: Breaker Type | AB14: Impedance | AC14: IFAULT | AD14: KAIC Rating(kA) | AH14: IFLC(LV) | AI14: CB=1.25*IFLC(LV) | AJ14: Standard CB Size | AK14: Breaker Type | AL14: Impedance | AM14: IFAULT | AN14: KAIC Rating(kA)
D15: =(C13*1000)/(SQRT(3)*$C$3) -> 1129.5984 | E15: =1.25*D15 -> 1411.9979 | F15: =_xlfn.XLOOKUP(E15,'LOOKUP VALUES'!$A$2:$A$30,'LOOKUP VALUES'!$B$2:$B$30,,1,1) -> 1600 | G15: =IF(C13>1000,"ACB","MCCB") -> MCCB | H15: =_xlfn.XLOOKUP(C13,'LOOKUP VALUES'!$D$1:$D$8,'LOOKUP VALUES'!$E$1:$E$8,,1,1) -> 0.05 | I15: =(D15)/H15 -> 22591.967 | J15: =_xlfn.XLOOKUP(I15,'LOOKUP VALUES'!$H$2:$H$14,'LOOKUP VALUES'!$I$2:$I$14,,1,1) -> 25-35 | N15: =(M13*1000)/(SQRT(3)*$C$3) -> 1129.5984 | O15: =1.25*N15 -> 1411.9979 | P15: =_xlfn.XLOOKUP(O15,'LOOKUP VALUES'!$A$2:$A$30,'LOOKUP VALUES'!$B$2:$B$30,,1,1) -> 1600 | Q15: =IF(M13>1000,"ACB","MCCB") -> MCCB | R15: =_xlfn.XLOOKUP(M13,'LOOKUP VALUES'!$D$1:$D$8,'LOOKUP VALUES'!$E$1:$E$8,,1,1) -> 0.05 | S15: =(N15)/R15 -> 22591.967 | T15: =_xlfn.XLOOKUP(S15,'LOOKUP VALUES'!$H$2:$H$14,'LOOKUP VALUES'!$I$2:$I$14,,1,1) -> 25-35 | X15: =(W13*1000)/(SQRT(3)*$C$3) -> 1129.5984 | Y15: =1.25*X15 -> 1411.9979 | Z15: =_xlfn.XLOOKUP(Y15,'LOOKUP VALUES'!$A$2:$A$30,'LOOKUP VALUES'!$B$2:$B$30,,1,1) -> 1600 | AA15: =IF(W13>1000,"ACB","MCCB") -> MCCB | AB15: =_xlfn.XLOOKUP(W13,'LOOKUP VALUES'!$D$1:$D$8,'LOOKUP VALUES'!$E$1:$E$8,,1,1) -> 0.05 | AC15: =(X15)/AB15 -> 22591.967 | AD15: =_xlfn.XLOOKUP(AC15,'LOOKUP VALUES'!$H$2:$H$14,'LOOKUP VALUES'!$I$2:$I$14,,1,1) -> 25-35 | AH15: =(AG13*1000)/(SQRT(3)*$C$3) -> 1129.5984 | AI15: =1.25*AH15 -> 1411.9979 | AJ15: =_xlfn.XLOOKUP(AI15,'LOOKUP VALUES'!$A$2:$A$30,'LOOKUP VALUES'!$B$2:$B$30,,1,1) -> 1600 | AK15: =IF(AG13>1000,"ACB","MCCB") -> MCCB | AL15: =_xlfn.XLOOKUP(AG13,'LOOKUP VALUES'!$D$1:$D$8,'LOOKUP VALUES'!$E$1:$E$8,,1,1) -> 0.05 | AM15: =(AH15)/AL15 -> 22591.967 | AN15: =_xlfn.XLOOKUP(AM15,'LOOKUP VALUES'!$H$2:$H$14,'LOOKUP VALUES'!$I$2:$I$14,,1,1) -> 25-35
C17: kVA | D17: IFLC(HV) | E17: CB=1.25*IFLC(HV) | F17: Standard CB Size | G17: Breaker Type | H17: Impedance | I17: IFAULT | J17: KAIC Rating(kA) | M17: kVA | N17: IFLC(HV) | O17: CB=1.25*IFLC(HV) | P17: Standard CB Size | Q17: Breaker Type | R17: Impedance | S17: IFAULT | T17: KAIC Rating(kA) | W17: kVA | X17: IFLC(HV) | Y17: CB=1.25*IFLC(HV) | Z17: Standard CB Size | AA17: Breaker Type | AB17: Impedance | AC17: IFAULT | AD17: KAIC Rating(kA) | AG17: kVA | AH17: IFLC(HV) | AI17: CB=1.25*IFLC(HV) | AJ17: Standard CB Size | AK17: Breaker Type | AL17: Impedance | AM17: IFAULT | AN17: KAIC Rating(kA)
B18: TB3= | C18: ='STUDY AREA 1'!Y20 -> 1000 | D18: =(C18*1000)/(SQRT(3)*$C$2) -> 1255.1093 | E18: =1.25*D18 -> 1568.8866 | F18: =_xlfn.XLOOKUP(E18,'LOOKUP VALUES'!$A$2:$A$30,'LOOKUP VALUES'!$B$2:$B$30,,1,1) -> 1600 | G18: =IF(C18>1000,"ACB","MCCB") -> MCCB | H18: =_xlfn.XLOOKUP(C18,'LOOKUP VALUES'!$D$1:$D$8,'LOOKUP VALUES'!$E$1:$E$8,,1,1) -> 0.06 | I18: =(D18)/H18 -> 20918.488 | J18: =_xlfn.XLOOKUP(I18,'LOOKUP VALUES'!$H$2:$H$14,'LOOKUP VALUES'!$I$2:$I$14,,1,1) -> 25-35 | L18: TB3= | M18: ='STUDY AREA 2'!Y20 -> 112.5 | N18: =(M18*1000)/(SQRT(3)*$C$2) -> 141.19979 | O18: =1.25*N18 -> 176.49974 | P18: =_xlfn.XLOOKUP(O18,'LOOKUP VALUES'!$A$2:$A$30,'LOOKUP VALUES'!$B$2:$B$30,,1,1) -> 200 | Q18: =IF(M18>1000,"ACB","MCCB") -> MCCB | R18: =_xlfn.XLOOKUP(M18,'LOOKUP VALUES'!$D$1:$D$8,'LOOKUP VALUES'!$E$1:$E$8,,1,1) -> 0.04 | S18: =(N18)/R18 -> 3529.9949 | T18: =_xlfn.XLOOKUP(S18,'LOOKUP VALUES'!$H$2:$H$14,'LOOKUP VALUES'!$I$2:$I$14,,1,1) -> 6-10 | V18: TB3= | W18: ='STUDY AREA 3'!Y20 -> 450 | X18: =(W18*1000)/(SQRT(3)*$C$2) -> 564.79918 | Y18: =1.25*X18 -> 705.99897 | Z18: =_xlfn.XLOOKUP(Y18,'LOOKUP VALUES'!$A$2:$A$30,'LOOKUP VALUES'!$B$2:$B$30,,1,1) -> 800 | AA18: =IF(W18>1000,"ACB","MCCB") -> MCCB | AB18: =_xlfn.XLOOKUP(W18,'LOOKUP VALUES'!$D$1:$D$8,'LOOKUP VALUES'!$E$1:$E$8,,1,1) -> 0.05 | AC18: =(X18)/AB18 -> 11295.984 | AD18: =_xlfn.XLOOKUP(AC18,'LOOKUP VALUES'!$H$2:$H$14,'LOOKUP VALUES'!$I$2:$I$14,,1,1) -> 15-18 | AF18: TB3= | AG18: ='STUDY AREA 4'!Y21 -> 600 | AH18: =(AG18*1000)/(SQRT(3)*$C$2) -> 753.06557 | AI18: =1.25*AH18 -> 941.33196 | AJ18: =_xlfn.XLOOKUP(AI18,'LOOKUP VALUES'!$A$2:$A$30,'LOOKUP VALUES'!$B$2:$B$30,,1,1) -> 1000 | AK18: =IF(AG18>1000,"ACB","MCCB") -> MCCB | AL18: =_xlfn.XLOOKUP(AG18,'LOOKUP VALUES'!$D$1:$D$8,'LOOKUP VALUES'!$E$1:$E$8,,1,1) -> 0.05 | AM18: =(AH18)/AL18 -> 15061.311 | AN18: =_xlfn.XLOOKUP(AM18,'LOOKUP VALUES'!$H$2:$H$14,'LOOKUP VALUES'!$I$2:$I$14,,1,1) -> 25-35
D19: IFLC(LV) | E19: CB=1.25*IFLC(LV) | F19: Standard CB Size | G19: Breaker Type | H19: Impedance | I19: IFAULT | J19: KAIC Rating(kA) | N19: IFLC(LV) | O19: CB=1.25*IFLC(LV) | P19: Standard CB Size | Q19: Breaker Type | R19: Impedance | S19: IFAULT | T19: KAIC Rating(kA) | X19: IFLC(LV) | Y19: CB=1.25*IFLC(LV) | Z19: Standard CB Size | AA19: Breaker Type | AB19: Impedance | AC19: IFAULT | AD19: KAIC Rating(kA) | AH19: IFLC(LV) | AI19: CB=1.25*IFLC(LV) | AJ19: Standard CB Size | AK19: Breaker Type | AL19: Impedance | AM19: IFAULT | AN19: KAIC Rating(kA)
D20: =(C18*1000)/(SQRT(3)*$C$3) -> 2510.2186 | E20: =1.25*D20 -> 3137.7732 | F20: =_xlfn.XLOOKUP(E20,'LOOKUP VALUES'!$A$2:$A$30,'LOOKUP VALUES'!$B$2:$B$30,,1,1) -> 4000 | G20: =IF(C18>1000,"ACB","MCCB") -> MCCB | H20: =_xlfn.XLOOKUP(C18,'LOOKUP VALUES'!$D$1:$D$8,'LOOKUP VALUES'!$E$1:$E$8,,1,1) -> 0.06 | I20: =(D20)/H20 -> 41836.976 | J20: =_xlfn.XLOOKUP(I20,'LOOKUP VALUES'!$H$2:$H$14,'LOOKUP VALUES'!$I$2:$I$14,,1,1) -> 60 | N20: =(M18*1000)/(SQRT(3)*$C$3) -> 282.39959 | O20: =1.25*N20 -> 352.99949 | P20: =_xlfn.XLOOKUP(O20,'LOOKUP VALUES'!$A$2:$A$30,'LOOKUP VALUES'!$B$2:$B$30,,1,1) -> 400 | Q20: =IF(M18>1000,"ACB","MCCB") -> MCCB | R20: =_xlfn.XLOOKUP(M18,'LOOKUP VALUES'!$D$1:$D$8,'LOOKUP VALUES'!$E$1:$E$8,,1,1) -> 0.04 | S20: =(N20)/R20 -> 7059.9897 | T20: =_xlfn.XLOOKUP(S20,'LOOKUP VALUES'!$H$2:$H$14,'LOOKUP VALUES'!$I$2:$I$14,,1,1) -> 10 | X20: =(W18*1000)/(SQRT(3)*$C$3) -> 1129.5984 | Y20: =1.25*X20 -> 1411.9979 | Z20: =_xlfn.XLOOKUP(Y20,'LOOKUP VALUES'!$A$2:$A$30,'LOOKUP VALUES'!$B$2:$B$30,,1,1) -> 1600 | AA20: =IF(W18>1000,"ACB","MCCB") -> MCCB | AB20: =_xlfn.XLOOKUP(W18,'LOOKUP VALUES'!$D$1:$D$8,'LOOKUP VALUES'!$E$1:$E$8,,1,1) -> 0.05 | AC20: =(X20)/AB20 -> 22591.967 | AD20: =_xlfn.XLOOKUP(AC20,'LOOKUP VALUES'!$H$2:$H$14,'LOOKUP VALUES'!$I$2:$I$14,,1,1) -> 25-35 | AH20: =(AG18*1000)/(SQRT(3)*$C$3) -> 1506.1311 | AI20: =1.25*AH20 -> 1882.6639 | AJ20: =_xlfn.XLOOKUP(AI20,'LOOKUP VALUES'!$A$2:$A$30,'LOOKUP VALUES'!$B$2:$B$30,,1,1) -> 2000 | AK20: =IF(AG18>1000,"ACB","MCCB") -> MCCB | AL20: =_xlfn.XLOOKUP(AG18,'LOOKUP VALUES'!$D$1:$D$8,'LOOKUP VALUES'!$E$1:$E$8,,1,1) -> 0.05 | AM20: =(AH20)/AL20 -> 30122.623 | AN20: =_xlfn.XLOOKUP(AM20,'LOOKUP VALUES'!$H$2:$H$14,'LOOKUP VALUES'!$I$2:$I$14,,1,1) -> 60
C22: kVA | D22: IFLC(HV) | E22: CB=1.25*IFLC(HV) | F22: Standard CB Size | G22: Breaker Type | H22: Impedance | I22: IFAULT | J22: KAIC Rating(kA) | M22: kVA | N22: IFLC(HV) | O22: CB=1.25*IFLC(HV) | P22: Standard CB Size | Q22: Breaker Type | R22: Impedance | S22: IFAULT | T22: KAIC Rating(kA) | W22: kVA | X22: IFLC(HV) | Y22: CB=1.25*IFLC(HV) | Z22: Standard CB Size | AA22: Breaker Type | AB22: Impedance | AC22: IFAULT | AD22: KAIC Rating(kA) | AG22: kVA | AH22: IFLC(HV) | AI22: CB=1.25*IFLC(HV) | AJ22: Standard CB Size | AK22: Breaker Type | AL22: Impedance | AM22: IFAULT | AN22: KAIC Rating(kA)
B23: TB4= | C23: ='STUDY AREA 1'!Y29 -> 225 | D23: =(C23*1000)/(SQRT(3)*$C$2) -> 282.39959 | E23: =1.25*D23 -> 352.99949 | F23: =_xlfn.XLOOKUP(E23,'LOOKUP VALUES'!$A$2:$A$30,'LOOKUP VALUES'!$B$2:$B$30,,1,1) -> 400 | G23: =IF(C23>1000,"ACB","MCCB") -> MCCB | H23: =_xlfn.XLOOKUP(C23,'LOOKUP VALUES'!$D$1:$D$8,'LOOKUP VALUES'!$E$1:$E$8,,1,1) -> 0.04 | I23: =(D23)/H23 -> 7059.9897 | J23: =_xlfn.XLOOKUP(I23,'LOOKUP VALUES'!$H$2:$H$14,'LOOKUP VALUES'!$I$2:$I$14,,1,1) -> 10 | L23: TB4= | M23: ='STUDY AREA 2'!Y28 -> 150 | N23: =(M23*1000)/(SQRT(3)*$C$2) -> 188.26639 | O23: =1.25*N23 -> 235.33299 | P23: =_xlfn.XLOOKUP(O23,'LOOKUP VALUES'!$A$2:$A$30,'LOOKUP VALUES'!$B$2:$B$30,,1,1) -> 250 | Q23: =IF(M23>1000,"ACB","MCCB") -> MCCB | R23: =_xlfn.XLOOKUP(M23,'LOOKUP VALUES'!$D$1:$D$8,'LOOKUP VALUES'!$E$1:$E$8,,1,1) -> 0.04 | S23: =(N23)/R23 -> 4706.6598 | T23: =_xlfn.XLOOKUP(S23,'LOOKUP VALUES'!$H$2:$H$14,'LOOKUP VALUES'!$I$2:$I$14,,1,1) -> 10 | V23: TB4= | W23: ='STUDY AREA 3'!Y28 -> 225 | X23: =(W23*1000)/(SQRT(3)*$C$2) -> 282.39959 | Y23: =1.25*X23 -> 352.99949 | Z23: =_xlfn.XLOOKUP(Y23,'LOOKUP VALUES'!$A$2:$A$30,'LOOKUP VALUES'!$B$2:$B$30,,1,1) -> 400 | AA23: =IF(W23>1000,"ACB","MCCB") -> MCCB | AB23: =_xlfn.XLOOKUP(W23,'LOOKUP VALUES'!$D$1:$D$8,'LOOKUP VALUES'!$E$1:$E$8,,1,1) -> 0.04 | AC23: =(X23)/AB23 -> 7059.9897 | AD23: =_xlfn.XLOOKUP(AC23,'LOOKUP VALUES'!$H$2:$H$14,'LOOKUP VALUES'!$I$2:$I$14,,1,1) -> 10 | AF23: TB4= | AG23: ='STUDY AREA 4'!Y29 -> 225 | AH23: =(AG23*1000)/(SQRT(3)*$C$2) -> 282.39959 | AI23: =1.25*AH23 -> 352.99949 | AJ23: =_xlfn.XLOOKUP(AI23,'LOOKUP VALUES'!$A$2:$A$30,'LOOKUP VALUES'!$B$2:$B$30,,1,1) -> 400 | AK23: =IF(AG23>1000,"ACB","MCCB") -> MCCB | AL23: =_xlfn.XLOOKUP(AG23,'LOOKUP VALUES'!$D$1:$D$8,'LOOKUP VALUES'!$E$1:$E$8,,1,1) -> 0.04 | AM23: =(AH23)/AL23 -> 7059.9897 | AN23: =_xlfn.XLOOKUP(AM23,'LOOKUP VALUES'!$H$2:$H$14,'LOOKUP VALUES'!$I$2:$I$14,,1,1) -> 10
D24: IFLC(LV) | E24: CB=1.25*IFLC(LV) | F24: Standard CB Size | G24: Breaker Type | H24: Impedance | I24: IFAULT | J24: KAIC Rating(kA) | N24: IFLC(LV) | O24: CB=1.25*IFLC(LV) | P24: Standard CB Size | Q24: Breaker Type | R24: Impedance | S24: IFAULT | T24: KAIC Rating(kA) | X24: IFLC(LV) | Y24: CB=1.25*IFLC(LV) | Z24: Standard CB Size | AA24: Breaker Type | AB24: Impedance | AC24: IFAULT | AD24: KAIC Rating(kA) | AH24: IFLC(LV) | AI24: CB=1.25*IFLC(LV) | AJ24: Standard CB Size | AK24: Breaker Type | AL24: Impedance | AM24: IFAULT | AN24: KAIC Rating(kA)
D25: =(C23*1000)/(SQRT(3)*$C$3) -> 564.79918 | E25: =1.25*D25 -> 705.99897 | F25: =_xlfn.XLOOKUP(E25,'LOOKUP VALUES'!$A$2:$A$30,'LOOKUP VALUES'!$B$2:$B$30,,1,1) -> 800 | G25: =IF(C23>1000,"ACB","MCCB") -> MCCB | H25: =_xlfn.XLOOKUP(C23,'LOOKUP VALUES'!$D$1:$D$8,'LOOKUP VALUES'!$E$1:$E$8,,1,1) -> 0.04 | I25: =(D25)/H25 -> 14119.979 | J25: =_xlfn.XLOOKUP(I25,'LOOKUP VALUES'!$H$2:$H$14,'LOOKUP VALUES'!$I$2:$I$14,,1,1) -> 25-35 | N25: =(M23*1000)/(SQRT(3)*$C$3) -> 376.53278 | O25: =1.25*N25 -> 470.66598 | P25: =_xlfn.XLOOKUP(O25,'LOOKUP VALUES'!$A$2:$A$30,'LOOKUP VALUES'!$B$2:$B$30,,1,1) -> 500 | Q25: =IF(M23>1000,"ACB","MCCB") -> MCCB | R25: =_xlfn.XLOOKUP(M23,'LOOKUP VALUES'!$D$1:$D$8,'LOOKUP VALUES'!$E$1:$E$8,,1,1) -> 0.04 | S25: =(N25)/R25 -> 9413.3196 | T25: =_xlfn.XLOOKUP(S25,'LOOKUP VALUES'!$H$2:$H$14,'LOOKUP VALUES'!$I$2:$I$14,,1,1) -> 15-18 | X25: =(W23*1000)/(SQRT(3)*$C$3) -> 564.79918 | Y25: =1.25*X25 -> 705.99897 | Z25: =_xlfn.XLOOKUP(Y25,'LOOKUP VALUES'!$A$2:$A$30,'LOOKUP VALUES'!$B$2:$B$30,,1,1) -> 800 | AA25: =IF(W23>1000,"ACB","MCCB") -> MCCB | AB25: =_xlfn.XLOOKUP(W23,'LOOKUP VALUES'!$D$1:$D$8,'LOOKUP VALUES'!$E$1:$E$8,,1,1) -> 0.04 | AC25: =(X25)/AB25 -> 14119.979 | AD25: =_xlfn.XLOOKUP(AC25,'LOOKUP VALUES'!$H$2:$H$14,'LOOKUP VALUES'!$I$2:$I$14,,1,1) -> 25-35 | AH25: =(AG23*1000)/(SQRT(3)*$C$3) -> 564.79918 | AI25: =1.25*AH25 -> 705.99897 | AJ25: =_xlfn.XLOOKUP(AI25,'LOOKUP VALUES'!$A$2:$A$30,'LOOKUP VALUES'!$B$2:$B$30,,1,1) -> 800 | AK25: =IF(AG23>1000,"ACB","MCCB") -> MCCB | AL25: =_xlfn.XLOOKUP(AG23,'LOOKUP VALUES'!$D$1:$D$8,'LOOKUP VALUES'!$E$1:$E$8,,1,1) -> 0.04 | AM25: =(AH25)/AL25 -> 14119.979 | AN25: =_xlfn.XLOOKUP(AM25,'LOOKUP VALUES'!$H$2:$H$14,'LOOKUP VALUES'!$I$2:$I$14,,1,1) -> 25-35
C27: kVA | D27: IFLC(HV) | E27: CB=1.25*IFLC(HV) | F27: Standard CB Size | G27: Breaker Type | H27: Impedance | I27: IFAULT | J27: KAIC Rating(kA) | M27: kVA | N27: IFLC(HV) | O27: CB=1.25*IFLC(HV) | P27: Standard CB Size | Q27: Breaker Type | R27: Impedance | S27: IFAULT | T27: KAIC Rating(kA) | W27: kVA | X27: IFLC(HV) | Y27: CB=1.25*IFLC(HV) | Z27: Standard CB Size | AA27: Breaker Type | AB27: Impedance | AC27: IFAULT | AD27: KAIC Rating(kA) | AG27: kVA | AH27: IFLC(HV) | AI27: CB=1.25*IFLC(HV) | AJ27: Standard CB Size | AK27: Breaker Type | AL27: Impedance | AM27: IFAULT | AN27: KAIC Rating(kA)
B28: TB5= | C28: ='STUDY AREA 1'!Y37 -> 300 | D28: =(C28*1000)/(SQRT(3)*$C$2) -> 376.53278 | E28: =1.25*D28 -> 470.66598 | F28: =_xlfn.XLOOKUP(E28,'LOOKUP VALUES'!$A$2:$A$30,'LOOKUP VALUES'!$B$2:$B$30,,1,1) -> 500 | G28: =IF(C28>1000,"ACB","MCCB") -> MCCB | H28: =_xlfn.XLOOKUP(C28,'LOOKUP VALUES'!$D$1:$D$8,'LOOKUP VALUES'!$E$1:$E$8,,1,1) -> 0.04 | I28: =(D28)/H28 -> 9413.3196 | J28: =_xlfn.XLOOKUP(I28,'LOOKUP VALUES'!$H$2:$H$14,'LOOKUP VALUES'!$I$2:$I$14,,1,1) -> 15-18 | L28: TB5= | M28: ='STUDY AREA 2'!Y36 -> 112.5 | N28: =(M28*1000)/(SQRT(3)*$C$2) -> 141.19979 | O28: =1.25*N28 -> 176.49974 | P28: =_xlfn.XLOOKUP(O28,'LOOKUP VALUES'!$A$2:$A$30,'LOOKUP VALUES'!$B$2:$B$30,,1,1) -> 200 | Q28: =IF(M28>1000,"ACB","MCCB") -> MCCB | R28: =_xlfn.XLOOKUP(M28,'LOOKUP VALUES'!$D$1:$D$8,'LOOKUP VALUES'!$E$1:$E$8,,1,1) -> 0.04 | S28: =(N28)/R28 -> 3529.9949 | T28: =_xlfn.XLOOKUP(S28,'LOOKUP VALUES'!$H$2:$H$14,'LOOKUP VALUES'!$I$2:$I$14,,1,1) -> 6-10 | V28: TB5= | W28: ='STUDY AREA 3'!Y36 -> 225 | X28: =(W28*1000)/(SQRT(3)*$C$2) -> 282.39959 | Y28: =1.25*X28 -> 352.99949 | Z28: =_xlfn.XLOOKUP(Y28,'LOOKUP VALUES'!$A$2:$A$30,'LOOKUP VALUES'!$B$2:$B$30,,1,1) -> 400 | AA28: =IF(W28>1000,"ACB","MCCB") -> MCCB | AB28: =_xlfn.XLOOKUP(W28,'LOOKUP VALUES'!$D$1:$D$8,'LOOKUP VALUES'!$E$1:$E$8,,1,1) -> 0.04 | AC28: =(X28)/AB28 -> 7059.9897 | AD28: =_xlfn.XLOOKUP(AC28,'LOOKUP VALUES'!$H$2:$H$14,'LOOKUP VALUES'!$I$2:$I$14,,1,1) -> 10 | AF28: TB5= | AG28: ='STUDY AREA 4'!Y37 -> 75 | AH28: =(AG28*1000)/(SQRT(3)*$C$2) -> 94.133196 | AI28: =1.25*AH28 -> 117.6665 | AJ28: =_xlfn.XLOOKUP(AI28,'LOOKUP VALUES'!$A$2:$A$30,'LOOKUP VALUES'!$B$2:$B$30,,1,1) -> 125 | AK28: =IF(AG28>1000,"ACB","MCCB") -> MCCB | AL28: =_xlfn.XLOOKUP(AG28,'LOOKUP VALUES'!$D$1:$D$8,'LOOKUP VALUES'!$E$1:$E$8,,1,1) -> 0.04 | AM28: =(AH28)/AL28 -> 2353.3299 | AN28: =_xlfn.XLOOKUP(AM28,'LOOKUP VALUES'!$H$2:$H$14,'LOOKUP VALUES'!$I$2:$I$14,,1,1) -> 6-10
D29: IFLC(LV) | E29: CB=1.25*IFLC(LV) | F29: Standard CB Size | G29: Breaker Type | H29: Impedance | I29: IFAULT | J29: KAIC Rating(kA) | N29: IFLC(LV) | O29: CB=1.25*IFLC(LV) | P29: Standard CB Size | Q29: Breaker Type | R29: Impedance | S29: IFAULT | T29: KAIC Rating(kA) | X29: IFLC(LV) | Y29: CB=1.25*IFLC(LV) | Z29: Standard CB Size | AA29: Breaker Type | AB29: Impedance | AC29: IFAULT | AD29: KAIC Rating(kA) | AH29: IFLC(LV) | AI29: CB=1.25*IFLC(LV) | AJ29: Standard CB Size | AK29: Breaker Type | AL29: Impedance | AM29: IFAULT | AN29: KAIC Rating(kA)
D30: =(C28*1000)/(SQRT(3)*$C$3) -> 753.06557 | E30: =1.25*D30 -> 941.33196 | F30: =_xlfn.XLOOKUP(E30,'LOOKUP VALUES'!$A$2:$A$30,'LOOKUP VALUES'!$B$2:$B$30,,1,1) -> 1000 | G30: =IF(C28>1000,"ACB","MCCB") -> MCCB | H30: =_xlfn.XLOOKUP(C28,'LOOKUP VALUES'!$D$1:$D$8,'LOOKUP VALUES'!$E$1:$E$8,,1,1) -> 0.04 | I30: =(D30)/H30 -> 18826.639 | J30: =_xlfn.XLOOKUP(I30,'LOOKUP VALUES'!$H$2:$H$14,'LOOKUP VALUES'!$I$2:$I$14,,1,1) -> 25-35 | N30: =(M28*1000)/(SQRT(3)*$C$3) -> 282.39959 | O30: =1.25*N30 -> 352.99949 | P30: =_xlfn.XLOOKUP(O30,'LOOKUP VALUES'!$A$2:$A$30,'LOOKUP VALUES'!$B$2:$B$30,,1,1) -> 400 | Q30: =IF(M28>1000,"ACB","MCCB") -> MCCB | R30: =_xlfn.XLOOKUP(M28,'LOOKUP VALUES'!$D$1:$D$8,'LOOKUP VALUES'!$E$1:$E$8,,1,1) -> 0.04 | S30: =(N30)/R30 -> 7059.9897 | T30: =_xlfn.XLOOKUP(S30,'LOOKUP VALUES'!$H$2:$H$14,'LOOKUP VALUES'!$I$2:$I$14,,1,1) -> 10 | X30: =(W28*1000)/(SQRT(3)*$C$3) -> 564.79918 | Y30: =1.25*X30 -> 705.99897 | Z30: =_xlfn.XLOOKUP(Y30,'LOOKUP VALUES'!$A$2:$A$30,'LOOKUP VALUES'!$B$2:$B$30,,1,1) -> 800 | AA30: =IF(W28>1000,"ACB","MCCB") -> MCCB | AB30: =_xlfn.XLOOKUP(W28,'LOOKUP VALUES'!$D$1:$D$8,'LOOKUP VALUES'!$E$1:$E$8,,1,1) -> 0.04 | AC30: =(X30)/AB30 -> 14119.979 | AD30: =_xlfn.XLOOKUP(AC30,'LOOKUP VALUES'!$H$2:$H$14,'LOOKUP VALUES'!$I$2:$I$14,,1,1) -> 25-35 | AH30: =(AG28*1000)/(SQRT(3)*$C$3) -> 188.26639 | AI30: =1.25*AH30 -> 235.33299 | AJ30: =_xlfn.XLOOKUP(AI30,'LOOKUP VALUES'!$A$2:$A$30,'LOOKUP VALUES'!$B$2:$B$30,,1,1) -> 250 | AK30: =IF(AG28>1000,"ACB","MCCB") -> MCCB | AL30: =_xlfn.XLOOKUP(AG28,'LOOKUP VALUES'!$D$1:$D$8,'LOOKUP VALUES'!$E$1:$E$8,,1,1) -> 0.04 | AM30: =(AH30)/AL30 -> 4706.6598 | AN30: =_xlfn.XLOOKUP(AM30,'LOOKUP VALUES'!$H$2:$H$14,'LOOKUP VALUES'!$I$2:$I$14,,1,1) -> 10
C32: kVA | D32: IFLC(HV) | E32: CB=1.25*IFLC(HV) | F32: Standard CB Size | G32: Breaker Type | H32: Impedance | I32: IFAULT | J32: KAIC Rating(kA) | M32: kVA | N32: IFLC(HV) | O32: CB=1.25*IFLC(HV) | P32: Standard CB Size | Q32: Breaker Type | R32: Impedance | S32: IFAULT | T32: KAIC Rating(kA) | W32: kVA | X32: IFLC(HV) | Y32: CB=1.25*IFLC(HV) | Z32: Standard CB Size | AA32: Breaker Type | AB32: Impedance | AC32: IFAULT | AD32: KAIC Rating(kA) | AG32: kVA | AH32: IFLC(HV) | AI32: CB=1.25*IFLC(HV) | AJ32: Standard CB Size | AK32: Breaker Type | AL32: Impedance | AM32: IFAULT | AN32: KAIC Rating(kA)
B33: TB6= | C33: ='STUDY AREA 1'!Y45 -> 450 | D33: =(C33*1000)/(SQRT(3)*$C$2) -> 564.79918 | E33: =1.25*D33 -> 705.99897 | F33: =_xlfn.XLOOKUP(E33,'LOOKUP VALUES'!$A$2:$A$30,'LOOKUP VALUES'!$B$2:$B$30,,1,1) -> 800 | G33: =IF(C33>1000,"ACB","MCCB") -> MCCB | H33: =_xlfn.XLOOKUP(C33,'LOOKUP VALUES'!$D$1:$D$8,'LOOKUP VALUES'!$E$1:$E$8,,1,1) -> 0.05 | I33: =(D33)/H33 -> 11295.984 | J33: =_xlfn.XLOOKUP(I33,'LOOKUP VALUES'!$H$2:$H$14,'LOOKUP VALUES'!$I$2:$I$14,,1,1) -> 15-18 | L33: TB6= | M33: ='STUDY AREA 2'!Y44 -> 600 | N33: =(M33*1000)/(SQRT(3)*$C$2) -> 753.06557 | O33: =1.25*N33 -> 941.33196 | P33: =_xlfn.XLOOKUP(O33,'LOOKUP VALUES'!$A$2:$A$30,'LOOKUP VALUES'!$B$2:$B$30,,1,1) -> 1000 | Q33: =IF(M33>1000,"ACB","MCCB") -> MCCB | R33: =_xlfn.XLOOKUP(M33,'LOOKUP VALUES'!$D$1:$D$8,'LOOKUP VALUES'!$E$1:$E$8,,1,1) -> 0.05 | S33: =(N33)/R33 -> 15061.311 | T33: =_xlfn.XLOOKUP(S33,'LOOKUP VALUES'!$H$2:$H$14,'LOOKUP VALUES'!$I$2:$I$14,,1,1) -> 25-35 | V33: TB6= | W33: ='STUDY AREA 3'!Y44 -> 300 | X33: =(W33*1000)/(SQRT(3)*$C$2) -> 376.53278 | Y33: =1.25*X33 -> 470.66598 | Z33: =_xlfn.XLOOKUP(Y33,'LOOKUP VALUES'!$A$2:$A$30,'LOOKUP VALUES'!$B$2:$B$30,,1,1) -> 500 | AA33: =IF(W33>1000,"ACB","MCCB") -> MCCB | AB33: =_xlfn.XLOOKUP(W33,'LOOKUP VALUES'!$D$1:$D$8,'LOOKUP VALUES'!$E$1:$E$8,,1,1) -> 0.04 | AC33: =(X33)/AB33 -> 9413.3196 | AD33: =_xlfn.XLOOKUP(AC33,'LOOKUP VALUES'!$H$2:$H$14,'LOOKUP VALUES'!$I$2:$I$14,,1,1) -> 15-18 | AF33: TB6= | AG33: ='STUDY AREA 4'!Y45 -> 75 | AH33: =(AG33*1000)/(SQRT(3)*$C$2) -> 94.133196 | AI33: =1.25*AH33 -> 117.6665 | AJ33: =_xlfn.XLOOKUP(AI33,'LOOKUP VALUES'!$A$2:$A$30,'LOOKUP VALUES'!$B$2:$B$30,,1,1) -> 125 | AK33: =IF(AG33>1000,"ACB","MCCB") -> MCCB | AL33: =_xlfn.XLOOKUP(AG33,'LOOKUP VALUES'!$D$1:$D$8,'LOOKUP VALUES'!$E$1:$E$8,,1,1) -> 0.04 | AM33: =(AH33)/AL33 -> 2353.3299 | AN33: =_xlfn.XLOOKUP(AM33,'LOOKUP VALUES'!$H$2:$H$14,'LOOKUP VALUES'!$I$2:$I$14,,1,1) -> 6-10
D34: IFLC(LV) | E34: CB=1.25*IFLC(LV) | F34: Standard CB Size | G34: Breaker Type | H34: Impedance | I34: IFAULT | J34: KAIC Rating(kA) | N34: IFLC(LV) | O34: CB=1.25*IFLC(LV) | P34: Standard CB Size | Q34: Breaker Type | R34: Impedance | S34: IFAULT | T34: KAIC Rating(kA) | X34: IFLC(LV) | Y34: CB=1.25*IFLC(LV) | Z34: Standard CB Size | AA34: Breaker Type | AB34: Impedance | AC34: IFAULT | AD34: KAIC Rating(kA) | AH34: IFLC(LV) | AI34: CB=1.25*IFLC(LV) | AJ34: Standard CB Size | AK34: Breaker Type | AL34: Impedance | AM34: IFAULT | AN34: KAIC Rating(kA)
D35: =(C33*1000)/(SQRT(3)*$C$3) -> 1129.5984 | E35: =1.25*D35 -> 1411.9979 | F35: =_xlfn.XLOOKUP(E35,'LOOKUP VALUES'!$A$2:$A$30,'LOOKUP VALUES'!$B$2:$B$30,,1,1) -> 1600 | G35: =IF(C33>1000,"ACB","MCCB") -> MCCB | H35: =_xlfn.XLOOKUP(C33,'LOOKUP VALUES'!$D$1:$D$8,'LOOKUP VALUES'!$E$1:$E$8,,1,1) -> 0.05 | I35: =(D35)/H35 -> 22591.967 | J35: =_xlfn.XLOOKUP(I35,'LOOKUP VALUES'!$H$2:$H$14,'LOOKUP VALUES'!$I$2:$I$14,,1,1) -> 25-35 | N35: =(M33*1000)/(SQRT(3)*$C$3) -> 1506.1311 | O35: =1.25*N35 -> 1882.6639 | P35: =_xlfn.XLOOKUP(O35,'LOOKUP VALUES'!$A$2:$A$30,'LOOKUP VALUES'!$B$2:$B$30,,1,1) -> 2000 | Q35: =IF(M33>1000,"ACB","MCCB") -> MCCB | R35: =_xlfn.XLOOKUP(M33,'LOOKUP VALUES'!$D$1:$D$8,'LOOKUP VALUES'!$E$1:$E$8,,1,1) -> 0.05 | S35: =(N35)/R35 -> 30122.623 | T35: =_xlfn.XLOOKUP(S35,'LOOKUP VALUES'!$H$2:$H$14,'LOOKUP VALUES'!$I$2:$I$14,,1,1) -> 60 | X35: =(W33*1000)/(SQRT(3)*$C$3) -> 753.06557 | Y35: =1.25*X35 -> 941.33196 | Z35: =_xlfn.XLOOKUP(Y35,'LOOKUP VALUES'!$A$2:$A$30,'LOOKUP VALUES'!$B$2:$B$30,,1,1) -> 1000 | AA35: =IF(W33>1000,"ACB","MCCB") -> MCCB | AB35: =_xlfn.XLOOKUP(W33,'LOOKUP VALUES'!$D$1:$D$8,'LOOKUP VALUES'!$E$1:$E$8,,1,1) -> 0.04 | AC35: =(X35)/AB35 -> 18826.639 | AD35: =_xlfn.XLOOKUP(AC35,'LOOKUP VALUES'!$H$2:$H$14,'LOOKUP VALUES'!$I$2:$I$14,,1,1) -> 25-35 | AH35: =(AG33*1000)/(SQRT(3)*$C$3) -> 188.26639 | AI35: =1.25*AH35 -> 235.33299 | AJ35: =_xlfn.XLOOKUP(AI35,'LOOKUP VALUES'!$A$2:$A$30,'LOOKUP VALUES'!$B$2:$B$30,,1,1) -> 250 | AK35: =IF(AG33>1000,"ACB","MCCB") -> MCCB | AL35: =_xlfn.XLOOKUP(AG33,'LOOKUP VALUES'!$D$1:$D$8,'LOOKUP VALUES'!$E$1:$E$8,,1,1) -> 0.04 | AM35: =(AH35)/AL35 -> 4706.6598 | AN35: =_xlfn.XLOOKUP(AM35,'LOOKUP VALUES'!$H$2:$H$14,'LOOKUP VALUES'!$I$2:$I$14,,1,1) -> 10
C37: kVA | D37: IFLC(HV) | E37: CB=1.25*IFLC(HV) | F37: Standard CB Size | G37: Breaker Type | H37: Impedance | I37: IFAULT | J37: KAIC Rating(kA) | M37: kVA | N37: IFLC(HV) | O37: CB=1.25*IFLC(HV) | P37: Standard CB Size | Q37: Breaker Type | R37: Impedance | S37: IFAULT | T37: KAIC Rating(kA) | W37: kVA | X37: IFLC(HV) | Y37: CB=1.25*IFLC(HV) | Z37: Standard CB Size | AA37: Breaker Type | AB37: Impedance | AC37: IFAULT | AD37: KAIC Rating(kA) | AG37: kVA | AH37: IFLC(HV) | AI37: CB=1.25*IFLC(HV) | AJ37: Standard CB Size | AK37: Breaker Type | AL37: Impedance | AM37: IFAULT | AN37: KAIC Rating(kA)
B38: TB7= | C38: ='STUDY AREA 1'!Y53 -> 450 | D38: =(C38*1000)/(SQRT(3)*$C$2) -> 564.79918 | E38: =1.25*D38 -> 705.99897 | F38: =_xlfn.XLOOKUP(E38,'LOOKUP VALUES'!$A$2:$A$30,'LOOKUP VALUES'!$B$2:$B$30,,1,1) -> 800 | G38: =IF(C38>1000,"ACB","MCCB") -> MCCB | H38: =_xlfn.XLOOKUP(C38,'LOOKUP VALUES'!$D$1:$D$8,'LOOKUP VALUES'!$E$1:$E$8,,1,1) -> 0.05 | I38: =(D38)/H38 -> 11295.984 | J38: =_xlfn.XLOOKUP(I38,'LOOKUP VALUES'!$H$2:$H$14,'LOOKUP VALUES'!$I$2:$I$14,,1,1) -> 15-18 | L38: TB7= | M38: ='STUDY AREA 2'!Y52 -> 500 | N38: =(M38*1000)/(SQRT(3)*$C$2) -> 627.55464 | O38: =1.25*N38 -> 784.4433 | P38: =_xlfn.XLOOKUP(O38,'LOOKUP VALUES'!$A$2:$A$30,'LOOKUP VALUES'!$B$2:$B$30,,1,1) -> 800 | Q38: =IF(M38>1000,"ACB","MCCB") -> MCCB | R38: =_xlfn.XLOOKUP(M38,'LOOKUP VALUES'!$D$1:$D$8,'LOOKUP VALUES'!$E$1:$E$8,,1,1) -> 0.05 | S38: =(N38)/R38 -> 12551.093 | T38: =_xlfn.XLOOKUP(S38,'LOOKUP VALUES'!$H$2:$H$14,'LOOKUP VALUES'!$I$2:$I$14,,1,1) -> 25-35 | V38: TB7= | W38: ='STUDY AREA 3'!Y52 -> 300 | X38: =(W38*1000)/(SQRT(3)*$C$2) -> 376.53278 | Y38: =1.25*X38 -> 470.66598 | Z38: =_xlfn.XLOOKUP(Y38,'LOOKUP VALUES'!$A$2:$A$30,'LOOKUP VALUES'!$B$2:$B$30,,1,1) -> 500 | AA38: =IF(W38>1000,"ACB","MCCB") -> MCCB | AB38: =_xlfn.XLOOKUP(W38,'LOOKUP VALUES'!$D$1:$D$8,'LOOKUP VALUES'!$E$1:$E$8,,1,1) -> 0.04 | AC38: =(X38)/AB38 -> 9413.3196 | AD38: =_xlfn.XLOOKUP(AC38,'LOOKUP VALUES'!$H$2:$H$14,'LOOKUP VALUES'!$I$2:$I$14,,1,1) -> 15-18 | AF38: TB7= | AG38: ='STUDY AREA 4'!Y53 -> 600 | AH38: =(AG38*1000)/(SQRT(3)*$C$2) -> 753.06557 | AI38: =1.25*AH38 -> 941.33196 | AJ38: =_xlfn.XLOOKUP(AI38,'LOOKUP VALUES'!$A$2:$A$30,'LOOKUP VALUES'!$B$2:$B$30,,1,1) -> 1000 | AK38: =IF(AG38>1000,"ACB","MCCB") -> MCCB | AL38: =_xlfn.XLOOKUP(AG38,'LOOKUP VALUES'!$D$1:$D$8,'LOOKUP VALUES'!$E$1:$E$8,,1,1) -> 0.05 | AM38: =(AH38)/AL38 -> 15061.311 | AN38: =_xlfn.XLOOKUP(AM38,'LOOKUP VALUES'!$H$2:$H$14,'LOOKUP VALUES'!$I$2:$I$14,,1,1) -> 25-35
D39: IFLC(LV) | E39: CB=1.25*IFLC(LV) | F39: Standard CB Size | G39: Breaker Type | H39: Impedance | I39: IFAULT | J39: KAIC Rating(kA) | N39: IFLC(LV) | O39: CB=1.25*IFLC(LV) | P39: Standard CB Size | Q39: Breaker Type | R39: Impedance | S39: IFAULT | T39: KAIC Rating(kA) | X39: IFLC(LV) | Y39: CB=1.25*IFLC(LV) | Z39: Standard CB Size | AA39: Breaker Type | AB39: Impedance | AC39: IFAULT | AD39: KAIC Rating(kA) | AH39: IFLC(LV) | AI39: CB=1.25*IFLC(LV) | AJ39: Standard CB Size | AK39: Breaker Type | AL39: Impedance | AM39: IFAULT | AN39: KAIC Rating(kA)
D40: =(C38*1000)/(SQRT(3)*$C$3) -> 1129.5984 | E40: =1.25*D40 -> 1411.9979 | F40: =_xlfn.XLOOKUP(E40,'LOOKUP VALUES'!$A$2:$A$30,'LOOKUP VALUES'!$B$2:$B$30,,1,1) -> 1600 | G40: =IF(C38>1000,"ACB","MCCB") -> MCCB | H40: =_xlfn.XLOOKUP(C38,'LOOKUP VALUES'!$D$1:$D$8,'LOOKUP VALUES'!$E$1:$E$8,,1,1) -> 0.05 | I40: =(D40)/H40 -> 22591.967 | J40: =_xlfn.XLOOKUP(I40,'LOOKUP VALUES'!$H$2:$H$14,'LOOKUP VALUES'!$I$2:$I$14,,1,1) -> 25-35 | N40: =(M38*1000)/(SQRT(3)*$C$3) -> 1255.1093 | O40: =1.25*N40 -> 1568.8866 | P40: =_xlfn.XLOOKUP(O40,'LOOKUP VALUES'!$A$2:$A$30,'LOOKUP VALUES'!$B$2:$B$30,,1,1) -> 1600 | Q40: =IF(M38>1000,"ACB","MCCB") -> MCCB | R40: =_xlfn.XLOOKUP(M38,'LOOKUP VALUES'!$D$1:$D$8,'LOOKUP VALUES'!$E$1:$E$8,,1,1) -> 0.05 | S40: =(N40)/R40 -> 25102.186 | T40: =_xlfn.XLOOKUP(S40,'LOOKUP VALUES'!$H$2:$H$14,'LOOKUP VALUES'!$I$2:$I$14,,1,1) -> 60 | X40: =(W38*1000)/(SQRT(3)*$C$3) -> 753.06557 | Y40: =1.25*X40 -> 941.33196 | Z40: =_xlfn.XLOOKUP(Y40,'LOOKUP VALUES'!$A$2:$A$30,'LOOKUP VALUES'!$B$2:$B$30,,1,1) -> 1000 | AA40: =IF(W38>1000,"ACB","MCCB") -> MCCB | AB40: =_xlfn.XLOOKUP(W38,'LOOKUP VALUES'!$D$1:$D$8,'LOOKUP VALUES'!$E$1:$E$8,,1,1) -> 0.04 | AC40: =(X40)/AB40 -> 18826.639 | AD40: =_xlfn.XLOOKUP(AC40,'LOOKUP VALUES'!$H$2:$H$14,'LOOKUP VALUES'!$I$2:$I$14,,1,1) -> 25-35 | AH40: =(AG38*1000)/(SQRT(3)*$C$3) -> 1506.1311 | AI40: =1.25*AH40 -> 1882.6639 | AJ40: =_xlfn.XLOOKUP(AI40,'LOOKUP VALUES'!$A$2:$A$30,'LOOKUP VALUES'!$B$2:$B$30,,1,1) -> 2000 | AK40: =IF(AG38>1000,"ACB","MCCB") -> MCCB | AL40: =_xlfn.XLOOKUP(AG38,'LOOKUP VALUES'!$D$1:$D$8,'LOOKUP VALUES'!$E$1:$E$8,,1,1) -> 0.05 | AM40: =(AH40)/AL40 -> 30122.623 | AN40: =_xlfn.XLOOKUP(AM40,'LOOKUP VALUES'!$H$2:$H$14,'LOOKUP VALUES'!$I$2:$I$14,,1,1) -> 60
C42: kVA | D42: IFLC(HV) | E42: CB=1.25*IFLC(HV) | F42: Standard CB Size | G42: Breaker Type | H42: Impedance | I42: IFAULT | J42: KAIC Rating(kA) | M42: kVA | N42: IFLC(HV) | O42: CB=1.25*IFLC(HV) | P42: Standard CB Size | Q42: Breaker Type | R42: Impedance | S42: IFAULT | T42: KAIC Rating(kA) | W42: kVA | X42: IFLC(HV) | Y42: CB=1.25*IFLC(HV) | Z42: Standard CB Size | AA42: Breaker Type | AB42: Impedance | AC42: IFAULT | AD42: KAIC Rating(kA) | AG42: kVA | AH42: IFLC(HV) | AI42: CB=1.25*IFLC(HV) | AJ42: Standard CB Size | AK42: Breaker Type | AL42: Impedance | AM42: IFAULT | AN42: KAIC Rating(kA)
B43: TB8= | C43: ='STUDY AREA 1'!Y61 -> 800 | D43: =(C43*1000)/(SQRT(3)*$C$2) -> 1004.0874 | E43: =1.25*D43 -> 1255.1093 | F43: =_xlfn.XLOOKUP(E43,'LOOKUP VALUES'!$A$2:$A$30,'LOOKUP VALUES'!$B$2:$B$30,,1,1) -> 1600 | G43: =IF(C43>1000,"ACB","MCCB") -> MCCB | H43: =_xlfn.XLOOKUP(C43,'LOOKUP VALUES'!$D$1:$D$8,'LOOKUP VALUES'!$E$1:$E$8,,1,1) -> 0.06 | I43: =(D43)/H43 -> 16734.79 | J43: =_xlfn.XLOOKUP(I43,'LOOKUP VALUES'!$H$2:$H$14,'LOOKUP VALUES'!$I$2:$I$14,,1,1) -> 25-35 | L43: TB8= | M43: ='STUDY AREA 2'!Y60 -> 300 | N43: =(M43*1000)/(SQRT(3)*$C$2) -> 376.53278 | O43: =1.25*N43 -> 470.66598 | P43: =_xlfn.XLOOKUP(O43,'LOOKUP VALUES'!$A$2:$A$30,'LOOKUP VALUES'!$B$2:$B$30,,1,1) -> 500 | Q43: =IF(M43>1000,"ACB","MCCB") -> MCCB | R43: =_xlfn.XLOOKUP(M43,'LOOKUP VALUES'!$D$1:$D$8,'LOOKUP VALUES'!$E$1:$E$8,,1,1) -> 0.04 | S43: =(N43)/R43 -> 9413.3196 | T43: =_xlfn.XLOOKUP(S43,'LOOKUP VALUES'!$H$2:$H$14,'LOOKUP VALUES'!$I$2:$I$14,,1,1) -> 15-18 | V43: TB8= | W43: ='STUDY AREA 3'!Y60 -> 300 | X43: =(W43*1000)/(SQRT(3)*$C$2) -> 376.53278 | Y43: =1.25*X43 -> 470.66598 | Z43: =_xlfn.XLOOKUP(Y43,'LOOKUP VALUES'!$A$2:$A$30,'LOOKUP VALUES'!$B$2:$B$30,,1,1) -> 500 | AA43: =IF(W43>1000,"ACB","MCCB") -> MCCB | AB43: =_xlfn.XLOOKUP(W43,'LOOKUP VALUES'!$D$1:$D$8,'LOOKUP VALUES'!$E$1:$E$8,,1,1) -> 0.04 | AC43: =(X43)/AB43 -> 9413.3196 | AD43: =_xlfn.XLOOKUP(AC43,'LOOKUP VALUES'!$H$2:$H$14,'LOOKUP VALUES'!$I$2:$I$14,,1,1) -> 15-18 | AF43: TB8= | AG43: ='STUDY AREA 4'!Y62 -> 600 | AH43: =(AG43*1000)/(SQRT(3)*$C$2) -> 753.06557 | AI43: =1.25*AH43 -> 941.33196 | AJ43: =_xlfn.XLOOKUP(AI43,'LOOKUP VALUES'!$A$2:$A$30,'LOOKUP VALUES'!$B$2:$B$30,,1,1) -> 1000 | AK43: =IF(AG43>1000,"ACB","MCCB") -> MCCB | AL43: =_xlfn.XLOOKUP(AG43,'LOOKUP VALUES'!$D$1:$D$8,'LOOKUP VALUES'!$E$1:$E$8,,1,1) -> 0.05 | AM43: =(AH43)/AL43 -> 15061.311 | AN43: =_xlfn.XLOOKUP(AM43,'LOOKUP VALUES'!$H$2:$H$14,'LOOKUP VALUES'!$I$2:$I$14,,1,1) -> 25-35
D44: IFLC(LV) | E44: CB=1.25*IFLC(LV) | F44: Standard CB Size | G44: Breaker Type | H44: Impedance | I44: IFAULT | J44: KAIC Rating(kA) | N44: IFLC(LV) | O44: CB=1.25*IFLC(LV) | P44: Standard CB Size | Q44: Breaker Type | R44: Impedance | S44: IFAULT | T44: KAIC Rating(kA) | X44: IFLC(LV) | Y44: CB=1.25*IFLC(LV) | Z44: Standard CB Size | AA44: Breaker Type | AB44: Impedance | AC44: IFAULT | AD44: KAIC Rating(kA) | AH44: IFLC(LV) | AI44: CB=1.25*IFLC(LV) | AJ44: Standard CB Size | AK44: Breaker Type | AL44: Impedance | AM44: IFAULT | AN44: KAIC Rating(kA)
D45: =(C43*1000)/(SQRT(3)*$C$3) -> 2008.1748 | E45: =1.25*D45 -> 2510.2186 | F45: =_xlfn.XLOOKUP(E45,'LOOKUP VALUES'!$A$2:$A$30,'LOOKUP VALUES'!$B$2:$B$30,,1,1) -> 3000 | G45: =IF(C43>1000,"ACB","MCCB") -> MCCB | H45: =_xlfn.XLOOKUP(C43,'LOOKUP VALUES'!$D$1:$D$8,'LOOKUP VALUES'!$E$1:$E$8,,1,1) -> 0.06 | I45: =(D45)/H45 -> 33469.581 | J45: =_xlfn.XLOOKUP(I45,'LOOKUP VALUES'!$H$2:$H$14,'LOOKUP VALUES'!$I$2:$I$14,,1,1) -> 60 | N45: =(M43*1000)/(SQRT(3)*$C$3) -> 753.06557 | O45: =1.25*N45 -> 941.33196 | P45: =_xlfn.XLOOKUP(O45,'LOOKUP VALUES'!$A$2:$A$30,'LOOKUP VALUES'!$B$2:$B$30,,1,1) -> 1000 | Q45: =IF(M43>1000,"ACB","MCCB") -> MCCB | R45: =_xlfn.XLOOKUP(M43,'LOOKUP VALUES'!$D$1:$D$8,'LOOKUP VALUES'!$E$1:$E$8,,1,1) -> 0.04 | S45: =(N45)/R45 -> 18826.639 | T45: =_xlfn.XLOOKUP(S45,'LOOKUP VALUES'!$H$2:$H$14,'LOOKUP VALUES'!$I$2:$I$14,,1,1) -> 25-35 | X45: =(W43*1000)/(SQRT(3)*$C$3) -> 753.06557 | Y45: =1.25*X45 -> 941.33196 | Z45: =_xlfn.XLOOKUP(Y45,'LOOKUP VALUES'!$A$2:$A$30,'LOOKUP VALUES'!$B$2:$B$30,,1,1) -> 1000 | AA45: =IF(W43>1000,"ACB","MCCB") -> MCCB | AB45: =_xlfn.XLOOKUP(W43,'LOOKUP VALUES'!$D$1:$D$8,'LOOKUP VALUES'!$E$1:$E$8,,1,1) -> 0.04 | AC45: =(X45)/AB45 -> 18826.639 | AD45: =_xlfn.XLOOKUP(AC45,'LOOKUP VALUES'!$H$2:$H$14,'LOOKUP VALUES'!$I$2:$I$14,,1,1) -> 25-35 | AH45: =(AG43*1000)/(SQRT(3)*$C$3) -> 1506.1311 | AI45: =1.25*AH45 -> 1882.6639 | AJ45: =_xlfn.XLOOKUP(AI45,'LOOKUP VALUES'!$A$2:$A$30,'LOOKUP VALUES'!$B$2:$B$30,,1,1) -> 2000 | AK45: =IF(AG43>1000,"ACB","MCCB") -> MCCB | AL45: =_xlfn.XLOOKUP(AG43,'LOOKUP VALUES'!$D$1:$D$8,'LOOKUP VALUES'!$E$1:$E$8,,1,1) -> 0.05 | AM45: =(AH45)/AL45 -> 30122.623 | AN45: =_xlfn.XLOOKUP(AM45,'LOOKUP VALUES'!$H$2:$H$14,'LOOKUP VALUES'!$I$2:$I$14,,1,1) -> 60
C47: kVA | D47: IFLC(HV) | E47: CB=1.25*IFLC(HV) | F47: Standard CB Size | G47: Breaker Type | H47: Impedance | I47: IFAULT | J47: KAIC Rating(kA) | M47: kVA | N47: IFLC(HV) | O47: CB=1.25*IFLC(HV) | P47: Standard CB Size | Q47: Breaker Type | R47: Impedance | S47: IFAULT | T47: KAIC Rating(kA) | W47: kVA | X47: IFLC(HV) | Y47: CB=1.25*IFLC(HV) | Z47: Standard CB Size | AA47: Breaker Type | AB47: Impedance | AC47: IFAULT | AD47: KAIC Rating(kA) | AG47: kVA | AH47: IFLC(HV) | AI47: CB=1.25*IFLC(HV) | AJ47: Standard CB Size | AK47: Breaker Type | AL47: Impedance | AM47: IFAULT | AN47: KAIC Rating(kA)
B48: TB9= | C48: ='STUDY AREA 1'!Y70 -> 300 | D48: =(C48*1000)/(SQRT(3)*$C$2) -> 376.53278 | E48: =1.25*D48 -> 470.66598 | F48: =_xlfn.XLOOKUP(E48,'LOOKUP VALUES'!$A$2:$A$30,'LOOKUP VALUES'!$B$2:$B$30,,1,1) -> 500 | G48: =IF(C48>1000,"ACB","MCCB") -> MCCB | H48: =_xlfn.XLOOKUP(C48,'LOOKUP VALUES'!$D$1:$D$8,'LOOKUP VALUES'!$E$1:$E$8,,1,1) -> 0.04 | I48: =(D48)/H48 -> 9413.3196 | J48: =_xlfn.XLOOKUP(I48,'LOOKUP VALUES'!$H$2:$H$14,'LOOKUP VALUES'!$I$2:$I$14,,1,1) -> 15-18 | L48: TB9= | M48: ='STUDY AREA 2'!Y68 -> 1000 | N48: =(M48*1000)/(SQRT(3)*$C$2) -> 1255.1093 | O48: =1.25*N48 -> 1568.8866 | P48: =_xlfn.XLOOKUP(O48,'LOOKUP VALUES'!$A$2:$A$30,'LOOKUP VALUES'!$B$2:$B$30,,1,1) -> 1600 | Q48: =IF(M48>1000,"ACB","MCCB") -> MCCB | R48: =_xlfn.XLOOKUP(M48,'LOOKUP VALUES'!$D$1:$D$8,'LOOKUP VALUES'!$E$1:$E$8,,1,1) -> 0.06 | S48: =(N48)/R48 -> 20918.488 | T48: =_xlfn.XLOOKUP(S48,'LOOKUP VALUES'!$H$2:$H$14,'LOOKUP VALUES'!$I$2:$I$14,,1,1) -> 25-35 | V48: TB9= | W48: ='STUDY AREA 3'!Y68 -> 500 | X48: =(W48*1000)/(SQRT(3)*$C$2) -> 627.55464 | Y48: =1.25*X48 -> 784.4433 | Z48: =_xlfn.XLOOKUP(Y48,'LOOKUP VALUES'!$A$2:$A$30,'LOOKUP VALUES'!$B$2:$B$30,,1,1) -> 800 | AA48: =IF(W48>1000,"ACB","MCCB") -> MCCB | AB48: =_xlfn.XLOOKUP(W48,'LOOKUP VALUES'!$D$1:$D$8,'LOOKUP VALUES'!$E$1:$E$8,,1,1) -> 0.05 | AC48: =(X48)/AB48 -> 12551.093 | AD48: =_xlfn.XLOOKUP(AC48,'LOOKUP VALUES'!$H$2:$H$14,'LOOKUP VALUES'!$I$2:$I$14,,1,1) -> 25-35 | AF48: TB9= | AG48: ='STUDY AREA 4'!Y70 -> 600 | AH48: =(AG48*1000)/(SQRT(3)*$C$2) -> 753.06557 | AI48: =1.25*AH48 -> 941.33196 | AJ48: =_xlfn.XLOOKUP(AI48,'LOOKUP VALUES'!$A$2:$A$30,'LOOKUP VALUES'!$B$2:$B$30,,1,1) -> 1000 | AK48: =IF(AG48>1000,"ACB","MCCB") -> MCCB | AL48: =_xlfn.XLOOKUP(AG48,'LOOKUP VALUES'!$D$1:$D$8,'LOOKUP VALUES'!$E$1:$E$8,,1,1) -> 0.05 | AM48: =(AH48)/AL48 -> 15061.311 | AN48: =_xlfn.XLOOKUP(AM48,'LOOKUP VALUES'!$H$2:$H$14,'LOOKUP VALUES'!$I$2:$I$14,,1,1) -> 25-35
D49: IFLC(LV) | E49: CB=1.25*IFLC(LV) | F49: Standard CB Size | G49: Breaker Type | H49: Impedance | I49: IFAULT | J49: KAIC Rating(kA) | N49: IFLC(LV) | O49: CB=1.25*IFLC(LV) | P49: Standard CB Size | Q49: Breaker Type | R49: Impedance | S49: IFAULT | T49: KAIC Rating(kA) | X49: IFLC(LV) | Y49: CB=1.25*IFLC(LV) | Z49: Standard CB Size | AA49: Breaker Type | AB49: Impedance | AC49: IFAULT | AD49: KAIC Rating(kA) | AH49: IFLC(LV) | AI49: CB=1.25*IFLC(LV) | AJ49: Standard CB Size | AK49: Breaker Type | AL49: Impedance | AM49: IFAULT | AN49: KAIC Rating(kA)
D50: =(C48*1000)/(SQRT(3)*$C$3) -> 753.06557 | E50: =1.25*D50 -> 941.33196 | F50: =_xlfn.XLOOKUP(E50,'LOOKUP VALUES'!$A$2:$A$30,'LOOKUP VALUES'!$B$2:$B$30,,1,1) -> 1000 | G50: =IF(C48>1000,"ACB","MCCB") -> MCCB | H50: =_xlfn.XLOOKUP(C48,'LOOKUP VALUES'!$D$1:$D$8,'LOOKUP VALUES'!$E$1:$E$8,,1,1) -> 0.04 | I50: =(D50)/H50 -> 18826.639 | J50: =_xlfn.XLOOKUP(I50,'LOOKUP VALUES'!$H$2:$H$14,'LOOKUP VALUES'!$I$2:$I$14,,1,1) -> 25-35 | N50: =(M48*1000)/(SQRT(3)*$C$3) -> 2510.2186 | O50: =1.25*N50 -> 3137.7732 | P50: =_xlfn.XLOOKUP(O50,'LOOKUP VALUES'!$A$2:$A$30,'LOOKUP VALUES'!$B$2:$B$30,,1,1) -> 4000 | Q50: =IF(M48>1000,"ACB","MCCB") -> MCCB | R50: =_xlfn.XLOOKUP(M48,'LOOKUP VALUES'!$D$1:$D$8,'LOOKUP VALUES'!$E$1:$E$8,,1,1) -> 0.06 | S50: =(N50)/R50 -> 41836.976 | T50: =_xlfn.XLOOKUP(S50,'LOOKUP VALUES'!$H$2:$H$14,'LOOKUP VALUES'!$I$2:$I$14,,1,1) -> 60 | X50: =(W48*1000)/(SQRT(3)*$C$3) -> 1255.1093 | Y50: =1.25*X50 -> 1568.8866 | Z50: =_xlfn.XLOOKUP(Y50,'LOOKUP VALUES'!$A$2:$A$30,'LOOKUP VALUES'!$B$2:$B$30,,1,1) -> 1600 | AA50: =IF(W48>1000,"ACB","MCCB") -> MCCB | AB50: =_xlfn.XLOOKUP(W48,'LOOKUP VALUES'!$D$1:$D$8,'LOOKUP VALUES'!$E$1:$E$8,,1,1) -> 0.05 | AC50: =(X50)/AB50 -> 25102.186 | AD50: =_xlfn.XLOOKUP(AC50,'LOOKUP VALUES'!$H$2:$H$14,'LOOKUP VALUES'!$I$2:$I$14,,1,1) -> 60 | AH50: =(AG48*1000)/(SQRT(3)*$C$3) -> 1506.1311 | AI50: =1.25*AH50 -> 1882.6639 | AJ50: =_xlfn.XLOOKUP(AI50,'LOOKUP VALUES'!$A$2:$A$30,'LOOKUP VALUES'!$B$2:$B$30,,1,1) -> 2000 | AK50: =IF(AG48>1000,"ACB","MCCB") -> MCCB | AL50: =_xlfn.XLOOKUP(AG48,'LOOKUP VALUES'!$D$1:$D$8,'LOOKUP VALUES'!$E$1:$E$8,,1,1) -> 0.05 | AM50: =(AH50)/AL50 -> 30122.623 | AN50: =_xlfn.XLOOKUP(AM50,'LOOKUP VALUES'!$H$2:$H$14,'LOOKUP VALUES'!$I$2:$I$14,,1,1) -> 60
C52: kVA | D52: IFLC(HV) | E52: CB=1.25*IFLC(HV) | F52: Standard CB Size | G52: Breaker Type | H52: Impedance | I52: IFAULT | J52: KAIC Rating(kA) | M52: kVA | N52: IFLC(HV) | O52: CB=1.25*IFLC(HV) | P52: Standard CB Size | Q52: Breaker Type | R52: Impedance | S52: IFAULT | T52: KAIC Rating(kA) | W52: kVA | X52: IFLC(HV) | Y52: CB=1.25*IFLC(HV) | Z52: Standard CB Size | AA52: Breaker Type | AB52: Impedance | AC52: IFAULT | AD52: KAIC Rating(kA) | AG52: kVA | AH52: IFLC(HV) | AI52: CB=1.25*IFLC(HV) | AJ52: Standard CB Size | AK52: Breaker Type | AL52: Impedance | AM52: IFAULT | AN52: KAIC Rating(kA)
B53: TB10= | C53: ='STUDY AREA 1'!Y78 -> 225 | D53: =(C53*1000)/(SQRT(3)*$C$2) -> 282.39959 | E53: =1.25*D53 -> 352.99949 | F53: =_xlfn.XLOOKUP(E53,'LOOKUP VALUES'!$A$2:$A$30,'LOOKUP VALUES'!$B$2:$B$30,,1,1) -> 400 | G53: =IF(C53>1000,"ACB","MCCB") -> MCCB | H53: =_xlfn.XLOOKUP(C53,'LOOKUP VALUES'!$D$1:$D$8,'LOOKUP VALUES'!$E$1:$E$8,,1,1) -> 0.04 | I53: =(D53)/H53 -> 7059.9897 | J53: =_xlfn.XLOOKUP(I53,'LOOKUP VALUES'!$H$2:$H$14,'LOOKUP VALUES'!$I$2:$I$14,,1,1) -> 10 | L53: TB10= | M53: ='STUDY AREA 2'!Y76 -> 500 | N53: =(M53*1000)/(SQRT(3)*$C$2) -> 627.55464 | O53: =1.25*N53 -> 784.4433 | P53: =_xlfn.XLOOKUP(O53,'LOOKUP VALUES'!$A$2:$A$30,'LOOKUP VALUES'!$B$2:$B$30,,1,1) -> 800 | Q53: =IF(M53>1000,"ACB","MCCB") -> MCCB | R53: =_xlfn.XLOOKUP(M53,'LOOKUP VALUES'!$D$1:$D$8,'LOOKUP VALUES'!$E$1:$E$8,,1,1) -> 0.05 | S53: =(N53)/R53 -> 12551.093 | T53: =_xlfn.XLOOKUP(S53,'LOOKUP VALUES'!$H$2:$H$14,'LOOKUP VALUES'!$I$2:$I$14,,1,1) -> 25-35 | V53: TB10= | W53: ='STUDY AREA 3'!Y77 -> 225 | X53: =(W53*1000)/(SQRT(3)*$C$2) -> 282.39959 | Y53: =1.25*X53 -> 352.99949 | Z53: =_xlfn.XLOOKUP(Y53,'LOOKUP VALUES'!$A$2:$A$30,'LOOKUP VALUES'!$B$2:$B$30,,1,1) -> 400 | AA53: =IF(W53>1000,"ACB","MCCB") -> MCCB | AB53: =_xlfn.XLOOKUP(W53,'LOOKUP VALUES'!$D$1:$D$8,'LOOKUP VALUES'!$E$1:$E$8,,1,1) -> 0.04 | AC53: =(X53)/AB53 -> 7059.9897 | AD53: =_xlfn.XLOOKUP(AC53,'LOOKUP VALUES'!$H$2:$H$14,'LOOKUP VALUES'!$I$2:$I$14,,1,1) -> 10 | AF53: TB10= | AG53: ='STUDY AREA 4'!Y78 -> 150 | AH53: =(AG53*1000)/(SQRT(3)*$C$2) -> 188.26639 | AI53: =1.25*AH53 -> 235.33299 | AJ53: =_xlfn.XLOOKUP(AI53,'LOOKUP VALUES'!$A$2:$A$30,'LOOKUP VALUES'!$B$2:$B$30,,1,1) -> 250 | AK53: =IF(AG53>1000,"ACB","MCCB") -> MCCB | AL53: =_xlfn.XLOOKUP(AG53,'LOOKUP VALUES'!$D$1:$D$8,'LOOKUP VALUES'!$E$1:$E$8,,1,1) -> 0.04 | AM53: =(AH53)/AL53 -> 4706.6598 | AN53: =_xlfn.XLOOKUP(AM53,'LOOKUP VALUES'!$H$2:$H$14,'LOOKUP VALUES'!$I$2:$I$14,,1,1) -> 10
D54: IFLC(LV) | E54: CB=1.25*IFLC(LV) | F54: Standard CB Size | G54: Breaker Type | H54: Impedance | I54: IFAULT | J54: KAIC Rating(kA) | N54: IFLC(LV) | O54: CB=1.25*IFLC(LV) | P54: Standard CB Size | Q54: Breaker Type | R54: Impedance | S54: IFAULT | T54: KAIC Rating(kA) | X54: IFLC(LV) | Y54: CB=1.25*IFLC(LV) | Z54: Standard CB Size | AA54: Breaker Type | AB54: Impedance | AC54: IFAULT | AD54: KAIC Rating(kA) | AH54: IFLC(LV) | AI54: CB=1.25*IFLC(LV) | AJ54: Standard CB Size | AK54: Breaker Type | AL54: Impedance | AM54: IFAULT | AN54: KAIC Rating(kA)
D55: =(C53*1000)/(SQRT(3)*$C$3) -> 564.79918 | E55: =1.25*D55 -> 705.99897 | F55: =_xlfn.XLOOKUP(E55,'LOOKUP VALUES'!$A$2:$A$30,'LOOKUP VALUES'!$B$2:$B$30,,1,1) -> 800 | G55: =IF(C53>1000,"ACB","MCCB") -> MCCB | H55: =_xlfn.XLOOKUP(C53,'LOOKUP VALUES'!$D$1:$D$8,'LOOKUP VALUES'!$E$1:$E$8,,1,1) -> 0.04 | I55: =(D55)/H55 -> 14119.979 | J55: =_xlfn.XLOOKUP(I55,'LOOKUP VALUES'!$H$2:$H$14,'LOOKUP VALUES'!$I$2:$I$14,,1,1) -> 25-35 | N55: =(M53*1000)/(SQRT(3)*$C$3) -> 1255.1093 | O55: =1.25*N55 -> 1568.8866 | P55: =_xlfn.XLOOKUP(O55,'LOOKUP VALUES'!$A$2:$A$30,'LOOKUP VALUES'!$B$2:$B$30,,1,1) -> 1600 | Q55: =IF(M53>1000,"ACB","MCCB") -> MCCB | R55: =_xlfn.XLOOKUP(M53,'LOOKUP VALUES'!$D$1:$D$8,'LOOKUP VALUES'!$E$1:$E$8,,1,1) -> 0.05 | S55: =(N55)/R55 -> 25102.186 | T55: =_xlfn.XLOOKUP(S55,'LOOKUP VALUES'!$H$2:$H$14,'LOOKUP VALUES'!$I$2:$I$14,,1,1) -> 60 | X55: =(W53*1000)/(SQRT(3)*$C$3) -> 564.79918 | Y55: =1.25*X55 -> 705.99897 | Z55: =_xlfn.XLOOKUP(Y55,'LOOKUP VALUES'!$A$2:$A$30,'LOOKUP VALUES'!$B$2:$B$30,,1,1) -> 800 | AA55: =IF(W53>1000,"ACB","MCCB") -> MCCB | AB55: =_xlfn.XLOOKUP(W53,'LOOKUP VALUES'!$D$1:$D$8,'LOOKUP VALUES'!$E$1:$E$8,,1,1) -> 0.04 | AC55: =(X55)/AB55 -> 14119.979 | AD55: =_xlfn.XLOOKUP(AC55,'LOOKUP VALUES'!$H$2:$H$14,'LOOKUP VALUES'!$I$2:$I$14,,1,1) -> 25-35 | AH55: =(AG53*1000)/(SQRT(3)*$C$3) -> 376.53278 | AI55: =1.25*AH55 -> 470.66598 | AJ55: =_xlfn.XLOOKUP(AI55,'LOOKUP VALUES'!$A$2:$A$30,'LOOKUP VALUES'!$B$2:$B$30,,1,1) -> 500 | AK55: =IF(AG53>1000,"ACB","MCCB") -> MCCB | AL55: =_xlfn.XLOOKUP(AG53,'LOOKUP VALUES'!$D$1:$D$8,'LOOKUP VALUES'!$E$1:$E$8,,1,1) -> 0.04 | AM55: =(AH55)/AL55 -> 9413.3196 | AN55: =_xlfn.XLOOKUP(AM55,'LOOKUP VALUES'!$H$2:$H$14,'LOOKUP VALUES'!$I$2:$I$14,,1,1) -> 15-18
C57: kVA | D57: IFLC(HV) | E57: CB=1.25*IFLC(HV) | F57: Standard CB Size | G57: Breaker Type | H57: Impedance | I57: IFAULT | J57: KAIC Rating(kA) | M57: kVA | N57: IFLC(HV) | O57: CB=1.25*IFLC(HV) | P57: Standard CB Size | Q57: Breaker Type | R57: Impedance | S57: IFAULT | T57: KAIC Rating(kA) | W57: kVA | X57: IFLC(HV) | Y57: CB=1.25*IFLC(HV) | Z57: Standard CB Size | AA57: Breaker Type | AB57: Impedance | AC57: IFAULT | AD57: KAIC Rating(kA) | AG57: kVA | AH57: IFLC(HV) | AI57: CB=1.25*IFLC(HV) | AJ57: Standard CB Size | AK57: Breaker Type | AL57: Impedance | AM57: IFAULT | AN57: KAIC Rating(kA)
B58: TB11= | C58: ='STUDY AREA 1'!Y86 -> 450 | D58: =(C58*1000)/(SQRT(3)*$C$2) -> 564.79918 | E58: =1.25*D58 -> 705.99897 | F58: =_xlfn.XLOOKUP(E58,'LOOKUP VALUES'!$A$2:$A$30,'LOOKUP VALUES'!$B$2:$B$30,,1,1) -> 800 | G58: =IF(C58>1000,"ACB","MCCB") -> MCCB | H58: =_xlfn.XLOOKUP(C58,'LOOKUP VALUES'!$D$1:$D$8,'LOOKUP VALUES'!$E$1:$E$8,,1,1) -> 0.05 | I58: =(D58)/H58 -> 11295.984 | J58: =_xlfn.XLOOKUP(I58,'LOOKUP VALUES'!$H$2:$H$14,'LOOKUP VALUES'!$I$2:$I$14,,1,1) -> 15-18 | L58: TB11= | M58: ='STUDY AREA 2'!Y84 -> 300 | N58: =(M58*1000)/(SQRT(3)*$C$2) -> 376.53278 | O58: =1.25*N58 -> 470.66598 | P58: =_xlfn.XLOOKUP(O58,'LOOKUP VALUES'!$A$2:$A$30,'LOOKUP VALUES'!$B$2:$B$30,,1,1) -> 500 | Q58: =IF(M58>1000,"ACB","MCCB") -> MCCB | R58: =_xlfn.XLOOKUP(M58,'LOOKUP VALUES'!$D$1:$D$8,'LOOKUP VALUES'!$E$1:$E$8,,1,1) -> 0.04 | S58: =(N58)/R58 -> 9413.3196 | T58: =_xlfn.XLOOKUP(S58,'LOOKUP VALUES'!$H$2:$H$14,'LOOKUP VALUES'!$I$2:$I$14,,1,1) -> 15-18 | V58: TB11= | W58: ='STUDY AREA 3'!Y85 -> 225 | X58: =(W58*1000)/(SQRT(3)*$C$2) -> 282.39959 | Y58: =1.25*X58 -> 352.99949 | Z58: =_xlfn.XLOOKUP(Y58,'LOOKUP VALUES'!$A$2:$A$30,'LOOKUP VALUES'!$B$2:$B$30,,1,1) -> 400 | AA58: =IF(W58>1000,"ACB","MCCB") -> MCCB | AB58: =_xlfn.XLOOKUP(W58,'LOOKUP VALUES'!$D$1:$D$8,'LOOKUP VALUES'!$E$1:$E$8,,1,1) -> 0.04 | AC58: =(X58)/AB58 -> 7059.9897 | AD58: =_xlfn.XLOOKUP(AC58,'LOOKUP VALUES'!$H$2:$H$14,'LOOKUP VALUES'!$I$2:$I$14,,1,1) -> 10 | AF58: TB11= | AG58: ='STUDY AREA 4'!Y86 -> 112.5 | AH58: =(AG58*1000)/(SQRT(3)*$C$2) -> 141.19979 | AI58: =1.25*AH58 -> 176.49974 | AJ58: =_xlfn.XLOOKUP(AI58,'LOOKUP VALUES'!$A$2:$A$30,'LOOKUP VALUES'!$B$2:$B$30,,1,1) -> 200 | AK58: =IF(AG58>1000,"ACB","MCCB") -> MCCB | AL58: =_xlfn.XLOOKUP(AG58,'LOOKUP VALUES'!$D$1:$D$8,'LOOKUP VALUES'!$E$1:$E$8,,1,1) -> 0.04 | AM58: =(AH58)/AL58 -> 3529.9949 | AN58: =_xlfn.XLOOKUP(AM58,'LOOKUP VALUES'!$H$2:$H$14,'LOOKUP VALUES'!$I$2:$I$14,,1,1) -> 6-10
D59: IFLC(LV) | E59: CB=1.25*IFLC(LV) | F59: Standard CB Size | G59: Breaker Type | H59: Impedance | I59: IFAULT | J59: KAIC Rating(kA) | N59: IFLC(LV) | O59: CB=1.25*IFLC(LV) | P59: Standard CB Size | Q59: Breaker Type | R59: Impedance | S59: IFAULT | T59: KAIC Rating(kA) | X59: IFLC(LV) | Y59: CB=1.25*IFLC(LV) | Z59: Standard CB Size | AA59: Breaker Type | AB59: Impedance | AC59: IFAULT | AD59: KAIC Rating(kA) | AH59: IFLC(LV) | AI59: CB=1.25*IFLC(LV) | AJ59: Standard CB Size | AK59: Breaker Type | AL59: Impedance | AM59: IFAULT | AN59: KAIC Rating(kA)
D60: =(C58*1000)/(SQRT(3)*$C$3) -> 1129.5984 | E60: =1.25*D60 -> 1411.9979 | F60: =_xlfn.XLOOKUP(E60,'LOOKUP VALUES'!$A$2:$A$30,'LOOKUP VALUES'!$B$2:$B$30,,1,1) -> 1600 | G60: =IF(C58>1000,"ACB","MCCB") -> MCCB | H60: =_xlfn.XLOOKUP(C58,'LOOKUP VALUES'!$D$1:$D$8,'LOOKUP VALUES'!$E$1:$E$8,,1,1) -> 0.05 | I60: =(D60)/H60 -> 22591.967 | J60: =_xlfn.XLOOKUP(I60,'LOOKUP VALUES'!$H$2:$H$14,'LOOKUP VALUES'!$I$2:$I$14,,1,1) -> 25-35 | N60: =(M58*1000)/(SQRT(3)*$C$3) -> 753.06557 | O60: =1.25*N60 -> 941.33196 | P60: =_xlfn.XLOOKUP(O60,'LOOKUP VALUES'!$A$2:$A$30,'LOOKUP VALUES'!$B$2:$B$30,,1,1) -> 1000 | Q60: =IF(M58>1000,"ACB","MCCB") -> MCCB | R60: =_xlfn.XLOOKUP(M58,'LOOKUP VALUES'!$D$1:$D$8,'LOOKUP VALUES'!$E$1:$E$8,,1,1) -> 0.04 | S60: =(N60)/R60 -> 18826.639 | T60: =_xlfn.XLOOKUP(S60,'LOOKUP VALUES'!$H$2:$H$14,'LOOKUP VALUES'!$I$2:$I$14,,1,1) -> 25-35 | X60: =(W58*1000)/(SQRT(3)*$C$3) -> 564.79918 | Y60: =1.25*X60 -> 705.99897 | Z60: =_xlfn.XLOOKUP(Y60,'LOOKUP VALUES'!$A$2:$A$30,'LOOKUP VALUES'!$B$2:$B$30,,1,1) -> 800 | AA60: =IF(W58>1000,"ACB","MCCB") -> MCCB | AB60: =_xlfn.XLOOKUP(W58,'LOOKUP VALUES'!$D$1:$D$8,'LOOKUP VALUES'!$E$1:$E$8,,1,1) -> 0.04 | AC60: =(X60)/AB60 -> 14119.979 | AD60: =_xlfn.XLOOKUP(AC60,'LOOKUP VALUES'!$H$2:$H$14,'LOOKUP VALUES'!$I$2:$I$14,,1,1) -> 25-35 | AH60: =(AG58*1000)/(SQRT(3)*$C$3) -> 282.39959 | AI60: =1.25*AH60 -> 352.99949 | AJ60: =_xlfn.XLOOKUP(AI60,'LOOKUP VALUES'!$A$2:$A$30,'LOOKUP VALUES'!$B$2:$B$30,,1,1) -> 400 | AK60: =IF(AG58>1000,"ACB","MCCB") -> MCCB | AL60: =_xlfn.XLOOKUP(AG58,'LOOKUP VALUES'!$D$1:$D$8,'LOOKUP VALUES'!$E$1:$E$8,,1,1) -> 0.04 | AM60: =(AH60)/AL60 -> 7059.9897 | AN60: =_xlfn.XLOOKUP(AM60,'LOOKUP VALUES'!$H$2:$H$14,'LOOKUP VALUES'!$I$2:$I$14,,1,1) -> 10
C62: kVA | D62: IFLC(HV) | E62: CB=1.25*IFLC(HV) | F62: Standard CB Size | G62: Breaker Type | H62: Impedance | I62: IFAULT | J62: KAIC Rating(kA) | M62: kVA | N62: IFLC(HV) | O62: CB=1.25*IFLC(HV) | P62: Standard CB Size | Q62: Breaker Type | R62: Impedance | S62: IFAULT | T62: KAIC Rating(kA) | W62: kVA | X62: IFLC(HV) | Y62: CB=1.25*IFLC(HV) | Z62: Standard CB Size | AA62: Breaker Type | AB62: Impedance | AC62: IFAULT | AD62: KAIC Rating(kA) | AG62: kVA | AH62: IFLC(HV) | AI62: CB=1.25*IFLC(HV) | AJ62: Standard CB Size | AK62: Breaker Type | AL62: Impedance | AM62: IFAULT | AN62: KAIC Rating(kA)
B63: TB12= | C63: ='STUDY AREA 1'!Y94 -> 500 | D63: =(C63*1000)/(SQRT(3)*$C$2) -> 627.55464 | E63: =1.25*D63 -> 784.4433 | F63: =_xlfn.XLOOKUP(E63,'LOOKUP VALUES'!$A$2:$A$30,'LOOKUP VALUES'!$B$2:$B$30,,1,1) -> 800 | G63: =IF(C63>1000,"ACB","MCCB") -> MCCB | H63: =_xlfn.XLOOKUP(C63,'LOOKUP VALUES'!$D$1:$D$8,'LOOKUP VALUES'!$E$1:$E$8,,1,1) -> 0.05 | I63: =(D63)/H63 -> 12551.093 | J63: =_xlfn.XLOOKUP(I63,'LOOKUP VALUES'!$H$2:$H$14,'LOOKUP VALUES'!$I$2:$I$14,,1,1) -> 25-35 | L63: TB12= | M63: ='STUDY AREA 2'!Y92 -> 800 | N63: =(M63*1000)/(SQRT(3)*$C$2) -> 1004.0874 | O63: =1.25*N63 -> 1255.1093 | P63: =_xlfn.XLOOKUP(O63,'LOOKUP VALUES'!$A$2:$A$30,'LOOKUP VALUES'!$B$2:$B$30,,1,1) -> 1600 | Q63: =IF(M63>1000,"ACB","MCCB") -> MCCB | R63: =_xlfn.XLOOKUP(M63,'LOOKUP VALUES'!$D$1:$D$8,'LOOKUP VALUES'!$E$1:$E$8,,1,1) -> 0.06 | S63: =(N63)/R63 -> 16734.79 | T63: =_xlfn.XLOOKUP(S63,'LOOKUP VALUES'!$H$2:$H$14,'LOOKUP VALUES'!$I$2:$I$14,,1,1) -> 25-35 | V63: TB12= | W63: ='STUDY AREA 3'!Y93 -> 300 | X63: =(W63*1000)/(SQRT(3)*$C$2) -> 376.53278 | Y63: =1.25*X63 -> 470.66598 | Z63: =_xlfn.XLOOKUP(Y63,'LOOKUP VALUES'!$A$2:$A$30,'LOOKUP VALUES'!$B$2:$B$30,,1,1) -> 500 | AA63: =IF(W63>1000,"ACB","MCCB") -> MCCB | AB63: =_xlfn.XLOOKUP(W63,'LOOKUP VALUES'!$D$1:$D$8,'LOOKUP VALUES'!$E$1:$E$8,,1,1) -> 0.04 | AC63: =(X63)/AB63 -> 9413.3196 | AD63: =_xlfn.XLOOKUP(AC63,'LOOKUP VALUES'!$H$2:$H$14,'LOOKUP VALUES'!$I$2:$I$14,,1,1) -> 15-18 | AF63: TB12= | AG63: ='STUDY AREA 4'!Y94 -> 112.5 | AH63: =(AG63*1000)/(SQRT(3)*$C$2) -> 141.19979 | AI63: =1.25*AH63 -> 176.49974 | AJ63: =_xlfn.XLOOKUP(AI63,'LOOKUP VALUES'!$A$2:$A$30,'LOOKUP VALUES'!$B$2:$B$30,,1,1) -> 200 | AK63: =IF(AG63>1000,"ACB","MCCB") -> MCCB | AL63: =_xlfn.XLOOKUP(AG63,'LOOKUP VALUES'!$D$1:$D$8,'LOOKUP VALUES'!$E$1:$E$8,,1,1) -> 0.04 | AM63: =(AH63)/AL63 -> 3529.9949 | AN63: =_xlfn.XLOOKUP(AM63,'LOOKUP VALUES'!$H$2:$H$14,'LOOKUP VALUES'!$I$2:$I$14,,1,1) -> 6-10
D64: IFLC(LV) | E64: CB=1.25*IFLC(LV) | F64: Standard CB Size | G64: Breaker Type | H64: Impedance | I64: IFAULT | J64: KAIC Rating(kA) | N64: IFLC(LV) | O64: CB=1.25*IFLC(LV) | P64: Standard CB Size | Q64: Breaker Type | R64: Impedance | S64: IFAULT | T64: KAIC Rating(kA) | X64: IFLC(LV) | Y64: CB=1.25*IFLC(LV) | Z64: Standard CB Size | AA64: Breaker Type | AB64: Impedance | AC64: IFAULT | AD64: KAIC Rating(kA) | AH64: IFLC(LV) | AI64: CB=1.25*IFLC(LV) | AJ64: Standard CB Size | AK64: Breaker Type | AL64: Impedance | AM64: IFAULT | AN64: KAIC Rating(kA)
D65: =(C63*1000)/(SQRT(3)*$C$3) -> 1255.1093 | E65: =1.25*D65 -> 1568.8866 | F65: =_xlfn.XLOOKUP(E65,'LOOKUP VALUES'!$A$2:$A$30,'LOOKUP VALUES'!$B$2:$B$30,,1,1) -> 1600 | G65: =IF(C63>1000,"ACB","MCCB") -> MCCB | H65: =_xlfn.XLOOKUP(C63,'LOOKUP VALUES'!$D$1:$D$8,'LOOKUP VALUES'!$E$1:$E$8,,1,1) -> 0.05 | I65: =(D65)/H65 -> 25102.186 | J65: =_xlfn.XLOOKUP(I65,'LOOKUP VALUES'!$H$2:$H$14,'LOOKUP VALUES'!$I$2:$I$14,,1,1) -> 60 | N65: =(M63*1000)/(SQRT(3)*$C$3) -> 2008.1748 | O65: =1.25*N65 -> 2510.2186 | P65: =_xlfn.XLOOKUP(O65,'LOOKUP VALUES'!$A$2:$A$30,'LOOKUP VALUES'!$B$2:$B$30,,1,1) -> 3000 | Q65: =IF(M63>1000,"ACB","MCCB") -> MCCB | R65: =_xlfn.XLOOKUP(M63,'LOOKUP VALUES'!$D$1:$D$8,'LOOKUP VALUES'!$E$1:$E$8,,1,1) -> 0.06 | S65: =(N65)/R65 -> 33469.581 | T65: =_xlfn.XLOOKUP(S65,'LOOKUP VALUES'!$H$2:$H$14,'LOOKUP VALUES'!$I$2:$I$14,,1,1) -> 60 | X65: =(W63*1000)/(SQRT(3)*$C$3) -> 753.06557 | Y65: =1.25*X65 -> 941.33196 | Z65: =_xlfn.XLOOKUP(Y65,'LOOKUP VALUES'!$A$2:$A$30,'LOOKUP VALUES'!$B$2:$B$30,,1,1) -> 1000 | AA65: =IF(W63>1000,"ACB","MCCB") -> MCCB | AB65: =_xlfn.XLOOKUP(W63,'LOOKUP VALUES'!$D$1:$D$8,'LOOKUP VALUES'!$E$1:$E$8,,1,1) -> 0.04 | AC65: =(X65)/AB65 -> 18826.639 | AD65: =_xlfn.XLOOKUP(AC65,'LOOKUP VALUES'!$H$2:$H$14,'LOOKUP VALUES'!$I$2:$I$14,,1,1) -> 25-35 | AH65: =(AG63*1000)/(SQRT(3)*$C$3) -> 282.39959 | AI65: =1.25*AH65 -> 352.99949 | AJ65: =_xlfn.XLOOKUP(AI65,'LOOKUP VALUES'!$A$2:$A$30,'LOOKUP VALUES'!$B$2:$B$30,,1,1) -> 400 | AK65: =IF(AG63>1000,"ACB","MCCB") -> MCCB | AL65: =_xlfn.XLOOKUP(AG63,'LOOKUP VALUES'!$D$1:$D$8,'LOOKUP VALUES'!$E$1:$E$8,,1,1) -> 0.04 | AM65: =(AH65)/AL65 -> 7059.9897 | AN65: =_xlfn.XLOOKUP(AM65,'LOOKUP VALUES'!$H$2:$H$14,'LOOKUP VALUES'!$I$2:$I$14,,1,1) -> 10
C67: kVA | D67: IFLC(HV) | E67: CB=1.25*IFLC(HV) | F67: Standard CB Size | G67: Breaker Type | H67: Impedance | I67: IFAULT | J67: KAIC Rating(kA) | M67: kVA | N67: IFLC(HV) | O67: CB=1.25*IFLC(HV) | P67: Standard CB Size | Q67: Breaker Type | R67: Impedance | S67: IFAULT | T67: KAIC Rating(kA) | W67: kVA | X67: IFLC(HV) | Y67: CB=1.25*IFLC(HV) | Z67: Standard CB Size | AA67: Breaker Type | AB67: Impedance | AC67: IFAULT | AD67: KAIC Rating(kA) | AG67: kVA | AH67: IFLC(HV) | AI67: CB=1.25*IFLC(HV) | AJ67: Standard CB Size | AK67: Breaker Type | AL67: Impedance | AM67: IFAULT | AN67: KAIC Rating(kA)
B68: TB13= | C68: ='STUDY AREA 1'!Y102 -> 150 | D68: =(C68*1000)/(SQRT(3)*$C$2) -> 188.26639 | E68: =1.25*D68 -> 235.33299 | F68: =_xlfn.XLOOKUP(E68,'LOOKUP VALUES'!$A$2:$A$30,'LOOKUP VALUES'!$B$2:$B$30,,1,1) -> 250 | G68: =IF(C68>1000,"ACB","MCCB") -> MCCB | H68: =_xlfn.XLOOKUP(C68,'LOOKUP VALUES'!$D$1:$D$8,'LOOKUP VALUES'!$E$1:$E$8,,1,1) -> 0.04 | I68: =(D68)/H68 -> 4706.6598 | J68: =_xlfn.XLOOKUP(I68,'LOOKUP VALUES'!$H$2:$H$14,'LOOKUP VALUES'!$I$2:$I$14,,1,1) -> 10 | L68: TB13= | M68: ='STUDY AREA 2'!Y100 -> 450 | N68: =(M68*1000)/(SQRT(3)*$C$2) -> 564.79918 | O68: =1.25*N68 -> 705.99897 | P68: =_xlfn.XLOOKUP(O68,'LOOKUP VALUES'!$A$2:$A$30,'LOOKUP VALUES'!$B$2:$B$30,,1,1) -> 800 | Q68: =IF(M68>1000,"ACB","MCCB") -> MCCB | R68: =_xlfn.XLOOKUP(M68,'LOOKUP VALUES'!$D$1:$D$8,'LOOKUP VALUES'!$E$1:$E$8,,1,1) -> 0.05 | S68: =(N68)/R68 -> 11295.984 | T68: =_xlfn.XLOOKUP(S68,'LOOKUP VALUES'!$H$2:$H$14,'LOOKUP VALUES'!$I$2:$I$14,,1,1) -> 15-18 | V68: TB13= | W68: ='STUDY AREA 3'!Y102 -> 300 | X68: =(W68*1000)/(SQRT(3)*$C$2) -> 376.53278 | Y68: =1.25*X68 -> 470.66598 | Z68: =_xlfn.XLOOKUP(Y68,'LOOKUP VALUES'!$A$2:$A$30,'LOOKUP VALUES'!$B$2:$B$30,,1,1) -> 500 | AA68: =IF(W68>1000,"ACB","MCCB") -> MCCB | AB68: =_xlfn.XLOOKUP(W68,'LOOKUP VALUES'!$D$1:$D$8,'LOOKUP VALUES'!$E$1:$E$8,,1,1) -> 0.04 | AC68: =(X68)/AB68 -> 9413.3196 | AD68: =_xlfn.XLOOKUP(AC68,'LOOKUP VALUES'!$H$2:$H$14,'LOOKUP VALUES'!$I$2:$I$14,,1,1) -> 15-18 | AF68: TB13= | AG68: ='STUDY AREA 4'!Y102 -> 600 | AH68: =(AG68*1000)/(SQRT(3)*$C$2) -> 753.06557 | AI68: =1.25*AH68 -> 941.33196 | AJ68: =_xlfn.XLOOKUP(AI68,'LOOKUP VALUES'!$A$2:$A$30,'LOOKUP VALUES'!$B$2:$B$30,,1,1) -> 1000 | AK68: =IF(AG68>1000,"ACB","MCCB") -> MCCB | AL68: =_xlfn.XLOOKUP(AG68,'LOOKUP VALUES'!$D$1:$D$8,'LOOKUP VALUES'!$E$1:$E$8,,1,1) -> 0.05 | AM68: =(AH68)/AL68 -> 15061.311 | AN68: =_xlfn.XLOOKUP(AM68,'LOOKUP VALUES'!$H$2:$H$14,'LOOKUP VALUES'!$I$2:$I$14,,1,1) -> 25-35
D69: IFLC(LV) | E69: CB=1.25*IFLC(LV) | F69: Standard CB Size | G69: Breaker Type | H69: Impedance | I69: IFAULT | J69: KAIC Rating(kA) | N69: IFLC(LV) | O69: CB=1.25*IFLC(LV) | P69: Standard CB Size | Q69: Breaker Type | R69: Impedance | S69: IFAULT | T69: KAIC Rating(kA) | X69: IFLC(LV) | Y69: CB=1.25*IFLC(LV) | Z69: Standard CB Size | AA69: Breaker Type | AB69: Impedance | AC69: IFAULT | AD69: KAIC Rating(kA) | AH69: IFLC(LV) | AI69: CB=1.25*IFLC(LV) | AJ69: Standard CB Size | AK69: Breaker Type | AL69: Impedance | AM69: IFAULT | AN69: KAIC Rating(kA)
D70: =(C68*1000)/(SQRT(3)*$C$3) -> 376.53278 | E70: =1.25*D70 -> 470.66598 | F70: =_xlfn.XLOOKUP(E70,'LOOKUP VALUES'!$A$2:$A$30,'LOOKUP VALUES'!$B$2:$B$30,,1,1) -> 500 | G70: =IF(C68>1000,"ACB","MCCB") -> MCCB | H70: =_xlfn.XLOOKUP(C68,'LOOKUP VALUES'!$D$1:$D$8,'LOOKUP VALUES'!$E$1:$E$8,,1,1) -> 0.04 | I70: =(D70)/H70 -> 9413.3196 | J70: =_xlfn.XLOOKUP(I70,'LOOKUP VALUES'!$H$2:$H$14,'LOOKUP VALUES'!$I$2:$I$14,,1,1) -> 15-18 | N70: =(M68*1000)/(SQRT(3)*$C$3) -> 1129.5984 | O70: =1.25*N70 -> 1411.9979 | P70: =_xlfn.XLOOKUP(O70,'LOOKUP VALUES'!$A$2:$A$30,'LOOKUP VALUES'!$B$2:$B$30,,1,1) -> 1600 | Q70: =IF(M68>1000,"ACB","MCCB") -> MCCB | R70: =_xlfn.XLOOKUP(M68,'LOOKUP VALUES'!$D$1:$D$8,'LOOKUP VALUES'!$E$1:$E$8,,1,1) -> 0.05 | S70: =(N70)/R70 -> 22591.967 | T70: =_xlfn.XLOOKUP(S70,'LOOKUP VALUES'!$H$2:$H$14,'LOOKUP VALUES'!$I$2:$I$14,,1,1) -> 25-35 | X70: =(W68*1000)/(SQRT(3)*$C$3) -> 753.06557 | Y70: =1.25*X70 -> 941.33196 | Z70: =_xlfn.XLOOKUP(Y70,'LOOKUP VALUES'!$A$2:$A$30,'LOOKUP VALUES'!$B$2:$B$30,,1,1) -> 1000 | AA70: =IF(W68>1000,"ACB","MCCB") -> MCCB | AB70: =_xlfn.XLOOKUP(W68,'LOOKUP VALUES'!$D$1:$D$8,'LOOKUP VALUES'!$E$1:$E$8,,1,1) -> 0.04 | AC70: =(X70)/AB70 -> 18826.639 | AD70: =_xlfn.XLOOKUP(AC70,'LOOKUP VALUES'!$H$2:$H$14,'LOOKUP VALUES'!$I$2:$I$14,,1,1) -> 25-35 | AH70: =(AG68*1000)/(SQRT(3)*$C$3) -> 1506.1311 | AI70: =1.25*AH70 -> 1882.6639 | AJ70: =_xlfn.XLOOKUP(AI70,'LOOKUP VALUES'!$A$2:$A$30,'LOOKUP VALUES'!$B$2:$B$30,,1,1) -> 2000 | AK70: =IF(AG68>1000,"ACB","MCCB") -> MCCB | AL70: =_xlfn.XLOOKUP(AG68,'LOOKUP VALUES'!$D$1:$D$8,'LOOKUP VALUES'!$E$1:$E$8,,1,1) -> 0.05 | AM70: =(AH70)/AL70 -> 30122.623 | AN70: =_xlfn.XLOOKUP(AM70,'LOOKUP VALUES'!$H$2:$H$14,'LOOKUP VALUES'!$I$2:$I$14,,1,1) -> 60
C72: kVA | D72: IFLC(HV) | E72: CB=1.25*IFLC(HV) | F72: Standard CB Size | G72: Breaker Type | H72: Impedance | I72: IFAULT | J72: KAIC Rating(kA) | M72: kVA | N72: IFLC(HV) | O72: CB=1.25*IFLC(HV) | P72: Standard CB Size | Q72: Breaker Type | R72: Impedance | S72: IFAULT | T72: KAIC Rating(kA) | W72: kVA | X72: IFLC(HV) | Y72: CB=1.25*IFLC(HV) | Z72: Standard CB Size | AA72: Breaker Type | AB72: Impedance | AC72: IFAULT | AD72: KAIC Rating(kA) | AG72: kVA | AH72: IFLC(HV) | AI72: CB=1.25*IFLC(HV) | AJ72: Standard CB Size | AK72: Breaker Type | AL72: Impedance | AM72: IFAULT | AN72: KAIC Rating(kA)
B73: TB14= | C73: ='STUDY AREA 1'!Y110 -> 300 | D73: =(C73*1000)/(SQRT(3)*$C$2) -> 376.53278 | E73: =1.25*D73 -> 470.66598 | F73: =_xlfn.XLOOKUP(E73,'LOOKUP VALUES'!$A$2:$A$30,'LOOKUP VALUES'!$B$2:$B$30,,1,1) -> 500 | G73: =IF(C73>1000,"ACB","MCCB") -> MCCB | H73: =_xlfn.XLOOKUP(C73,'LOOKUP VALUES'!$D$1:$D$8,'LOOKUP VALUES'!$E$1:$E$8,,1,1) -> 0.04 | I73: =(D73)/H73 -> 9413.3196 | J73: =_xlfn.XLOOKUP(I73,'LOOKUP VALUES'!$H$2:$H$14,'LOOKUP VALUES'!$I$2:$I$14,,1,1) -> 15-18 | L73: TB14= | M73: ='STUDY AREA 2'!Y108 -> 800 | N73: =(M73*1000)/(SQRT(3)*$C$2) -> 1004.0874 | O73: =1.25*N73 -> 1255.1093 | P73: =_xlfn.XLOOKUP(O73,'LOOKUP VALUES'!$A$2:$A$30,'LOOKUP VALUES'!$B$2:$B$30,,1,1) -> 1600 | Q73: =IF(M73>1000,"ACB","MCCB") -> MCCB | R73: =_xlfn.XLOOKUP(M73,'LOOKUP VALUES'!$D$1:$D$8,'LOOKUP VALUES'!$E$1:$E$8,,1,1) -> 0.06 | S73: =(N73)/R73 -> 16734.79 | T73: =_xlfn.XLOOKUP(S73,'LOOKUP VALUES'!$H$2:$H$14,'LOOKUP VALUES'!$I$2:$I$14,,1,1) -> 25-35 | V73: TB14= | W73: ='STUDY AREA 3'!Y110 -> 450 | X73: =(W73*1000)/(SQRT(3)*$C$2) -> 564.79918 | Y73: =1.25*X73 -> 705.99897 | Z73: =_xlfn.XLOOKUP(Y73,'LOOKUP VALUES'!$A$2:$A$30,'LOOKUP VALUES'!$B$2:$B$30,,1,1) -> 800 | AA73: =IF(W73>1000,"ACB","MCCB") -> MCCB | AB73: =_xlfn.XLOOKUP(W73,'LOOKUP VALUES'!$D$1:$D$8,'LOOKUP VALUES'!$E$1:$E$8,,1,1) -> 0.05 | AC73: =(X73)/AB73 -> 11295.984 | AD73: =_xlfn.XLOOKUP(AC73,'LOOKUP VALUES'!$H$2:$H$14,'LOOKUP VALUES'!$I$2:$I$14,,1,1) -> 15-18 | AF73: TB14= | AG73: ='STUDY AREA 4'!Y110 -> 450 | AH73: =(AG73*1000)/(SQRT(3)*$C$2) -> 564.79918 | AI73: =1.25*AH73 -> 705.99897 | AJ73: =_xlfn.XLOOKUP(AI73,'LOOKUP VALUES'!$A$2:$A$30,'LOOKUP VALUES'!$B$2:$B$30,,1,1) -> 800 | AK73: =IF(AG73>1000,"ACB","MCCB") -> MCCB | AL73: =_xlfn.XLOOKUP(AG73,'LOOKUP VALUES'!$D$1:$D$8,'LOOKUP VALUES'!$E$1:$E$8,,1,1) -> 0.05 | AM73: =(AH73)/AL73 -> 11295.984 | AN73: =_xlfn.XLOOKUP(AM73,'LOOKUP VALUES'!$H$2:$H$14,'LOOKUP VALUES'!$I$2:$I$14,,1,1) -> 15-18
