Workbook

Sheet DASHBOARD

Sheet DATA AND SCENARIO
A1: Component | B1: No. of Customer/s | C1: Load Connected (kW) | E1: Component | F1: ʎ(f/yr) | G1: r(hrs) | I1: Case | J1: Scenario | L1: Switching Time
A2: M1 | B2: 34855 | C2: 19085.83 | E2: A-B | F2: 0.6 | G2: 2.5 | I2: Base Case | J2: Base Scenario | L2: 0.333hrs
A3: M2 | B3: 1 | C3: 2585.36 | E3: B-C | F3: 0.4 | G3: 2 | I3: Case01 | J3: Switch@ B-C
A4: M3 | B4: 7899 | C4: 2575.86 | E4: C-D | F4: 0.4 | G4: 2 | I4: Case 02 | J4: Case 01 & Switch @ C-D
A5: M4 | B5: 8746 | C5: 9494.65 | E5: B-E | F5: 0.3 | G5: 4 | I5: Case03 | J5: Case 02 & Switch @ B-E
A6: M5 | B6: 11141 | C6: 3741.32 | E6: E-F | F6: 0.3 | G6: 3 | I6: Case04 | J6: Case 03 & Switch @ E-F
A7: M6 | B7: 7223 | C7: 2795.99 | E7: F-G | F7: 0.6 | G7: 2.5 | I7: Case05 | J7: Case 04 & Switch @ F-G
A8: M7 | B8: 32947 | C8: 9850.62 | E8: F-H | F8: 0.5 | G8: 3 | I8: Case06 | J8: Case 05 & Switch @ F-H
A9: M8 | B9: 1 | C9: 1710.77 | E9: H-I | F9: 0.3 | G9: 3 | I9: Case07 | J9: Case 06 & Switch @ H-I
E10: I-J | F10: 0.2 | G10: 1 | I10: Case08 | J10: Case 07 & Switch @ I-K
E11: I-K | F11: 0.3 | G11: 2.5

Sheet RELIABILITY INDICES
A2: Base Case | D2: LOAD Pt. M1 | G2: LOAD Pt. M2 | J2: LOAD Pt. M3 | M2: LOAD Pt. M4 | P2: LOAD Pt. M5 | S2: LOAD Pt. M6 | V2: LOAD Pt. M7 | Y2: LOAD Pt. M8
B3: COMPONENT FAILURE | D3: ʎ (f/yr) | E3: r (hrs) | F3: U (hours/year) | G3: ʎ (f/yr) | H3: r (hrs) | I3: U (hours/year) | J3: ʎ (f/yr) | K3: r (hrs) | L3: U (hours/year) | M3: ʎ (f/yr) | N3: r (hrs) | O3: U (hours/year) | P3: ʎ (f/yr) | Q3: r (hrs) | R3: U (hours/year) | S3: ʎ (f/yr) | T3: r (hrs) | U3: U (hours/year) | V3: ʎ (f/yr) | W3: r (hrs) | X3: U (hours/year) | Y3: ʎ (f/yr) | Z3: r (hrs) | AA3: U (hours/year)
B4: MAIN | C4: {='DATA AND SCENARIO'!$E$2:$E$11} -> A-B | D4: {='DATA AND SCENARIO'!$F$2:$F$11} -> 0.6 | E4: 2.5 | F4: =D4*E4 -> 1.5 | G4: {='DATA AND SCENARIO'!$F$2:$F$11} -> 0.6 | H4: 2.5 | I4: =G4*H4 -> 1.5 | J4: {='DATA AND SCENARIO'!$F$2:$F$11} -> 0.6 | K4: 2.5 | L4: =J4*K4 -> 1.5 | M4: {='DATA AND SCENARIO'!$F$2:$F$11} -> 0.6 | N4: 2.5 | O4: =M4*N4 -> 1.5 | P4: {='DATA AND SCENARIO'!$F$2:$F$11} -> 0.6 | Q4: 2.5 | R4: =P4*Q4 -> 1.5 | S4: {='DATA AND SCENARIO'!$F$2:$F$11} -> 0.6 | T4: 2.5 | U4: =S4*T4 -> 1.5 | V4: {='DATA AND SCENARIO'!$F$2:$F$11} -> 0.6 | W4: 2.5 | X4: =V4*W4 -> 1.5 | Y4: {='DATA AND SCENARIO'!$F$2:$F$11} -> 0.6 | Z4: 2.5 | AA4: =Y4*Z4 -> 1.5
C5: B-C | D5: 0.4 | E5: 2 | F5: =D5*E5 -> 0.8 | G5: 0.4 | H5: 2 | I5: =G5*H5 -> 0.8 | J5: 0.4 | K5: 2 | L5: =J5*K5 -> 0.8 | M5: 0.4 | N5: 2 | O5: =M5*N5 -> 0.8 | P5: 0.4 | Q5: 2 | R5: =P5*Q5 -> 0.8 | S5: 0.4 | T5: 2 | U5: =S5*T5 -> 0.8 | V5: 0.4 | W5: 2 | X5: =V5*W5 -> 0.8 | Y5: 0.4 | Z5: 2 | AA5: =Y5*Z5 -> 0.8
C6: C-D | D6: 0.4 | E6: 2 | F6: =D6*E6 -> 0.8 | G6: 0.4 | H6: 2 | I6: =G6*H6 -> 0.8 | J6: 0.4 | K6: 2 | L6: =J6*K6 -> 0.8 | M6: 0.4 | N6: 2 | O6: =M6*N6 -> 0.8 | P6: 0.4 | Q6: 2 | R6: =P6*Q6 -> 0.8 | S6: 0.4 | T6: 2 | U6: =S6*T6 -> 0.8 | V6: 0.4 | W6: 2 | X6: =V6*W6 -> 0.8 | Y6: 0.4 | Z6: 2 | AA6: =Y6*Z6 -> 0.8
C7: B-E | D7: 0.3 | E7: 4 | F7: =D7*E7 -> 1.2 | G7: 0.3 | H7: 4 | I7: =G7*H7 -> 1.2 | J7: 0.3 | K7: 4 | L7: =J7*K7 -> 1.2 | M7: 0.3 | N7: 4 | O7: =M7*N7 -> 1.2 | P7: 0.3 | Q7: 4 | R7: =P7*Q7 -> 1.2 | S7: 0.3 | T7: 4 | U7: =S7*T7 -> 1.2 | V7: 0.3 | W7: 4 | X7: =V7*W7 -> 1.2 | Y7: 0.3 | Z7: 4 | AA7: =Y7*Z7 -> 1.2
C8: E-F | D8: 0.3 | E8: 3 | F8: =D8*E8 -> 0.9 | G8: 0.3 | H8: 3 | I8: =G8*H8 -> 0.9 | J8: 0.3 | K8: 3 | L8: =J8*K8 -> 0.9 | M8: 0.3 | N8: 3 | O8: =M8*N8 -> 0.9 | P8: 0.3 | Q8: 3 | R8: =P8*Q8 -> 0.9 | S8: 0.3 | T8: 3 | U8: =S8*T8 -> 0.9 | V8: 0.3 | W8: 3 | X8: =V8*W8 -> 0.9 | Y8: 0.3 | Z8: 3 | AA8: =Y8*Z8 -> 0.9
C9: F-G | D9: 0.6 | E9: 2.5 | F9: =D9*E9 -> 1.5 | G9: 0.6 | H9: 2.5 | I9: =G9*H9 -> 1.5 | J9: 0.6 | K9: 2.5 | L9: =J9*K9 -> 1.5 | M9: 0.6 | N9: 2.5 | O9: =M9*N9 -> 1.5 | P9: 0.6 | Q9: 2.5 | R9: =P9*Q9 -> 1.5 | S9: 0.6 | T9: 2.5 | U9: =S9*T9 -> 1.5 | V9: 0.6 | W9: 2.5 | X9: =V9*W9 -> 1.5 | Y9: 0.6 | Z9: 2.5 | AA9: =Y9*Z9 -> 1.5
C10: F-H | D10: 0.5 | E10: 3 | F10: =D10*E10 -> 1.5 | G10: 0.5 | H10: 3 | I10: =G10*H10 -> 1.5 | J10: 0.5 | K10: 3 | L10: =J10*K10 -> 1.5 | M10: 0.5 | N10: 3 | O10: =M10*N10 -> 1.5 | P10: 0.5 | Q10: 3 | R10: =P10*Q10 -> 1.5 | S10: 0.5 | T10: 3 | U10: =S10*T10 -> 1.5 | V10: 0.5 | W10: 3 | X10: =V10*W10 -> 1.5 | Y10: 0.5 | Z10: 3 | AA10: =Y10*Z10 -> 1.5
C11: H-I | D11: 0.3 | E11: 3 | F11: =D11*E11 -> 0.9 | G11: 0.3 | H11: 3 | I11: =G11*H11 -> 0.9 | J11: 0.3 | K11: 3 | L11: =J11*K11 -> 0.9 | M11: 0.3 | N11: 3 | O11: =M11*N11 -> 0.9 | P11: 0.3 | Q11: 3 | R11: =P11*Q11 -> 0.9 | S11: 0.3 | T11: 3 | U11: =S11*T11 -> 0.9 | V11: 0.3 | W11: 3 | X11: =V11*W11 -> 0.9 | Y11: 0.3 | Z11: 3 | AA11: =Y11*Z11 -> 0.9
C12: I-J | D12: 0.2 | E12: 1 | F12: =D12*E12 -> 0.2 | G12: 0.2 | H12: 1 | I12: =G12*H12 -> 0.2 | J12: 0.2 | K12: 1 | L12: =J12*K12 -> 0.2 | M12: 0.2 | N12: 1 | O12: =M12*N12 -> 0.2 | P12: 0.2 | Q12: 1 | R12: =P12*Q12 -> 0.2 | S12: 0.2 | T12: 1 | U12: =S12*T12 -> 0.2 | V12: 0.2 | W12: 1 | X12: =V12*W12 -> 0.2 | Y12: 0.2 | Z12: 1 | AA12: =Y12*Z12 -> 0.2
C13: I-K | D13: 0.3 | E13: 2.5 | F13: =D13*E13 -> 0.75 | G13: 0.3 | H13: 2.5 | I13: =G13*H13 -> 0.75 | J13: 0.3 | K13: 2.5 | L13: =J13*K13 -> 0.75 | M13: 0.3 | N13: 2.5 | O13: =M13*N13 -> 0.75 | P13: 0.3 | Q13: 2.5 | R13: =P13*Q13 -> 0.75 | S13: 0.3 | T13: 2.5 | U13: =S13*T13 -> 0.75 | V13: 0.3 | W13: 2.5 | X13: =V13*W13 -> 0.75 | Y13: 0.3 | Z13: 2.5 | AA13: =Y13*Z13 -> 0.75
C14: TOTAL | D14: =SUM(_xlfn.ANCHORARRAY(D4)) -> 3.9 | E14: =F14/D14 -> 2.5769231 | F14: =SUM(F4:F13) -> 10.05 | G14: =SUM(_xlfn.ANCHORARRAY(G4)) -> 3.9 | H14: =I14/G14 -> 2.5769231 | I14: =SUM(I4:I13) -> 10.05 | J14: =SUM(_xlfn.ANCHORARRAY(J4)) -> 3.9 | K14: =L14/J14 -> 2.5769231 | L14: =SUM(L4:L13) -> 10.05 | M14: =SUM(_xlfn.ANCHORARRAY(M4)) -> 3.9 | N14: =O14/M14 -> 2.5769231 | O14: =SUM(O4:O13) -> 10.05 | P14: =SUM(_xlfn.ANCHORARRAY(P4)) -> 3.9 | Q14: =R14/P14 -> 2.5769231 | R14: =SUM(R4:R13) -> 10.05 | S14: =SUM(_xlfn.ANCHORARRAY(S4)) -> 3.9 | T14: =U14/S14 -> 2.5769231 | U14: =SUM(U4:U13) -> 10.05 | V14: =SUM(_xlfn.ANCHORARRAY(V4)) -> 3.9 | W14: =X14/V14 -> 2.5769231 | X14: =SUM(X4:X13) -> 10.05 | Y14: =SUM(_xlfn.ANCHORARRAY(Y4)) -> 3.9 | Z14: =AA14/Y14 -> 2.5769231 | AA14: =SUM(AA4:AA13) -> 10.05
A17: Case 1 | D17: LOAD Pt. M1 | G17: LOAD Pt. M2 | J17: LOAD Pt. M3 | M17: LOAD Pt. M4 | P17: LOAD Pt. M5 | S17: LOAD Pt. M6 | V17: LOAD Pt. M7 | Y17: LOAD Pt. M8
B18: COMPONENT FAILURE | D18: ʎ (f/yr) | E18: r (hrs) | F18: U (hours/year) | G18: ʎ (f/yr) | H18: r (hrs) | I18: U (hours/year) | J18: ʎ (f/yr) | K18: r (hrs) | L18: U (hours/year) | M18: ʎ (f/yr) | N18: r (hrs) | O18: U (hours/year) | P18: ʎ (f/yr) | Q18: r (hrs) | R18: U (hours/year) | S18: ʎ (f/yr) | T18: r (hrs) | U18: U (hours/year) | V18: ʎ (f/yr) | W18: r (hrs) | X18: U (hours/year) | Y18: ʎ (f/yr) | Z18: r (hrs) | AA18: U (hours/year)
B19: MAIN | C19: {='DATA AND SCENARIO'!$E$2:$E$11} -> A-B | D19: {='DATA AND SCENARIO'!$F$2:$F$11} -> 0.6 | E19: 2.5 | F19: =D19*E19 -> 1.5 | G19: {='DATA AND SCENARIO'!$F$2:$F$11} -> 0.6 | H19: 2.5 | I19: =G19*H19 -> 1.5 | J19: {='DATA AND SCENARIO'!$F$2:$F$11} -> 0.6 | K19: 2.5 | L19: =J19*K19 -> 1.5 | M19: {='DATA AND SCENARIO'!$F$2:$F$11} -> 0.6 | N19: 2.5 | O19: =M19*N19 -> 1.5 | P19: {='DATA AND SCENARIO'!$F$2:$F$11} -> 0.6 | Q19: 2.5 | R19: =P19*Q19 -> 1.5 | S19: {='DATA AND SCENARIO'!$F$2:$F$11} -> 0.6 | T19: 2.5 | U19: =S19*T19 -> 1.5 | V19: {='DATA AND SCENARIO'!$F$2:$F$11} -> 0.6 | W19: 2.5 | X19: =V19*W19 -> 1.5 | Y19: {='DATA AND SCENARIO'!$F$2:$F$11} -> 0.6 | Z19: 2.5 | AA19: =Y19*Z19 -> 1.5
C20: B-C | D20: 0.4 | E20: 0.333 | F20: =D20*E20 -> 0.1332 | G20: 0.4 | H20: 2 | I20: =G20*H20 -> 0.8 | J20: 0.4 | K20: 2 | L20: =J20*K20 -> 0.8 | M20: 0.4 | N20: 0.333 | O20: =M20*N20 -> 0.1332 | P20: 0.4 | Q20: 0.333 | R20: =P20*Q20 -> 0.1332 | S20: 0.4 | T20: 0.333 | U20: =S20*T20 -> 0.1332 | V20: 0.4 | W20: 0.333 | X20: =V20*W20 -> 0.1332 | Y20: 0.4 | Z20: 0.333 | AA20: =Y20*Z20 -> 0.1332
C21: C-D | D21: 0.4 | E21: 0.333 | F21: =D21*E21 -> 0.1332 | G21: 0.4 | H21: 2 | I21: =G21*H21 -> 0.8 | J21: 0.4 | K21: 2 | L21: =J21*K21 -> 0.8 | M21: 0.4 | N21: 0.333 | O21: =M21*N21 -> 0.1332 | P21: 0.4 | Q21: 0.333 | R21: =P21*Q21 -> 0.1332 | S21: 0.4 | T21: 0.333 | U21: =S21*T21 -> 0.1332 | V21: 0.4 | W21: 0.333 | X21: =V21*W21 -> 0.1332 | Y21: 0.4 | Z21: 0.333 | AA21: =Y21*Z21 -> 0.1332
C22: B-E | D22: 0.3 | E22: 4 | F22: =D22*E22 -> 1.2 | G22: 0.3 | H22: 4 | I22: =G22*H22 -> 1.2 | J22: 0.3 | K22: 4 | L22: =J22*K22 -> 1.2 | M22: 0.3 | N22: 4 | O22: =M22*N22 -> 1.2 | P22: 0.3 | Q22: 4 | R22: =P22*Q22 -> 1.2 | S22: 0.3 | T22: 4 | U22: =S22*T22 -> 1.2 | V22: 0.3 | W22: 4 | X22: =V22*W22 -> 1.2 | Y22: 0.3 | Z22: 4 | AA22: =Y22*Z22 -> 1.2
C23: E-F | D23: 0.3 | E23: 3 | F23: =D23*E23 -> 0.9 | G23: 0.3 | H23: 3 | I23: =G23*H23 -> 0.9 | J23: 0.3 | K23: 3 | L23: =J23*K23 -> 0.9 | M23: 0.3 | N23: 3 | O23: =M23*N23 -> 0.9 | P23: 0.3 | Q23: 3 | R23: =P23*Q23 -> 0.9 | S23: 0.3 | T23: 3 | U23: =S23*T23 -> 0.9 | V23: 0.3 | W23: 3 | X23: =V23*W23 -> 0.9 | Y23: 0.3 | Z23: 3 | AA23: =Y23*Z23 -> 0.9
C24: F-G | D24: 0.6 | E24: 2.5 | F24: =D24*E24 -> 1.5 | G24: 0.6 | H24: 2.5 | I24: =G24*H24 -> 1.5 | J24: 0.6 | K24: 2.5 | L24: =J24*K24 -> 1.5 | M24: 0.6 | N24: 2.5 | O24: =M24*N24 -> 1.5 | P24: 0.6 | Q24: 2.5 | R24: =P24*Q24 -> 1.5 | S24: 0.6 | T24: 2.5 | U24: =S24*T24 -> 1.5 | V24: 0.6 | W24: 2.5 | X24: =V24*W24 -> 1.5 | Y24: 0.6 | Z24: 2.5 | AA24: =Y24*Z24 -> 1.5
C25: F-H | D25: 0.5 | E25: 3 | F25: =D25*E25 -> 1.5 | G25: 0.5 | H25: 3 | I25: =G25*H25 -> 1.5 | J25: 0.5 | K25: 3 | L25: =J25*K25 -> 1.5 | M25: 0.5 | N25: 3 | O25: =M25*N25 -> 1.5 | P25: 0.5 | Q25: 3 | R25: =P25*Q25 -> 1.5 | S25: 0.5 | T25: 3 | U25: =S25*T25 -> 1.5 | V25: 0.5 | W25: 3 | X25: =V25*W25 -> 1.5 | Y25: 0.5 | Z25: 3 | AA25: =Y25*Z25 -> 1.5
C26: H-I | D26: 0.3 | E26: 3 | F26: =D26*E26 -> 0.9 | G26: 0.3 | H26: 3 | I26: =G26*H26 -> 0.9 | J26: 0.3 | K26: 3 | L26: =J26*K26 -> 0.9 | M26: 0.3 | N26: 3 | O26: =M26*N26 -> 0.9 | P26: 0.3 | Q26: 3 | R26: =P26*Q26 -> 0.9 | S26: 0.3 | T26: 3 | U26: =S26*T26 -> 0.9 | V26: 0.3 | W26: 3 | X26: =V26*W26 -> 0.9 | Y26: 0.3 | Z26: 3 | AA26: =Y26*Z26 -> 0.9
C27: I-J | D27: 0.2 | E27: 1 | F27: =D27*E27 -> 0.2 | G27: 0.2 | H27: 1 | I27: =G27*H27 -> 0.2 | J27: 0.2 | K27: 1 | L27: =J27*K27 -> 0.2 | M27: 0.2 | N27: 1 | O27: =M27*N27 -> 0.2 | P27: 0.2 | Q27: 1 | R27: =P27*Q27 -> 0.2 | S27: 0.2 | T27: 1 | U27: =S27*T27 -> 0.2 | V27: 0.2 | W27: 1 | X27: =V27*W27 -> 0.2 | Y27: 0.2 | Z27: 1 | AA27: =Y27*Z27 -> 0.2
C28: I-K | D28: 0.3 | E28: 2.5 | F28: =D28*E28 -> 0.75 | G28: 0.3 | H28: 2.5 | I28: =G28*H28 -> 0.75 | J28: 0.3 | K28: 2.5 | L28: =J28*K28 -> 0.75 | M28: 0.3 | N28: 2.5 | O28: =M28*N28 -> 0.75 | P28: 0.3 | Q28: 2.5 | R28: =P28*Q28 -> 0.75 | S28: 0.3 | T28: 2.5 | U28: =S28*T28 -> 0.75 | V28: 0.3 | W28: 2.5 | X28: =V28*W28 -> 0.75 | Y28: 0.3 | Z28: 2.5 | AA28: =Y28*Z28 -> 0.75
C29: TOTAL | D29: =SUM(_xlfn.ANCHORARRAY(D19)) -> 3.9 | E29: =F29/D29 -> 2.2349744 | F29: =SUM(F19:F28) -> 8.7164 | G29: =SUM(_xlfn.ANCHORARRAY(G19)) -> 3.9 | H29: =I29/G29 -> 2.5769231 | I29: =SUM(I19:I28) -> 10.05 | J29: =SUM(_xlfn.ANCHORARRAY(J19)) -> 3.9 | K29: =L29/J29 -> 2.5769231 | L29: =SUM(L19:L28) -> 10.05 | M29: =SUM(_xlfn.ANCHORARRAY(M19)) -> 3.9 | N29: =O29/M29 -> 2.2349744 | O29: =SUM(O19:O28) -> 8.7164 | P29: =SUM(_xlfn.ANCHORARRAY(P19)) -> 3.9 | Q29: =R29/P29 -> 2.2349744 | R29: =SUM(R19:R28) -> 8.7164 | S29: =SUM(_xlfn.ANCHORARRAY(S19)) -> 3.9 | T29: =U29/S29 -> 2.2349744 | U29: =SUM(U19:U28) -> 8.7164 | V29: =SUM(_xlfn.ANCHORARRAY(V19)) -> 3.9 | W29: =X29/V29 -> 2.2349744 | X29: =SUM(X19:X28) -> 8.7164 | Y29: =SUM(_xlfn.ANCHORARRAY(Y19)) -> 3.9 | Z29: =AA29/Y29 -> 2.2349744 | AA29: =SUM(AA19:AA28) -> 8.7164
A32: Case 2 | D32: LOAD Pt. M1 | G32: LOAD Pt. M2 | J32: LOAD Pt. M3 | M32: LOAD Pt. M4 | P32: LOAD Pt. M5 | S32: LOAD Pt. M6 | V32: LOAD Pt. M7 | Y32: LOAD Pt. M8
B33: COMPONENT FAILURE | D33: ʎ (f/yr) | E33: r (hrs) | F33: U (hours/year) | G33: ʎ (f/yr) | H33: r (hrs) | I33: U (hours/year) | J33: ʎ (f/yr) | K33: r (hrs) | L33: U (hours/year) | M33: ʎ (f/yr) | N33: r (hrs) | O33: U (hours/year) | P33: ʎ (f/yr) | Q33: r (hrs) | R33: U (hours/year) | S33: ʎ (f/yr) | T33: r (hrs) | U33: U (hours/year) | V33: ʎ (f/yr) | W33: r (hrs) | X33: U (hours/year) | Y33: ʎ (f/yr) | Z33: r (hrs) | AA33: U (hours/year)
B34: MAIN | C34: {='DATA AND SCENARIO'!$E$2:$E$11} -> A-B | D34: {='DATA AND SCENARIO'!$F$2:$F$11} -> 0.6 | E34: 2.5 | F34: =D34*E34 -> 1.5 | G34: {='DATA AND SCENARIO'!$F$2:$F$11} -> 0.6 | H34: 2.5 | I34: =G34*H34 -> 1.5 | J34: {='DATA AND SCENARIO'!$F$2:$F$11} -> 0.6 | K34: 2.5 | L34: =J34*K34 -> 1.5 | M34: {='DATA AND SCENARIO'!$F$2:$F$11} -> 0.6 | N34: 2.5 | O34: =M34*N34 -> 1.5 | P34: {='DATA AND SCENARIO'!$F$2:$F$11} -> 0.6 | Q34: 2.5 | R34: =P34*Q34 -> 1.5 | S34: {='DATA AND SCENARIO'!$F$2:$F$11} -> 0.6 | T34: 2.5 | U34: =S34*T34 -> 1.5 | V34: {='DATA AND SCENARIO'!$F$2:$F$11} -> 0.6 | W34: 2.5 | X34: =V34*W34 -> 1.5 | Y34: {='DATA AND SCENARIO'!$F$2:$F$11} -> 0.6 | Z34: 2.5 | AA34: =Y34*Z34 -> 1.5
C35: B-C | D35: 0.4 | E35: 0.333 | F35: =D35*E35 -> 0.1332 | G35: 0.4 | H35: 2 | I35: =G35*H35 -> 0.8 | J35: 0.4 | K35: 2 | L35: =J35*K35 -> 0.8 | M35: 0.4 | N35: 0.333 | O35: =M35*N35 -> 0.1332 | P35: 0.4 | Q35: 0.333 | R35: =P35*Q35 -> 0.1332 | S35: 0.4 | T35: 0.333 | U35: =S35*T35 -> 0.1332 | V35: 0.4 | W35: 0.333 | X35: =V35*W35 -> 0.1332 | Y35: 0.4 | Z35: 0.333 | AA35: =Y35*Z35 -> 0.1332
C36: C-D | D36: 0.4 | E36: 0.333 | F36: =D36*E36 -> 0.1332 | G36: 0.4 | H36: 0.333 | I36: =G36*H36 -> 0.1332 | J36: 0.4 | K36: 2 | L36: =J36*K36 -> 0.8 | M36: 0.4 | N36: 0.333 | O36: =M36*N36 -> 0.1332 | P36: 0.4 | Q36: 0.333 | R36: =P36*Q36 -> 0.1332 | S36: 0.4 | T36: 0.333 | U36: =S36*T36 -> 0.1332 | V36: 0.4 | W36: 0.333 | X36: =V36*W36 -> 0.1332 | Y36: 0.4 | Z36: 0.333 | AA36: =Y36*Z36 -> 0.1332
C37: B-E | D37: 0.3 | E37: 4 | F37: =D37*E37 -> 1.2 | G37: 0.3 | H37: 4 | I37: =G37*H37 -> 1.2 | J37: 0.3 | K37: 4 | L37: =J37*K37 -> 1.2 | M37: 0.3 | N37: 4 | O37: =M37*N37 -> 1.2 | P37: 0.3 | Q37: 4 | R37: =P37*Q37 -> 1.2 | S37: 0.3 | T37: 4 | U37: =S37*T37 -> 1.2 | V37: 0.3 | W37: 4 | X37: =V37*W37 -> 1.2 | Y37: 0.3 | Z37: 4 | AA37: =Y37*Z37 -> 1.2
C38: E-F | D38: 0.3 | E38: 3 | F38: =D38*E38 -> 0.9 | G38: 0.3 | H38: 3 | I38: =G38*H38 -> 0.9 | J38: 0.3 | K38: 3 | L38: =J38*K38 -> 0.9 | M38: 0.3 | N38: 3 | O38: =M38*N38 -> 0.9 | P38: 0.3 | Q38: 3 | R38: =P38*Q38 -> 0.9 | S38: 0.3 | T38: 3 | U38: =S38*T38 -> 0.9 | V38: 0.3 | W38: 3 | X38: =V38*W38 -> 0.9 | Y38: 0.3 | Z38: 3 | AA38: =Y38*Z38 -> 0.9
C39: F-G | D39: 0.6 | E39: 2.5 | F39: =D39*E39 -> 1.5 | G39: 0.6 | H39: 2.5 | I39: =G39*H39 -> 1.5 | J39: 0.6 | K39: 2.5 | L39: =J39*K39 -> 1.5 | M39: 0.6 | N39: 2.5 | O39: =M39*N39 -> 1.5 | P39: 0.6 | Q39: 2.5 | R39: =P39*Q39 -> 1.5 | S39: 0.6 | T39: 2.5 | U39: =S39*T39 -> 1.5 | V39: 0.6 | W39: 2.5 | X39: =V39*W39 -> 1.5 | Y39: 0.6 | Z39: 2.5 | AA39: =Y39*Z39 -> 1.5
C40: F-H | D40: 0.5 | E40: 3 | F40: =D40*E40 -> 1.5 | G40: 0.5 | H40: 3 | I40: =G40*H40 -> 1.5 | J40: 0.5 | K40: 3 | L40: =J40*K40 -> 1.5 | M40: 0.5 | N40: 3 | O40: =M40*N40 -> 1.5 | P40: 0.5 | Q40: 3 | R40: =P40*Q40 -> 1.5 | S40: 0.5 | T40: 3 | U40: =S40*T40 -> 1.5 | V40: 0.5 | W40: 3 | X40: =V40*W40 -> 1.5 | Y40: 0.5 | Z40: 3 | AA40: =Y40*Z40 -> 1.5
C41: H-I | D41: 0.3 | E41: 3 | F41: =D41*E41 -> 0.9 | G41: 0.3 | H41: 3 | I41: =G41*H41 -> 0.9 | J41: 0.3 | K41: 3 | L41: =J41*K41 -> 0.9 | M41: 0.3 | N41: 3 | O41: =M41*N41 -> 0.9 | P41: 0.3 | Q41: 3 | R41: =P41*Q41 -> 0.9 | S41: 0.3 | T41: 3 | U41: =S41*T41 -> 0.9 | V41: 0.3 | W41: 3 | X41: =V41*W41 -> 0.9 | Y41: 0.3 | Z41: 3 | AA41: =Y41*Z41 -> 0.9
C42: I-J | D42: 0.2 | E42: 1 | F42: =D42*E42 -> 0.2 | G42: 0.2 | H42: 1 | I42: =G42*H42 -> 0.2 | J42: 0.2 | K42: 1 | L42: =J42*K42 -> 0.2 | M42: 0.2 | N42: 1 | O42: =M42*N42 -> 0.2 | P42: 0.2 | Q42: 1 | R42: =P42*Q42 -> 0.2 | S42: 0.2 | T42: 1 | U42: =S42*T42 -> 0.2 | V42: 0.2 | W42: 1 | X42: =V42*W42 -> 0.2 | Y42: 0.2 | Z42: 1 | AA42: =Y42*Z42 -> 0.2
C43: I-K | D43: 0.3 | E43: 2.5 | F43: =D43*E43 -> 0.75 | G43: 0.3 | H43: 2.5 | I43: =G43*H43 -> 0.75 | J43: 0.3 | K43: 2.5 | L43: =J43*K43 -> 0.75 | M43: 0.3 | N43: 2.5 | O43: =M43*N43 -> 0.75 | P43: 0.3 | Q43: 2.5 | R43: =P43*Q43 -> 0.75 | S43: 0.3 | T43: 2.5 | U43: =S43*T43 -> 0.75 | V43: 0.3 | W43: 2.5 | X43: =V43*W43 -> 0.75 | Y43: 0.3 | Z43: 2.5 | AA43: =Y43*Z43 -> 0.75
C44: TOTAL | D44: =SUM(_xlfn.ANCHORARRAY(D34)) -> 3.9 | E44: =F44/D44 -> 2.2349744 | F44: =SUM(F34:F43) -> 8.7164 | G44: =SUM(_xlfn.ANCHORARRAY(G34)) -> 3.9 | H44: =I44/G44 -> 2.4059487 | I44: =SUM(I34:I43) -> 9.3832 | J44: =SUM(_xlfn.ANCHORARRAY(J34)) -> 3.9 | K44: =L44/J44 -> 2.5769231 | L44: =SUM(L34:L43) -> 10.05 | M44: =SUM(_xlfn.ANCHORARRAY(M34)) -> 3.9 | N44: =O44/M44 -> 2.2349744 | O44: =SUM(O34:O43) -> 8.7164 | P44: =SUM(_xlfn.ANCHORARRAY(P34)) -> 3.9 | Q44: =R44/P44 -> 2.2349744 | R44: =SUM(R34:R43) -> 8.7164 | S44: =SUM(_xlfn.ANCHORARRAY(S34)) -> 3.9 | T44: =U44/S44 -> 2.2349744 | U44: =SUM(U34:U43) -> 8.7164 | V44: =SUM(_xlfn.ANCHORARRAY(V34)) -> 3.9 | W44: =X44/V44 -> 2.2349744 | X44: =SUM(X34:X43) -> 8.7164 | Y44: =SUM(_xlfn.ANCHORARRAY(Y34)) -> 3.9 | Z44: =AA44/Y44 -> 2.2349744 | AA44: =SUM(AA34:AA43) -> 8.7164
A47: Case 3 | D47: LOAD Pt. M1 | G47: LOAD Pt. M2 | J47: LOAD Pt. M3 | M47: LOAD Pt. M4 | P47: LOAD Pt. M5 | S47: LOAD Pt. M6 | V47: LOAD Pt. M7 | Y47: LOAD Pt. M8
B48: COMPONENT FAILURE | D48: ʎ (f/yr) | E48: r (hrs) | F48: U (hours/year) | G48: ʎ (f/yr) | H48: r (hrs) | I48: U (hours/year) | J48: ʎ (f/yr) | K48: r (hrs) | L48: U (hours/year) | M48: ʎ (f/yr) | N48: r (hrs) | O48: U (hours/year) | P48: ʎ (f/yr) | Q48: r (hrs) | R48: U (hours/year) | S48: ʎ (f/yr) | T48: r (hrs) | U48: U (hours/year) | V48: ʎ (f/yr) | W48: r (hrs) | X48: U (hours/year) | Y48: ʎ (f/yr) | Z48: r (hrs) | AA48: U (hours/year)
B49: MAIN | C49: {='DATA AND SCENARIO'!$E$2:$E$11} -> A-B | D49: {='DATA AND SCENARIO'!$F$2:$F$11} -> 0.6 | E49: 2.5 | F49: =D49*E49 -> 1.5 | G49: {='DATA AND SCENARIO'!$F$2:$F$11} -> 0.6 | H49: 2.5 | I49: =G49*H49 -> 1.5 | J49: {='DATA AND SCENARIO'!$F$2:$F$11} -> 0.6 | K49: 2.5 | L49: =J49*K49 -> 1.5 | M49: {='DATA AND SCENARIO'!$F$2:$F$11} -> 0.6 | N49: 2.5 | O49: =M49*N49 -> 1.5 | P49: {='DATA AND SCENARIO'!$F$2:$F$11} -> 0.6 | Q49: 2.5 | R49: =P49*Q49 -> 1.5 | S49: {='DATA AND SCENARIO'!$F$2:$F$11} -> 0.6 | T49: 2.5 | U49: =S49*T49 -> 1.5 | V49: {='DATA AND SCENARIO'!$F$2:$F$11} -> 0.6 | W49: 2.5 | X49: =V49*W49 -> 1.5 | Y49: {='DATA AND SCENARIO'!$F$2:$F$11} -> 0.6 | Z49: 2.5 | AA49: =Y49*Z49 -> 1.5
C50: B-C | D50: 0.4 | E50: 0.333 | F50: =D50*E50 -> 0.1332 | G50: 0.4 | H50: 2 | I50: =G50*H50 -> 0.8 | J50: 0.4 | K50: 2 | L50: =J50*K50 -> 0.8 | M50: 0.4 | N50: 0.333 | O50: =M50*N50 -> 0.1332 | P50: 0.4 | Q50: 0.333 | R50: =P50*Q50 -> 0.1332 | S50: 0.4 | T50: 0.333 | U50: =S50*T50 -> 0.1332 | V50: 0.4 | W50: 0.333 | X50: =V50*W50 -> 0.1332 | Y50: 0.4 | Z50: 0.333 | AA50: =Y50*Z50 -> 0.1332
C51: C-D | D51: 0.4 | E51: 0.333 | F51: =D51*E51 -> 0.1332 | G51: 0.4 | H51: 0.333 | I51: =G51*H51 -> 0.1332 | J51: 0.4 | K51: 2 | L51: =J51*K51 -> 0.8 | M51: 0.4 | N51: 0.333 | O51: =M51*N51 -> 0.1332 | P51: 0.4 | Q51: 0.333 | R51: =P51*Q51 -> 0.1332 | S51: 0.4 | T51: 0.333 | U51: =S51*T51 -> 0.1332 | V51: 0.4 | W51: 0.333 | X51: =V51*W51 -> 0.1332 | Y51: 0.4 | Z51: 0.333 | AA51: =Y51*Z51 -> 0.1332
C52: B-E | D52: 0.3 | E52: 0.333 | F52: =D52*E52 -> 0.0999 | G52: 0.3 | H52: 0.333 | I52: =G52*H52 -> 0.0999 | J52: 0.3 | K52: 0.333 | L52: =J52*K52 -> 0.0999 | M52: 0.3 | N52: 4 | O52: =M52*N52 -> 1.2 | P52: 0.3 | Q52: 4 | R52: =P52*Q52 -> 1.2 | S52: 0.3 | T52: 4 | U52: =S52*T52 -> 1.2 | V52: 0.3 | W52: 4 | X52: =V52*W52 -> 1.2 | Y52: 0.3 | Z52: 4 | AA52: =Y52*Z52 -> 1.2
C53: E-F | D53: 0.3 | E53: 0.333 | F53: =D53*E53 -> 0.0999 | G53: 0.3 | H53: 0.333 | I53: =G53*H53 -> 0.0999 | J53: 0.3 | K53: 0.333 | L53: =J53*K53 -> 0.0999 | M53: 0.3 | N53: 3 | O53: =M53*N53 -> 0.9 | P53: 0.3 | Q53: 3 | R53: =P53*Q53 -> 0.9 | S53: 0.3 | T53: 3 | U53: =S53*T53 -> 0.9 | V53: 0.3 | W53: 3 | X53: =V53*W53 -> 0.9 | Y53: 0.3 | Z53: 3 | AA53: =Y53*Z53 -> 0.9
C54: F-G | D54: 0.6 | E54: 0.333 | F54: =D54*E54 -> 0.1998 | G54: 0.6 | H54: 0.333 | I54: =G54*H54 -> 0.1998 | J54: 0.6 | K54: 0.333 | L54: =J54*K54 -> 0.1998 | M54: 0.6 | N54: 2.5 | O54: =M54*N54 -> 1.5 | P54: 0.6 | Q54: 2.5 | R54: =P54*Q54 -> 1.5 | S54: 0.6 | T54: 2.5 | U54: =S54*T54 -> 1.5 | V54: 0.6 | W54: 2.5 | X54: =V54*W54 -> 1.5 | Y54: 0.6 | Z54: 2.5 | AA54: =Y54*Z54 -> 1.5
C55: F-H | D55: 0.5 | E55: 0.333 | F55: =D55*E55 -> 0.1665 | G55: 0.5 | H55: 0.333 | I55: =G55*H55 -> 0.1665 | J55: 0.5 | K55: 0.333 | L55: =J55*K55 -> 0.1665 | M55: 0.5 | N55: 3 | O55: =M55*N55 -> 1.5 | P55: 0.5 | Q55: 3 | R55: =P55*Q55 -> 1.5 | S55: 0.5 | T55: 3 | U55: =S55*T55 -> 1.5 | V55: 0.5 | W55: 3 | X55: =V55*W55 -> 1.5 | Y55: 0.5 | Z55: 3 | AA55: =Y55*Z55 -> 1.5
C56: H-I | D56: 0.3 | E56: 0.333 | F56: =D56*E56 -> 0.0999 | G56: 0.3 | H56: 0.333 | I56: =G56*H56 -> 0.0999 | J56: 0.3 | K56: 0.333 | L56: =J56*K56 -> 0.0999 | M56: 0.3 | N56: 3 | O56: =M56*N56 -> 0.9 | P56: 0.3 | Q56: 3 | R56: =P56*Q56 -> 0.9 | S56: 0.3 | T56: 3 | U56: =S56*T56 -> 0.9 | V56: 0.3 | W56: 3 | X56: =V56*W56 -> 0.9 | Y56: 0.3 | Z56: 3 | AA56: =Y56*Z56 -> 0.9
C57: I-J | D57: 0.2 | E57: 0.333 | F57: =D57*E57 -> 0.0666 | G57: 0.2 | H57: 0.333 | I57: =G57*H57 -> 0.0666 | J57: 0.2 | K57: 0.333 | L57: =J57*K57 -> 0.0666 | M57: 0.2 | N57: 1 | O57: =M57*N57 -> 0.2 | P57: 0.2 | Q57: 1 | R57: =P57*Q57 -> 0.2 | S57: 0.2 | T57: 1 | U57: =S57*T57 -> 0.2 | V57: 0.2 | W57: 1 | X57: =V57*W57 -> 0.2 | Y57: 0.2 | Z57: 1 | AA57: =Y57*Z57 -> 0.2
C58: I-K | D58: 0.3 | E58: 0.333 | F58: =D58*E58 -> 0.0999 | G58: 0.3 | H58: 0.333 | I58: =G58*H58 -> 0.0999 | J58: 0.3 | K58: 0.333 | L58: =J58*K58 -> 0.0999 | M58: 0.3 | N58: 2.5 | O58: =M58*N58 -> 0.75 | P58: 0.3 | Q58: 2.5 | R58: =P58*Q58 -> 0.75 | S58: 0.3 | T58: 2.5 | U58: =S58*T58 -> 0.75 | V58: 0.3 | W58: 2.5 | X58: =V58*W58 -> 0.75 | Y58: 0.3 | Z58: 2.5 | AA58: =Y58*Z58 -> 0.75
C59: TOTAL | D59: =SUM(_xlfn.ANCHORARRAY(D49)) -> 3.9 | E59: =F59/D59 -> 0.66638462 | F59: =SUM(F49:F58) -> 2.5989 | G59: =SUM(_xlfn.ANCHORARRAY(G49)) -> 3.9 | H59: =I59/G59 -> 0.83735897 | I59: =SUM(I49:I58) -> 3.2657 | J59: =SUM(_xlfn.ANCHORARRAY(J49)) -> 3.9 | K59: =L59/J59 -> 1.0083333 | L59: =SUM(L49:L58) -> 3.9325 | M59: =SUM(_xlfn.ANCHORARRAY(M49)) -> 3.9 | N59: =O59/M59 -> 2.2349744 | O59: =SUM(O49:O58) -> 8.7164 | P59: =SUM(_xlfn.ANCHORARRAY(P49)) -> 3.9 | Q59: =R59/P59 -> 2.2349744 | R59: =SUM(R49:R58) -> 8.7164 | S59: =SUM(_xlfn.ANCHORARRAY(S49)) -> 3.9 | T59: =U59/S59 -> 2.2349744 | U59: =SUM(U49:U58) -> 8.7164 | V59: =SUM(_xlfn.ANCHORARRAY(V49)) -> 3.9 | W59: =X59/V59 -> 2.2349744 | X59: =SUM(X49:X58) -> 8.7164 | Y59: =SUM(_xlfn.ANCHORARRAY(Y49)) -> 3.9 | Z59: =AA59/Y59 -> 2.2349744 | AA59: =SUM(AA49:AA58) -> 8.7164
A62: Case 4 | D62: LOAD Pt. M1 | G62: LOAD Pt. M2 | J62: LOAD Pt. M3 | M62: LOAD Pt. M4 | P62: LOAD Pt. M5 | S62: LOAD Pt. M6 | V62: LOAD Pt. M7 | Y62: LOAD Pt. M8
B63: COMPONENT FAILURE | D63: ʎ (f/yr) | E63: r (hrs) | F63: U (hours/year) | G63: ʎ (f/yr) | H63: r (hrs) | I63: U (hours/year) | J63: ʎ (f/yr) | K63: r (hrs) | L63: U (hours/year) | M63: ʎ (f/yr) | N63: r (hrs) | O63: U (hours/year) | P63: ʎ (f/yr) | Q63: r (hrs) | R63: U (hours/year) | S63: ʎ (f/yr) | T63: r (hrs) | U63: U (hours/year) | V63: ʎ (f/yr) | W63: r (hrs) | X63: U (hours/year) | Y63: ʎ (f/yr) | Z63: r (hrs) | AA63: U (hours/year)
B64: MAIN | C64: {='DATA AND SCENARIO'!$E$2:$E$11} -> A-B | D64: {='DATA AND SCENARIO'!$F$2:$F$11} -> 0.6 | E64: 2.5 | F64: =D64*E64 -> 1.5 | G64: {='DATA AND SCENARIO'!$F$2:$F$11} -> 0.6 | H64: 2.5 | I64: =G64*H64 -> 1.5 | J64: {='DATA AND SCENARIO'!$F$2:$F$11} -> 0.6 | K64: 2.5 | L64: =J64*K64 -> 1.5 | M64: {='DATA AND SCENARIO'!$F$2:$F$11} -> 0.6 | N64: 2.5 | O64: =M64*N64 -> 1.5 | P64: {='DATA AND SCENARIO'!$F$2:$F$11} -> 0.6 | Q64: 2.5 | R64: =P64*Q64 -> 1.5 | S64: {='DATA AND SCENARIO'!$F$2:$F$11} -> 0.6 | T64: 2.5 | U64: =S64*T64 -> 1.5 | V64: {='DATA AND SCENARIO'!$F$2:$F$11} -> 0.6 | W64: 2.5 | X64: =V64*W64 -> 1.5 | Y64: {='DATA AND SCENARIO'!$F$2:$F$11} -> 0.6 | Z64: 2.5 | AA64: =Y64*Z64 -> 1.5
C65: B-C | D65: 0.4 | E65: 0.333 | F65: =D65*E65 -> 0.1332 | G65: 0.4 | H65: 2 | I65: =G65*H65 -> 0.8 | J65: 0.4 | K65: 2 | L65: =J65*K65 -> 0.8 | M65: 0.4 | N65: 0.333 | O65: =M65*N65 -> 0.1332 | P65: 0.4 | Q65: 0.333 | R65: =P65*Q65 -> 0.1332 | S65: 0.4 | T65: 0.333 | U65: =S65*T65 -> 0.1332 | V65: 0.4 | W65: 0.333 | X65: =V65*W65 -> 0.1332 | Y65: 0.4 | Z65: 0.333 | AA65: =Y65*Z65 -> 0.1332
C66: C-D | D66: 0.4 | E66: 0.333 | F66: =D66*E66 -> 0.1332 | G66: 0.4 | H66: 0.333 | I66: =G66*H66 -> 0.1332 | J66: 0.4 | K66: 2 | L66: =J66*K66 -> 0.8 | M66: 0.4 | N66: 0.333 | O66: =M66*N66 -> 0.1332 | P66: 0.4 | Q66: 0.333 | R66: =P66*Q66 -> 0.1332 | S66: 0.4 | T66: 0.333 | U66: =S66*T66 -> 0.1332 | V66: 0.4 | W66: 0.333 | X66: =V66*W66 -> 0.1332 | Y66: 0.4 | Z66: 0.333 | AA66: =Y66*Z66 -> 0.1332
C67: B-E | D67: 0.3 | E67: 0.333 | F67: =D67*E67 -> 0.0999 | G67: 0.3 | H67: 0.333 | I67: =G67*H67 -> 0.0999 | J67: 0.3 | K67: 0.333 | L67: =J67*K67 -> 0.0999 | M67: 0.3 | N67: 4 | O67: =M67*N67 -> 1.2 | P67: 0.3 | Q67: 4 | R67: =P67*Q67 -> 1.2 | S67: 0.3 | T67: 4 | U67: =S67*T67 -> 1.2 | V67: 0.3 | W67: 4 | X67: =V67*W67 -> 1.2 | Y67: 0.3 | Z67: 4 | AA67: =Y67*Z67 -> 1.2
C68: E-F | D68: 0.3 | E68: 0.333 | F68: =D68*E68 -> 0.0999 | G68: 0.3 | H68: 0.333 | I68: =G68*H68 -> 0.0999 | J68: 0.3 | K68: 0.333 | L68: =J68*K68 -> 0.0999 | M68: 0.3 | N68: 0.333 | O68: =M68*N68 -> 0.0999 | P68: 0.3 | Q68: 3 | R68: =P68*Q68 -> 0.9 | S68: 0.3 | T68: 3 | U68: =S68*T68 -> 0.9 | V68: 0.3 | W68: 3 | X68: =V68*W68 -> 0.9 | Y68: 0.3 | Z68: 3 | AA68: =Y68*Z68 -> 0.9
C69: F-G | D69: 0.6 | E69: 0.333 | F69: =D69*E69 -> 0.1998 | G69: 0.6 | H69: 0.333 | I69: =G69*H69 -> 0.1998 | J69: 0.6 | K69: 0.333 | L69: =J69*K69 -> 0.1998 | M69: 0.6 | N69: 0.333 | O69: =M69*N69 -> 0.1998 | P69: 0.6 | Q69: 2.5 | R69: =P69*Q69 -> 1.5 | S69: 0.6 | T69: 2.5 | U69: =S69*T69 -> 1.5 | V69: 0.6 | W69: 2.5 | X69: =V69*W69 -> 1.5 | Y69: 0.6 | Z69: 2.5 | AA69: =Y69*Z69 -> 1.5
C70: F-H | D70: 0.5 | E70: 0.333 | F70: =D70*E70 -> 0.1665 | G70: 0.5 | H70: 0.333 | I70: =G70*H70 -> 0.1665 | J70: 0.5 | K70: 0.333 | L70: =J70*K70 -> 0.1665 | M70: 0.5 | N70: 0.333 | O70: =M70*N70 -> 0.1665 | P70: 0.5 | Q70: 3 | R70: =P70*Q70 -> 1.5 | S70: 0.5 | T70: 3 | U70: =S70*T70 -> 1.5 | V70: 0.5 | W70: 3 | X70: =V70*W70 -> 1.5 | Y70: 0.5 | Z70: 3 | AA70: =Y70*Z70 -> 1.5
C71: H-I | D71: 0.3 | E71: 0.333 | F71: =D71*E71 -> 0.0999 | G71: 0.3 | H71: 0.333 | I71: =G71*H71 -> 0.0999 | J71: 0.3 | K71: 0.333 | L71: =J71*K71 -> 0.0999 | M71: 0.3 | N71: 0.333 | O71: =M71*N71 -> 0.0999 | P71: 0.3 | Q71: 3 | R71: =P71*Q71 -> 0.9 | S71: 0.3 | T71: 3 | U71: =S71*T71 -> 0.9 | V71: 0.3 | W71: 3 | X71: =V71*W71 -> 0.9 | Y71: 0.3 | Z71: 3 | AA71: =Y71*Z71 -> 0.9
C72: I-J | D72: 0.2 | E72: 0.333 | F72: =D72*E72 -> 0.0666 | G72: 0.2 | H72: 0.333 | I72: =G72*H72 -> 0.0666 | J72: 0.2 | K72: 0.333 | L72: =J72*K72 -> 0.0666 | M72: 0.2 | N72: 0.333 | O72: =M72*N72 -> 0.0666 | P72: 0.2 | Q72: 1 | R72: =P72*Q72 -> 0.2 | S72: 0.2 | T72: 1 | U72: =S72*T72 -> 0.2 | V72: 0.2 | W72: 1 | X72: =V72*W72 -> 0.2 | Y72: 0.2 | Z72: 1 | AA72: =Y72*Z72 -> 0.2
C73: I-K | D73: 0.3 | E73: 0.333 | F73: =D73*E73 -> 0.0999 | G73: 0.3 | H73: 0.333 | I73: =G73*H73 -> 0.0999 | J73: 0.3 | K73: 0.333 | L73: =J73*K73 -> 0.0999 | M73: 0.3 | N73: 0.333 | O73: =M73*N73 -> 0.0999 | P73: 0.3 | Q73: 2.5 | R73: =P73*Q73 -> 0.75 | S73: 0.3 | T73: 2.5 | U73: =S73*T73 -> 0.75 | V73: 0.3 | W73: 2.5 | X73: =V73*W73 -> 0.75 | Y73: 0.3 | Z73: 2.5 | AA73: =Y73*Z73 -> 0.75
C74: TOTAL | D74: =SUM(_xlfn.ANCHORARRAY(D64)) -> 3.9 | E74: =F74/D74 -> 0.66638462 | F74: =SUM(F64:F73) -> 2.5989 | G74: =SUM(_xlfn.ANCHORARRAY(G64)) -> 3.9 | H74: =I74/G74 -> 0.83735897 | I74: =SUM(I64:I73) -> 3.2657 | J74: =SUM(_xlfn.ANCHORARRAY(J64)) -> 3.9 | K74: =L74/J74 -> 1.0083333 | L74: =SUM(L64:L73) -> 3.9325 | M74: =SUM(_xlfn.ANCHORARRAY(M64)) -> 3.9 | N74: =O74/M74 -> 0.94846154 | O74: =SUM(O64:O73) -> 3.699 | P74: =SUM(_xlfn.ANCHORARRAY(P64)) -> 3.9 | Q74: =R74/P74 -> 2.2349744 | R74: =SUM(R64:R73) -> 8.7164 | S74: =SUM(_xlfn.ANCHORARRAY(S64)) -> 3.9 | T74: =U74/S74 -> 2.2349744 | U74: =SUM(U64:U73) -> 8.7164 | V74: =SUM(_xlfn.ANCHORARRAY(V64)) -> 3.9 | W74: =X74/V74 -> 2.2349744 | X74: =SUM(X64:X73) -> 8.7164 | Y74: =SUM(_xlfn.ANCHORARRAY(Y64)) -> 3.9 | Z74: =AA74/Y74 -> 2.2349744 | AA74: =SUM(AA64:AA73) -> 8.7164
A77: Case 5 | D77: LOAD Pt. M1 | G77: LOAD Pt. M2 | J77: LOAD Pt. M3 | M77: LOAD Pt. M4 | P77: LOAD Pt. M5 | S77: LOAD Pt. M6 | V77: LOAD Pt. M7 | Y77: LOAD Pt. M8
B78: COMPONENT FAILURE | D78: ʎ (f/yr) | E78: r (hrs) | F78: U (hours/year) | G78: ʎ (f/yr) | H78: r (hrs) | I78: U (hours/year) | J78: ʎ (f/yr) | K78: r (hrs) | L78: U (hours/year) | M78: ʎ (f/yr) | N78: r (hrs) | O78: U (hours/year) | P78: ʎ (f/yr) | Q78: r (hrs) | R78: U (hours/year) | S78: ʎ (f/yr) | T78: r (hrs) | U78: U (hours/year) | V78: ʎ (f/yr) | W78: r (hrs) | X78: U (hours/year) | Y78: ʎ (f/yr) | Z78: r (hrs) | AA78: U (hours/year)
B79: MAIN | C79: {='DATA AND SCENARIO'!$E$2:$E$11} -> A-B | D79: {='DATA AND SCENARIO'!$F$2:$F$11} -> 0.6 | E79: 2.5 | F79: =D79*E79 -> 1.5 | G79: {='DATA AND SCENARIO'!$F$2:$F$11} -> 0.6 | H79: 2.5 | I79: =G79*H79 -> 1.5 | J79: {='DATA AND SCENARIO'!$F$2:$F$11} -> 0.6 | K79: 2.5 | L79: =J79*K79 -> 1.5 | M79: {='DATA AND SCENARIO'!$F$2:$F$11} -> 0.6 | N79: 2.5 | O79: =M79*N79 -> 1.5 | P79: {='DATA AND SCENARIO'!$F$2:$F$11} -> 0.6 | Q79: 2.5 | R79: =P79*Q79 -> 1.5 | S79: {='DATA AND SCENARIO'!$F$2:$F$11} -> 0.6 | T79: 2.5 | U79: =S79*T79 -> 1.5 | V79: {='DATA AND SCENARIO'!$F$2:$F$11} -> 0.6 | W79: 2.5 | X79: =V79*W79 -> 1.5 | Y79: {='DATA AND SCENARIO'!$F$2:$F$11} -> 0.6 | Z79: 2.5 | AA79: =Y79*Z79 -> 1.5
C80: B-C | D80: 0.4 | E80: 0.333 | F80: =D80*E80 -> 0.1332 | G80: 0.4 | H80: 2 | I80: =G80*H80 -> 0.8 | J80: 0.4 | K80: 2 | L80: =J80*K80 -> 0.8 | M80: 0.4 | N80: 0.333 | O80: =M80*N80 -> 0.1332 | P80: 0.4 | Q80: 0.333 | R80: =P80*Q80 -> 0.1332 | S80: 0.4 | T80: 0.333 | U80: =S80*T80 -> 0.1332 | V80: 0.4 | W80: 0.333 | X80: =V80*W80 -> 0.1332 | Y80: 0.4 | Z80: 0.333 | AA80: =Y80*Z80 -> 0.1332
C81: C-D | D81: 0.4 | E81: 0.333 | F81: =D81*E81 -> 0.1332 | G81: 0.4 | H81: 0.333 | I81: =G81*H81 -> 0.1332 | J81: 0.4 | K81: 2 | L81: =J81*K81 -> 0.8 | M81: 0.4 | N81: 0.333 | O81: =M81*N81 -> 0.1332 | P81: 0.4 | Q81: 0.333 | R81: =P81*Q81 -> 0.1332 | S81: 0.4 | T81: 0.333 | U81: =S81*T81 -> 0.1332 | V81: 0.4 | W81: 0.333 | X81: =V81*W81 -> 0.1332 | Y81: 0.4 | Z81: 0.333 | AA81: =Y81*Z81 -> 0.1332
C82: B-E | D82: 0.3 | E82: 0.333 | F82: =D82*E82 -> 0.0999 | G82: 0.3 | H82: 0.333 | I82: =G82*H82 -> 0.0999 | J82: 0.3 | K82: 0.333 | L82: =J82*K82 -> 0.0999 | M82: 0.3 | N82: 4 | O82: =M82*N82 -> 1.2 | P82: 0.3 | Q82: 4 | R82: =P82*Q82 -> 1.2 | S82: 0.3 | T82: 4 | U82: =S82*T82 -> 1.2 | V82: 0.3 | W82: 4 | X82: =V82*W82 -> 1.2 | Y82: 0.3 | Z82: 4 | AA82: =Y82*Z82 -> 1.2
C83: E-F | D83: 0.3 | E83: 0.333 | F83: =D83*E83 -> 0.0999 | G83: 0.3 | H83: 0.333 | I83: =G83*H83 -> 0.0999 | J83: 0.3 | K83: 0.333 | L83: =J83*K83 -> 0.0999 | M83: 0.3 | N83: 0.333 | O83: =M83*N83 -> 0.0999 | P83: 0.3 | Q83: 3 | R83: =P83*Q83 -> 0.9 | S83: 0.3 | T83: 3 | U83: =S83*T83 -> 0.9 | V83: 0.3 | W83: 3 | X83: =V83*W83 -> 0.9 | Y83: 0.3 | Z83: 3 | AA83: =Y83*Z83 -> 0.9
C84: F-G | D84: 0.6 | E84: 0.333 | F84: =D84*E84 -> 0.1998 | G84: 0.6 | H84: 0.333 | I84: =G84*H84 -> 0.1998 | J84: 0.6 | K84: 0.333 | L84: =J84*K84 -> 0.1998 | M84: 0.6 | N84: 0.333 | O84: =M84*N84 -> 0.1998 | P84: 0.6 | Q84: 2.5 | R84: =P84*Q84 -> 1.5 | S84: 0.6 | T84: 0.333 | U84: =S84*T84 -> 0.1998 | V84: 0.6 | W84: 0.333 | X84: =V84*W84 -> 0.1998 | Y84: 0.6 | Z84: 0.333 | AA84: =Y84*Z84 -> 0.1998
C85: F-H | D85: 0.5 | E85: 0.333 | F85: =D85*E85 -> 0.1665 | G85: 0.5 | H85: 0.333 | I85: =G85*H85 -> 0.1665 | J85: 0.5 | K85: 0.333 | L85: =J85*K85 -> 0.1665 | M85: 0.5 | N85: 0.333 | O85: =M85*N85 -> 0.1665 | P85: 0.5 | Q85: 3 | R85: =P85*Q85 -> 1.5 | S85: 0.5 | T85: 3 | U85: =S85*T85 -> 1.5 | V85: 0.5 | W85: 3 | X85: =V85*W85 -> 1.5 | Y85: 0.5 | Z85: 3 | AA85: =Y85*Z85 -> 1.5
C86: H-I | D86: 0.3 | E86: 0.333 | F86: =D86*E86 -> 0.0999 | G86: 0.3 | H86: 0.333 | I86: =G86*H86 -> 0.0999 | J86: 0.3 | K86: 0.333 | L86: =J86*K86 -> 0.0999 | M86: 0.3 | N86: 0.333 | O86: =M86*N86 -> 0.0999 | P86: 0.3 | Q86: 3 | R86: =P86*Q86 -> 0.9 | S86: 0.3 | T86: 3 | U86: =S86*T86 -> 0.9 | V86: 0.3 | W86: 3 | X86: =V86*W86 -> 0.9 | Y86: 0.3 | Z86: 3 | AA86: =Y86*Z86 -> 0.9
C87: I-J | D87: 0.2 | E87: 0.333 | F87: =D87*E87 -> 0.0666 | G87: 0.2 | H87: 0.333 | I87: =G87*H87 -> 0.0666 | J87: 0.2 | K87: 0.333 | L87: =J87*K87 -> 0.0666 | M87: 0.2 | N87: 0.333 | O87: =M87*N87 -> 0.0666 | P87: 0.2 | Q87: 1 | R87: =P87*Q87 -> 0.2 | S87: 0.2 | T87: 1 | U87: =S87*T87 -> 0.2 | V87: 0.2 | W87: 1 | X87: =V87*W87 -> 0.2 | Y87: 0.2 | Z87: 1 | AA87: =Y87*Z87 -> 0.2
C88: I-K | D88: 0.3 | E88: 0.333 | F88: =D88*E88 -> 0.0999 | G88: 0.3 | H88: 0.333 | I88: =G88*H88 -> 0.0999 | J88: 0.3 | K88: 0.333 | L88: =J88*K88 -> 0.0999 | M88: 0.3 | N88: 0.333 | O88: =M88*N88 -> 0.0999 | P88: 0.3 | Q88: 2.5 | R88: =P88*Q88 -> 0.75 | S88: 0.3 | T88: 2.5 | U88: =S88*T88 -> 0.75 | V88: 0.3 | W88: 2.5 | X88: =V88*W88 -> 0.75 | Y88: 0.3 | Z88: 2.5 | AA88: =Y88*Z88 -> 0.75
C89: TOTAL | D89: =SUM(_xlfn.ANCHORARRAY(D79)) -> 3.9 | E89: =F89/D89 -> 0.66638462 | F89: =SUM(F79:F88) -> 2.5989 | G89: =SUM(_xlfn.ANCHORARRAY(G79)) -> 3.9 | H89: =I89/G89 -> 0.83735897 | I89: =SUM(I79:I88) -> 3.2657 | J89: =SUM(_xlfn.ANCHORARRAY(J79)) -> 3.9 | K89: =L89/J89 -> 1.0083333 | L89: =SUM(L79:L88) -> 3.9325 | M89: =SUM(_xlfn.ANCHORARRAY(M79)) -> 3.9 | N89: =O89/M89 -> 0.94846154 | O89: =SUM(O79:O88) -> 3.699 | P89: =SUM(_xlfn.ANCHORARRAY(P79)) -> 3.9 | Q89: =R89/P89 -> 2.2349744 | R89: =SUM(R79:R88) -> 8.7164 | S89: =SUM(_xlfn.ANCHORARRAY(S79)) -> 3.9 | T89: =U89/S89 -> 1.9015897 | U89: =SUM(U79:U88) -> 7.4162 | V89: =SUM(_xlfn.ANCHORARRAY(V79)) -> 3.9 | W89: =X89/V89 -> 1.9015897 | X89: =SUM(X79:X88) -> 7.4162 | Y89: =SUM(_xlfn.ANCHORARRAY(Y79)) -> 3.9 | Z89: =AA89/Y89 -> 1.9015897 | AA89: =SUM(AA79:AA88) -> 7.4162
A92: Case 6 | D92: LOAD Pt. M1 | G92: LOAD Pt. M2 | J92: LOAD Pt. M3 | M92: LOAD Pt. M4 | P92: LOAD Pt. M5 | S92: LOAD Pt. M6 | V92: LOAD Pt. M7 | Y92: LOAD Pt. M8
B93: COMPONENT FAILURE | D93: ʎ (f/yr) | E93: r (hrs) | F93: U (hours/year) | G93: ʎ (f/yr) | H93: r (hrs) | I93: U (hours/year) | J93: ʎ (f/yr) | K93: r (hrs) | L93: U (hours/year) | M93: ʎ (f/yr) | N93: r (hrs) | O93: U (hours/year) | P93: ʎ (f/yr) | Q93: r (hrs) | R93: U (hours/year) | S93: ʎ (f/yr) | T93: r (hrs) | U93: U (hours/year) | V93: ʎ (f/yr) | W93: r (hrs) | X93: U (hours/year) | Y93: ʎ (f/yr) | Z93: r (hrs) | AA93: U (hours/year)
B94: MAIN | C94: {='DATA AND SCENARIO'!$E$2:$E$11} -> A-B | D94: {='DATA AND SCENARIO'!$F$2:$F$11} -> 0.6 | E94: 2.5 | F94: =D94*E94 -> 1.5 | G94: {='DATA AND SCENARIO'!$F$2:$F$11} -> 0.6 | H94: 2.5 | I94: =G94*H94 -> 1.5 | J94: {='DATA AND SCENARIO'!$F$2:$F$11} -> 0.6 | K94: 2.5 | L94: =J94*K94 -> 1.5 | M94: {='DATA AND SCENARIO'!$F$2:$F$11} -> 0.6 | N94: 2.5 | O94: =M94*N94 -> 1.5 | P94: {='DATA AND SCENARIO'!$F$2:$F$11} -> 0.6 | Q94: 2.5 | R94: =P94*Q94 -> 1.5 | S94: {='DATA AND SCENARIO'!$F$2:$F$11} -> 0.6 | T94: 2.5 | U94: =S94*T94 -> 1.5 | V94: {='DATA AND SCENARIO'!$F$2:$F$11} -> 0.6 | W94: 2.5 | X94: =V94*W94 -> 1.5 | Y94: {='DATA AND SCENARIO'!$F$2:$F$11} -> 0.6 | Z94: 2.5 | AA94: =Y94*Z94 -> 1.5
C95: B-C | D95: 0.4 | E95: 0.333 | F95: =D95*E95 -> 0.1332 | G95: 0.4 | H95: 2 | I95: =G95*H95 -> 0.8 | J95: 0.4 | K95: 2 | L95: =J95*K95 -> 0.8 | M95: 0.4 | N95: 0.333 | O95: =M95*N95 -> 0.1332 | P95: 0.4 | Q95: 0.333 | R95: =P95*Q95 -> 0.1332 | S95: 0.4 | T95: 0.333 | U95: =S95*T95 -> 0.1332 | V95: 0.4 | W95: 0.333 | X95: =V95*W95 -> 0.1332 | Y95: 0.4 | Z95: 0.333 | AA95: =Y95*Z95 -> 0.1332
C96: C-D | D96: 0.4 | E96: 0.333 | F96: =D96*E96 -> 0.1332 | G96: 0.4 | H96: 0.333 | I96: =G96*H96 -> 0.1332 | J96: 0.4 | K96: 2 | L96: =J96*K96 -> 0.8 | M96: 0.4 | N96: 0.333 | O96: =M96*N96 -> 0.1332 | P96: 0.4 | Q96: 0.333 | R96: =P96*Q96 -> 0.1332 | S96: 0.4 | T96: 0.333 | U96: =S96*T96 -> 0.1332 | V96: 0.4 | W96: 0.333 | X96: =V96*W96 -> 0.1332 | Y96: 0.4 | Z96: 0.333 | AA96: =Y96*Z96 -> 0.1332
C97: B-E | D97: 0.3 | E97: 0.333 | F97: =D97*E97 -> 0.0999 | G97: 0.3 | H97: 0.333 | I97: =G97*H97 -> 0.0999 | J97: 0.3 | K97: 0.333 | L97: =J97*K97 -> 0.0999 | M97: 0.3 | N97: 4 | O97: =M97*N97 -> 1.2 | P97: 0.3 | Q97: 4 | R97: =P97*Q97 -> 1.2 | S97: 0.3 | T97: 4 | U97: =S97*T97 -> 1.2 | V97: 0.3 | W97: 4 | X97: =V97*W97 -> 1.2 | Y97: 0.3 | Z97: 4 | AA97: =Y97*Z97 -> 1.2
C98: E-F | D98: 0.3 | E98: 0.333 | F98: =D98*E98 -> 0.0999 | G98: 0.3 | H98: 0.333 | I98: =G98*H98 -> 0.0999 | J98: 0.3 | K98: 0.333 | L98: =J98*K98 -> 0.0999 | M98: 0.3 | N98: 0.333 | O98: =M98*N98 -> 0.0999 | P98: 0.3 | Q98: 3 | R98: =P98*Q98 -> 0.9 | S98: 0.3 | T98: 3 | U98: =S98*T98 -> 0.9 | V98: 0.3 | W98: 3 | X98: =V98*W98 -> 0.9 | Y98: 0.3 | Z98: 3 | AA98: =Y98*Z98 -> 0.9
C99: F-G | D99: 0.6 | E99: 0.333 | F99: =D99*E99 -> 0.1998 | G99: 0.6 | H99: 0.333 | I99: =G99*H99 -> 0.1998 | J99: 0.6 | K99: 0.333 | L99: =J99*K99 -> 0.1998 | M99: 0.6 | N99: 0.333 | O99: =M99*N99 -> 0.1998 | P99: 0.6 | Q99: 2.5 | R99: =P99*Q99 -> 1.5 | S99: 0.6 | T99: 0.333 | U99: =S99*T99 -> 0.1998 | V99: 0.6 | W99: 0.333 | X99: =V99*W99 -> 0.1998 | Y99: 0.6 | Z99: 0.333 | AA99: =Y99*Z99 -> 0.1998
C100: F-H | D100: 0.5 | E100: 0.333 | F100: =D100*E100 -> 0.1665 | G100: 0.5 | H100: 0.333 | I100: =G100*H100 -> 0.1665 | J100: 0.5 | K100: 0.333 | L100: =J100*K100 -> 0.1665 | M100: 0.5 | N100: 0.333 | O100: =M100*N100 -> 0.1665 | P100: 0.5 | Q100: 0.333 | R100: =P100*Q100 -> 0.1665 | S100: 0.5 | T100: 3 | U100: =S100*T100 -> 1.5 | V100: 0.5 | W100: 3 | X100: =V100*W100 -> 1.5 | Y100: 0.5 | Z100: 3 | AA100: =Y100*Z100 -> 1.5
C101: H-I | D101: 0.3 | E101: 0.333 | F101: =D101*E101 -> 0.0999 | G101: 0.3 | H101: 0.333 | I101: =G101*H101 -> 0.0999 | J101: 0.3 | K101: 0.333 | L101: =J101*K101 -> 0.0999 | M101: 0.3 | N101: 0.333 | O101: =M101*N101 -> 0.0999 | P101: 0.3 | Q101: 0.333 | R101: =P101*Q101 -> 0.0999 | S101: 0.3 | T101: 3 | U101: =S101*T101 -> 0.9 | V101: 0.3 | W101: 3 | X101: =V101*W101 -> 0.9 | Y101: 0.3 | Z101: 3 | AA101: =Y101*Z101 -> 0.9
C102: I-J | D102: 0.2 | E102: 0.333 | F102: =D102*E102 -> 0.0666 | G102: 0.2 | H102: 0.333 | I102: =G102*H102 -> 0.0666 | J102: 0.2 | K102: 0.333 | L102: =J102*K102 -> 0.0666 | M102: 0.2 | N102: 0.333 | O102: =M102*N102 -> 0.0666 | P102: 0.2 | Q102: 0.333 | R102: =P102*Q102 -> 0.0666 | S102: 0.2 | T102: 1 | U102: =S102*T102 -> 0.2 | V102: 0.2 | W102: 1 | X102: =V102*W102 -> 0.2 | Y102: 0.2 | Z102: 1 | AA102: =Y102*Z102 -> 0.2
C103: I-K | D103: 0.3 | E103: 0.333 | F103: =D103*E103 -> 0.0999 | G103: 0.3 | H103: 0.333 | I103: =G103*H103 -> 0.0999 | J103: 0.3 | K103: 0.333 | L103: =J103*K103 -> 0.0999 | M103: 0.3 | N103: 0.333 | O103: =M103*N103 -> 0.0999 | P103: 0.3 | Q103: 0.333 | R103: =P103*Q103 -> 0.0999 | S103: 0.3 | T103: 2.5 | U103: =S103*T103 -> 0.75 | V103: 0.3 | W103: 2.5 | X103: =V103*W103 -> 0.75 | Y103: 0.3 | Z103: 2.5 | AA103: =Y103*Z103 -> 0.75
C104: TOTAL | D104: =SUM(_xlfn.ANCHORARRAY(D94)) -> 3.9 | E104: =F104/D104 -> 0.66638462 | F104: =SUM(F94:F103) -> 2.5989 | G104: =SUM(_xlfn.ANCHORARRAY(G94)) -> 3.9 | H104: =I104/G104 -> 0.83735897 | I104: =SUM(I94:I103) -> 3.2657 | J104: =SUM(_xlfn.ANCHORARRAY(J94)) -> 3.9 | K104: =L104/J104 -> 1.0083333 | L104: =SUM(L94:L103) -> 3.9325 | M104: =SUM(_xlfn.ANCHORARRAY(M94)) -> 3.9 | N104: =O104/M104 -> 0.94846154 | O104: =SUM(O94:O103) -> 3.699 | P104: =SUM(_xlfn.ANCHORARRAY(P94)) -> 3.9 | Q104: =R104/P104 -> 1.487 | R104: =SUM(R94:R103) -> 5.7993 | S104: =SUM(_xlfn.ANCHORARRAY(S94)) -> 3.9 | T104: =U104/S104 -> 1.9015897 | U104: =SUM(U94:U103) -> 7.4162 | V104: =SUM(_xlfn.ANCHORARRAY(V94)) -> 3.9 | W104: =X104/V104 -> 1.9015897 | X104: =SUM(X94:X103) -> 7.4162 | Y104: =SUM(_xlfn.ANCHORARRAY(Y94)) -> 3.9 | Z104: =AA104/Y104 -> 1.9015897 | AA104: =SUM(AA94:AA103) -> 7.4162
A107: Case 7 | D107: LOAD Pt. M1 | G107: LOAD Pt. M2 | J107: LOAD Pt. M3 | M107: LOAD Pt. M4 | P107: LOAD Pt. M5 | S107: LOAD Pt. M6 | V107: LOAD Pt. M7 | Y107: LOAD Pt. M8
B108: COMPONENT FAILURE | D108: ʎ (f/yr) | E108: r (hrs) | F108: U (hours/year) | G108: ʎ (f/yr) | H108: r (hrs) | I108: U (hours/year) | J108: ʎ (f/yr) | K108: r (hrs) | L108: U (hours/year) | M108: ʎ (f/yr) | N108: r (hrs) | O108: U (hours/year) | P108: ʎ (f/yr) | Q108: r (hrs) | R108: U (hours/year) | S108: ʎ (f/yr) | T108: r (hrs) | U108: U (hours/year) | V108: ʎ (f/yr) | W108: r (hrs) | X108: U (hours/year) | Y108: ʎ (f/yr) | Z108: r (hrs) | AA108: U (hours/year)
B109: MAIN | C109: {='DATA AND SCENARIO'!$E$2:$E$11} -> A-B | D109: {='DATA AND SCENARIO'!$F$2:$F$11} -> 0.6 | E109: 2.5 | F109: =D109*E109 -> 1.5 | G109: {='DATA AND SCENARIO'!$F$2:$F$11} -> 0.6 | H109: 2.5 | I109: =G109*H109 -> 1.5 | J109: {='DATA AND SCENARIO'!$F$2:$F$11} -> 0.6 | K109: 2.5 | L109: =J109*K109 -> 1.5 | M109: {='DATA AND SCENARIO'!$F$2:$F$11} -> 0.6 | N109: 2.5 | O109: =M109*N109 -> 1.5 | P109: {='DATA AND SCENARIO'!$F$2:$F$11} -> 0.6 | Q109: 2.5 | R109: =P109*Q109 -> 1.5 | S109: {='DATA AND SCENARIO'!$F$2:$F$11} -> 0.6 | T109: 2.5 | U109: =S109*T109 -> 1.5 | V109: {='DATA AND SCENARIO'!$F$2:$F$11} -> 0.6 | W109: 2.5 | X109: =V109*W109 -> 1.5 | Y109: {='DATA AND SCENARIO'!$F$2:$F$11} -> 0.6 | Z109: 2.5 | AA109: =Y109*Z109 -> 1.5
C110: B-C | D110: 0.4 | E110: 0.333 | F110: =D110*E110 -> 0.1332 | G110: 0.4 | H110: 2 | I110: =G110*H110 -> 0.8 | J110: 0.4 | K110: 2 | L110: =J110*K110 -> 0.8 | M110: 0.4 | N110: 0.333 | O110: =M110*N110 -> 0.1332 | P110: 0.4 | Q110: 0.333 | R110: =P110*Q110 -> 0.1332 | S110: 0.4 | T110: 0.333 | U110: =S110*T110 -> 0.1332 | V110: 0.4 | W110: 0.333 | X110: =V110*W110 -> 0.1332 | Y110: 0.4 | Z110: 0.333 | AA110: =Y110*Z110 -> 0.1332
C111: C-D | D111: 0.4 | E111: 0.333 | F111: =D111*E111 -> 0.1332 | G111: 0.4 | H111: 0.333 | I111: =G111*H111 -> 0.1332 | J111: 0.4 | K111: 2 | L111: =J111*K111 -> 0.8 | M111: 0.4 | N111: 0.333 | O111: =M111*N111 -> 0.1332 | P111: 0.4 | Q111: 0.333 | R111: =P111*Q111 -> 0.1332 | S111: 0.4 | T111: 0.333 | U111: =S111*T111 -> 0.1332 | V111: 0.4 | W111: 0.333 | X111: =V111*W111 -> 0.1332 | Y111: 0.4 | Z111: 0.333 | AA111: =Y111*Z111 -> 0.1332
C112: B-E | D112: 0.3 | E112: 0.333 | F112: =D112*E112 -> 0.0999 | G112: 0.3 | H112: 0.333 | I112: =G112*H112 -> 0.0999 | J112: 0.3 | K112: 0.333 | L112: =J112*K112 -> 0.0999 | M112: 0.3 | N112: 4 | O112: =M112*N112 -> 1.2 | P112: 0.3 | Q112: 4 | R112: =P112*Q112 -> 1.2 | S112: 0.3 | T112: 4 | U112: =S112*T112 -> 1.2 | V112: 0.3 | W112: 4 | X112: =V112*W112 -> 1.2 | Y112: 0.3 | Z112: 4 | AA112: =Y112*Z112 -> 1.2
C113: E-F | D113: 0.3 | E113: 0.333 | F113: =D113*E113 -> 0.0999 | G113: 0.3 | H113: 0.333 | I113: =G113*H113 -> 0.0999 | J113: 0.3 | K113: 0.333 | L113: =J113*K113 -> 0.0999 | M113: 0.3 | N113: 0.333 | O113: =M113*N113 -> 0.0999 | P113: 0.3 | Q113: 3 | R113: =P113*Q113 -> 0.9 | S113: 0.3 | T113: 3 | U113: =S113*T113 -> 0.9 | V113: 0.3 | W113: 3 | X113: =V113*W113 -> 0.9 | Y113: 0.3 | Z113: 3 | AA113: =Y113*Z113 -> 0.9
C114: F-G | D114: 0.6 | E114: 0.333 | F114: =D114*E114 -> 0.1998 | G114: 0.6 | H114: 0.333 | I114: =G114*H114 -> 0.1998 | J114: 0.6 | K114: 0.333 | L114: =J114*K114 -> 0.1998 | M114: 0.6 | N114: 0.333 | O114: =M114*N114 -> 0.1998 | P114: 0.6 | Q114: 2.5 | R114: =P114*Q114 -> 1.5 | S114: 0.6 | T114: 0.333 | U114: =S114*T114 -> 0.1998 | V114: 0.6 | W114: 0.333 | X114: =V114*W114 -> 0.1998 | Y114: 0.6 | Z114: 0.333 | AA114: =Y114*Z114 -> 0.1998
C115: F-H | D115: 0.5 | E115: 0.333 | F115: =D115*E115 -> 0.1665 | G115: 0.5 | H115: 0.333 | I115: =G115*H115 -> 0.1665 | J115: 0.5 | K115: 0.333 | L115: =J115*K115 -> 0.1665 | M115: 0.5 | N115: 0.333 | O115: =M115*N115 -> 0.1665 | P115: 0.5 | Q115: 0.333 | R115: =P115*Q115 -> 0.1665 | S115: 0.5 | T115: 3 | U115: =S115*T115 -> 1.5 | V115: 0.5 | W115: 3 | X115: =V115*W115 -> 1.5 | Y115: 0.5 | Z115: 3 | AA115: =Y115*Z115 -> 1.5
...

Sheet RESULTS
B1: Case | C1: SAIFI (int/customer-yr) | D1: SAIDI (hours/customer-yr) | E1: CAIDI (hours/customer-interruption) | F1: ASUI | G1: ASAI | H1: ASCI (kWh/customer-yr) | I1: ENS (kWh) | J1: kWh saved | K1: Number of Switches | L1: kWh per Switch
B2: Base Case | C2: =('RELIABILITY INDICES'!D14*SUM('DATA AND SCENARIO'!B2:B9))/SUM('DATA AND SCENARIO'!B2:B9) -> 3.9 | D2: =(('DATA AND SCENARIO'!B2*C16)+('DATA AND SCENARIO'!B3*C17)+('DATA AND SCENARIO'!B4*C18)+('DATA AND SCENARIO'!B5*C19)+('DATA AND SCENARIO'!B6*C20)+('DATA AND SCENARIO'!B7*C21)+('DATA AND SCENARIO'!B8*C22)+('DATA AND SCENARIO'!B9*C23))/SUM('DATA AND SCENARIO'!B2:B9) -> 10.05 | E2: =D2/C2 -> 2.5769231 | F2: =D2/8760 -> 0.0011472603 | G2: =1-F2 -> 0.99885274 | H2: =(('DATA AND SCENARIO'!$C$2*C16)+('DATA AND SCENARIO'!$C$3*C17)+('DATA AND SCENARIO'!$C$4*C18)+('DATA AND SCENARIO'!$C$5*C19)+('DATA AND SCENARIO'!$C$6*C20)+('DATA AND SCENARIO'!$C$7*C21)+('DATA AND SCENARIO'!$C$8*C22)+('DATA AND SCENARIO'!$C$9*C23))/SUM('DATA AND SCENARIO'!$B$2:$B$9) -> 5.0674138 | I2: =H2*SUM('DATA AND SCENARIO'!$B$2:$B$9) -> 520996.02 | J2: =$I$2-I2 -> 0 | K2: 0 | L2: 0
B3: Case 01 | C3: =('RELIABILITY INDICES'!D14*SUM('DATA AND SCENARIO'!B2:B9))/SUM('DATA AND SCENARIO'!B2:B9) -> 3.9 | D3: =(('DATA AND SCENARIO'!$B$2*F16)+('DATA AND SCENARIO'!$B$3*F17)+('DATA AND SCENARIO'!$B$4*F18)+('DATA AND SCENARIO'!$B$5*F19)+('DATA AND SCENARIO'!$B$6*F20)+('DATA AND SCENARIO'!$B$7*F21)+('DATA AND SCENARIO'!$B$8*F22)+('DATA AND SCENARIO'!$B$9*F23))/SUM('DATA AND SCENARIO'!$B$2:$B$9) -> 8.8188719 | E3: =D3/C3 -> 2.2612492 | F3: =D3/8760 -> 0.0010067205 | G3: =1-F3 -> 0.99899328 | H3: =(('DATA AND SCENARIO'!$C$2*F16)+('DATA AND SCENARIO'!$C$3*F17)+('DATA AND SCENARIO'!$C$4*F18)+('DATA AND SCENARIO'!$C$5*F19)+('DATA AND SCENARIO'!$C$6*F20)+('DATA AND SCENARIO'!$C$7*F21)+('DATA AND SCENARIO'!$C$8*F22)+('DATA AND SCENARIO'!$C$9*F23))/SUM('DATA AND SCENARIO'!$B$2:$B$9) -> 4.4619325 | I3: =H3*SUM('DATA AND SCENARIO'!$B$2:$B$9) -> 458744.67 | J3: =$I$2-I3 -> 62251.354 | K3: 1 | L3: =J3/K3 -> 62251.354
B4: Case 02 | C4: =('RELIABILITY INDICES'!D14*SUM('DATA AND SCENARIO'!B2:B9))/SUM('DATA AND SCENARIO'!B2:B9) -> 3.9 | D4: =(('DATA AND SCENARIO'!$B$2*I16)+('DATA AND SCENARIO'!$B$3*I17)+('DATA AND SCENARIO'!$B$4*I18)+('DATA AND SCENARIO'!$B$5*I19)+('DATA AND SCENARIO'!$B$6*I20)+('DATA AND SCENARIO'!$B$7*I21)+('DATA AND SCENARIO'!$B$8*I22)+('DATA AND SCENARIO'!$B$9*I23))/SUM('DATA AND SCENARIO'!$B$2:$B$9) -> 8.8188654 | E4: =D4/C4 -> 2.2612475 | F4: =D4/8760 -> 0.0010067198 | G4: =1-F4 -> 0.99899328 | H4: =(('DATA AND SCENARIO'!$C$2*I16)+('DATA AND SCENARIO'!$C$3*I17)+('DATA AND SCENARIO'!$C$4*I18)+('DATA AND SCENARIO'!$C$5*I19)+('DATA AND SCENARIO'!$C$6*I20)+('DATA AND SCENARIO'!$C$7*I21)+('DATA AND SCENARIO'!$C$8*I22)+('DATA AND SCENARIO'!$C$9*I23))/SUM('DATA AND SCENARIO'!$B$2:$B$9) -> 4.445165 | I4: =H4*SUM('DATA AND SCENARIO'!$B$2:$B$9) -> 457020.75 | J4: =$I$2-I4 -> 63975.272 | K4: 2 | L4: =J4/K4 -> 31987.636
B5: Case 03 | C5: =('RELIABILITY INDICES'!D59*SUM('DATA AND SCENARIO'!B2:B9))/SUM('DATA AND SCENARIO'!B2:B9) -> 3.9 | D5: =(('DATA AND SCENARIO'!$B$2*L16)+('DATA AND SCENARIO'!$B$3*L17)+('DATA AND SCENARIO'!$B$4*L18)+('DATA AND SCENARIO'!$B$5*L19)+('DATA AND SCENARIO'!$B$6*L20)+('DATA AND SCENARIO'!$B$7*L21)+('DATA AND SCENARIO'!$B$8*L22)+('DATA AND SCENARIO'!$B$9*L23))/SUM('DATA AND SCENARIO'!$B$2:$B$9) -> 6.2748903 | E5: =D5/C5 -> 1.6089462 | F5: =D5/8760 -> 0.00071631168 | G5: =1-F5 -> 0.99928369 | H5: =(('DATA AND SCENARIO'!$C$2*L16)+('DATA AND SCENARIO'!$C$3*L17)+('DATA AND SCENARIO'!$C$4*L18)+('DATA AND SCENARIO'!$C$5*L19)+('DATA AND SCENARIO'!$C$6*L20)+('DATA AND SCENARIO'!$C$7*L21)+('DATA AND SCENARIO'!$C$8*L22)+('DATA AND SCENARIO'!$C$9*L23))/SUM('DATA AND SCENARIO'!$B$2:$B$9) -> 3.0024357 | I5: =H5*SUM('DATA AND SCENARIO'!$B$2:$B$9) -> 308689.42 | J5: =$I$2-I5 -> 212306.6 | K5: 3 | L5: =J5/K5 -> 70768.867
B6: Case 04 | C6: =('RELIABILITY INDICES'!D74*SUM('DATA AND SCENARIO'!B2:B9))/SUM('DATA AND SCENARIO'!B2:B9) -> 3.9 | D6: =(('DATA AND SCENARIO'!$B$2*O16)+('DATA AND SCENARIO'!$B$3*O17)+('DATA AND SCENARIO'!$B$4*O18)+('DATA AND SCENARIO'!$B$5*O19)+('DATA AND SCENARIO'!$B$6*O20)+('DATA AND SCENARIO'!$B$7*O21)+('DATA AND SCENARIO'!$B$8*O22)+('DATA AND SCENARIO'!$B$9*O23))/SUM('DATA AND SCENARIO'!$B$2:$B$9) -> 5.8480748 | E6: =D6/C6 -> 1.4995064 | F6: =D6/8760 -> 0.00066758845 | G6: =1-F6 -> 0.99933241 | H6: =(('DATA AND SCENARIO'!$C$2*O16)+('DATA AND SCENARIO'!$C$3*O17)+('DATA AND SCENARIO'!$C$4*O18)+('DATA AND SCENARIO'!$C$5*O19)+('DATA AND SCENARIO'!$C$6*O20)+('DATA AND SCENARIO'!$C$7*O21)+('DATA AND SCENARIO'!$C$8*O22)+('DATA AND SCENARIO'!$C$9*O23))/SUM('DATA AND SCENARIO'!$B$2:$B$9) -> 2.5390852 | I6: =H6*SUM('DATA AND SCENARIO'!$B$2:$B$9) -> 261050.96 | J6: =$I$2-I6 -> 259945.06 | K6: 4 | L6: =J6/K6 -> 64986.264
B7: Case 05 | C7: =('RELIABILITY INDICES'!D89*SUM('DATA AND SCENARIO'!B3:B10))/SUM('DATA AND SCENARIO'!B3:B10) -> 3.9 | D7: =(('DATA AND SCENARIO'!$B$2*R16)+('DATA AND SCENARIO'!$B$3*R17)+('DATA AND SCENARIO'!$B$4*R18)+('DATA AND SCENARIO'!$B$5*R19)+('DATA AND SCENARIO'!$B$6*R20)+('DATA AND SCENARIO'!$B$7*R21)+('DATA AND SCENARIO'!$B$8*R22)+('DATA AND SCENARIO'!$B$9*R23))/SUM('DATA AND SCENARIO'!$B$2:$B$9) -> 5.3400619 | E7: =D7/C7 -> 1.3692466 | F7: =D7/8760 -> 0.0006095961 | G7: =1-F7 -> 0.9993904 | H7: =(('DATA AND SCENARIO'!$C$2*R16)+('DATA AND SCENARIO'!$C$3*R17)+('DATA AND SCENARIO'!$C$4*R18)+('DATA AND SCENARIO'!$C$5*R19)+('DATA AND SCENARIO'!$C$6*R20)+('DATA AND SCENARIO'!$C$7*R21)+('DATA AND SCENARIO'!$C$8*R22)+('DATA AND SCENARIO'!$C$9*R23))/SUM('DATA AND SCENARIO'!$B$2:$B$9) -> 2.357518 | I7: =H7*SUM('DATA AND SCENARIO'!$B$2:$B$9) -> 242383.5 | J7: =$I$2-I7 -> 278612.52 | K7: 5 | L7: =J7/K7 -> 55722.505
B8: Case 06 | C8: =('RELIABILITY INDICES'!D104*SUM('DATA AND SCENARIO'!B4:B11))/SUM('DATA AND SCENARIO'!B4:B11) -> 3.9 | D8: =(('DATA AND SCENARIO'!$B$2*U16)+('DATA AND SCENARIO'!$B$3*U17)+('DATA AND SCENARIO'!$B$4*U18)+('DATA AND SCENARIO'!$B$5*U19)+('DATA AND SCENARIO'!$B$6*U20)+('DATA AND SCENARIO'!$B$7*U21)+('DATA AND SCENARIO'!$B$8*U22)+('DATA AND SCENARIO'!$B$9*U23))/SUM('DATA AND SCENARIO'!$B$2:$B$9) -> 5.0239597 | E8: =D8/C8 -> 1.2881948 | F8: =D8/8760 -> 0.00057351138 | G8: =1-F8 -> 0.99942649 | H8: =(('DATA AND SCENARIO'!$C$2*U16)+('DATA AND SCENARIO'!$C$3*U17)+('DATA AND SCENARIO'!$C$4*U18)+('DATA AND SCENARIO'!$C$5*U19)+('DATA AND SCENARIO'!$C$6*U20)+('DATA AND SCENARIO'!$C$7*U21)+('DATA AND SCENARIO'!$C$8*U22)+('DATA AND SCENARIO'!$C$9*U23))/SUM('DATA AND SCENARIO'!$B$2:$B$9) -> 2.251366 | I8: =H8*SUM('DATA AND SCENARIO'!$B$2:$B$9) -> 231469.69 | J8: =$I$2-I8 -> 289526.33 | K8: 6 | L8: =J8/K8 -> 48254.388
B9: Case 07 | C9: =('RELIABILITY INDICES'!D119*SUM('DATA AND SCENARIO'!B5:B12))/SUM('DATA AND SCENARIO'!B5:B12) -> 3.9 | D9: =(('DATA AND SCENARIO'!$B$2*X16)+('DATA AND SCENARIO'!$B$3*X17)+('DATA AND SCENARIO'!$B$4*X18)+('DATA AND SCENARIO'!$B$5*X19)+('DATA AND SCENARIO'!$B$6*X20)+('DATA AND SCENARIO'!$B$7*X21)+('DATA AND SCENARIO'!$B$8*X22)+('DATA AND SCENARIO'!$B$9*X23))/SUM('DATA AND SCENARIO'!$B$2:$B$9) -> 4.9689159 | E9: =D9/C9 -> 1.274081 | F9: =D9/8760 -> 0.00056722784 | G9: =1-F9 -> 0.99943277 | H9: =(('DATA AND SCENARIO'!$C$2*X16)+('DATA AND SCENARIO'!$C$3*X17)+('DATA AND SCENARIO'!$C$4*X18)+('DATA AND SCENARIO'!$C$5*X19)+('DATA AND SCENARIO'!$C$6*X20)+('DATA AND SCENARIO'!$C$7*X21)+('DATA AND SCENARIO'!$C$8*X22)+('DATA AND SCENARIO'!$C$9*X23))/SUM('DATA AND SCENARIO'!$B$2:$B$9) -> 2.2300588 | I9: =H9*SUM('DATA AND SCENARIO'!$B$2:$B$9) -> 229279.03 | J9: =$I$2-I9 -> 291716.99 | K9: 7 | L9: =J9/K9 -> 41673.855
B10: Case 08 | C10: =('RELIABILITY INDICES'!D134*SUM(RESULTS!#REF!))/SUM(RESULTS!#REF!) -> #REF! | D10: =(('DATA AND SCENARIO'!$B$2*AA16)+('DATA AND SCENARIO'!$B$3*AA17)+('DATA AND SCENARIO'!$B$4*AA18)+('DATA AND SCENARIO'!$B$5*AA19)+('DATA AND SCENARIO'!$B$6*AA20)+('DATA AND SCENARIO'!$B$7*AA21)+('DATA AND SCENARIO'!$B$8*AA22)+('DATA AND SCENARIO'!$B$9*AA23))/SUM('DATA AND SCENARIO'!$B$2:$B$9) -> 4.7043777 | E10: =D10/C10 -> #REF! | F10: =D10/8760 -> 0.00053702941 | G10: =1-F10 -> 0.99946297 | H10: =(('DATA AND SCENARIO'!$C$2*AA16)+('DATA AND SCENARIO'!$C$3*AA17)+('DATA AND SCENARIO'!$C$4*AA18)+('DATA AND SCENARIO'!$C$5*AA19)+('DATA AND SCENARIO'!$C$6*AA20)+('DATA AND SCENARIO'!$C$7*AA21)+('DATA AND SCENARIO'!$C$8*AA22)+('DATA AND SCENARIO'!$C$9*AA23))/SUM('DATA AND SCENARIO'!$B$2:$B$9) -> 2.1460134 | I10: =H10*SUM('DATA AND SCENARIO'!$B$2:$B$9) -> 220638.07 | J10: =$I$2-I10 -> 300357.95 | K10: 8 | L10: =J10/K10 -> 37544.743
B15: BASE CASE | C15: U (hours/year) | E15: CASE 1 | F15: U (hours/year) | H15: CASE 2 | I15: U (hours/year) | K15: CASE 3 | L15: U (hours/year) | N15: CASE 4 | O15: U (hours/year) | Q15: CASE 5 | R15: U (hours/year) | T15: CASE 6 | U15: U (hours/year) | W15: CASE 7 | X15: U (hours/year) | Z15: CASE 8 | AA15: U (hours/year)
B16: M1 | C16: ='RELIABILITY INDICES'!F14 -> 10.05 | E16: M1 | F16: ='RELIABILITY INDICES'!$F29 -> 8.7164 | H16: M1 | I16: ='RELIABILITY INDICES'!$F44 -> 8.7164 | K16: M1 | L16: ='RELIABILITY INDICES'!$F59 -> 2.5989 | N16: M1 | O16: ='RELIABILITY INDICES'!$F74 -> 2.5989 | Q16: M1 | R16: ='RELIABILITY INDICES'!$F89 -> 2.5989 | T16: M1 | U16: ='RELIABILITY INDICES'!$F104 -> 2.5989 | W16: M1 | X16: ='RELIABILITY INDICES'!$F119 -> 2.5989 | Z16: M1 | AA16: ='RELIABILITY INDICES'!$F134 -> 2.5989
B17: M2 | C17: ='RELIABILITY INDICES'!I14 -> 10.05 | E17: M2 | F17: ='RELIABILITY INDICES'!$I29 -> 10.05 | H17: M2 | I17: ='RELIABILITY INDICES'!$I44 -> 9.3832 | K17: M2 | L17: ='RELIABILITY INDICES'!$I59 -> 3.2657 | N17: M2 | O17: ='RELIABILITY INDICES'!$I74 -> 3.2657 | Q17: M2 | R17: ='RELIABILITY INDICES'!$I89 -> 3.2657 | T17: M2 | U17: ='RELIABILITY INDICES'!$I104 -> 3.2657 | W17: M2 | X17: ='RELIABILITY INDICES'!$I119 -> 3.2657 | Z17: M2 | AA17: ='RELIABILITY INDICES'!$I134 -> 3.2657
B18: M3 | C18: ='RELIABILITY INDICES'!L14 -> 10.05 | E18: M3 | F18: ='RELIABILITY INDICES'!$L29 -> 10.05 | H18: M3 | I18: ='RELIABILITY INDICES'!$L44 -> 10.05 | K18: M3 | L18: ='RELIABILITY INDICES'!$L59 -> 3.9325 | N18: M3 | O18: ='RELIABILITY INDICES'!$L74 -> 3.9325 | Q18: M3 | R18: ='RELIABILITY INDICES'!$L89 -> 3.9325 | T18: M3 | U18: ='RELIABILITY INDICES'!$L104 -> 3.9325 | W18: M3 | X18: ='RELIABILITY INDICES'!$L119 -> 3.9325 | Z18: M3 | AA18: ='RELIABILITY INDICES'!$L134 -> 3.9325
B19: M4 | C19: ='RELIABILITY INDICES'!O14 -> 10.05 | E19: M4 | F19: ='RELIABILITY INDICES'!$O29 -> 8.7164 | H19: M4 | I19: ='RELIABILITY INDICES'!$O44 -> 8.7164 | K19: M4 | L19: ='RELIABILITY INDICES'!$O59 -> 8.7164 | N19: M4 | O19: ='RELIABILITY INDICES'!$O74 -> 3.699 | Q19: M4 | R19: ='RELIABILITY INDICES'!$O89 -> 3.699 | T19: M4 | U19: ='RELIABILITY INDICES'!$O104 -> 3.699 | W19: M4 | X19: ='RELIABILITY INDICES'!$O119 -> 3.699 | Z19: M4 | AA19: ='RELIABILITY INDICES'!$O134 -> 3.699
B20: M5 | C20: ='RELIABILITY INDICES'!R14 -> 10.05 | E20: M5 | F20: ='RELIABILITY INDICES'!$R29 -> 8.7164 | H20: M5 | I20: ='RELIABILITY INDICES'!$R44 -> 8.7164 | K20: M5 | L20: ='RELIABILITY INDICES'!$R59 -> 8.7164 | N20: M5 | O20: ='RELIABILITY INDICES'!$R74 -> 8.7164 | Q20: M5 | R20: ='RELIABILITY INDICES'!$R89 -> 8.7164 | T20: M5 | U20: ='RELIABILITY INDICES'!$R104 -> 5.7993 | W20: M5 | X20: ='RELIABILITY INDICES'!$R119 -> 5.7993 | Z20: M5 | AA20: ='RELIABILITY INDICES'!$R134 -> 5.7993
B21: M6 | C21: ='RELIABILITY INDICES'!U14 -> 10.05 | E21: M6 | F21: ='RELIABILITY INDICES'!$U29 -> 8.7164 | H21: M6 | I21: ='RELIABILITY INDICES'!$U44 -> 8.7164 | K21: M6 | L21: ='RELIABILITY INDICES'!$U59 -> 8.7164 | N21: M6 | O21: ='RELIABILITY INDICES'!$U74 -> 8.7164 | Q21: M6 | R21: ='RELIABILITY INDICES'!$U89 -> 7.4162 | T21: M6 | U21: ='RELIABILITY INDICES'!$U104 -> 7.4162 | W21: M6 | X21: ='RELIABILITY INDICES'!$U119 -> 6.6327 | Z21: M6 | AA21: ='RELIABILITY INDICES'!$U134 -> 5.8326
B22: M7 | C22: ='RELIABILITY INDICES'!X14 -> 10.05 | E22: M7 | F22: ='RELIABILITY INDICES'!$X29 -> 8.7164 | H22: M7 | I22: ='RELIABILITY INDICES'!$X44 -> 8.7164 | K22: M7 | L22: ='RELIABILITY INDICES'!$X59 -> 8.7164 | N22: M7 | O22: ='RELIABILITY INDICES'!$X74 -> 8.7164 | Q22: M7 | R22: ='RELIABILITY INDICES'!$X89 -> 7.4162 | T22: M7 | U22: ='RELIABILITY INDICES'!$X104 -> 7.4162 | W22: M7 | X22: ='RELIABILITY INDICES'!$X119 -> 7.4162 | Z22: M7 | AA22: ='RELIABILITY INDICES'!$X134 -> 6.7661
B23: M8 | C23: ='RELIABILITY INDICES'!AA14 -> 10.05 | E23: M8 | F23: ='RELIABILITY INDICES'!$AA29 -> 8.7164 | H23: M8 | I23: ='RELIABILITY INDICES'!$AA44 -> 8.7164 | K23: M8 | L23: ='RELIABILITY INDICES'!$AA59 -> 8.7164 | N23: M8 | O23: ='RELIABILITY INDICES'!$AA74 -> 8.7164 | Q23: M8 | R23: ='RELIABILITY INDICES'!$AA89 -> 7.4162 | T23: M8 | U23: ='RELIABILITY INDICES'!$AA104 -> 7.4162 | W23: M8 | X23: ='RELIABILITY INDICES'!$AA119 -> 7.4162 | Z23: M8 | AA23: ='RELIABILITY INDICES'!$AA134 -> 7.4162
